{
  "type": "FeatureCollection",
  "name": "Mi Croquis Mental de Morelia - ivan",
  "crs": {
    "type": "name",
    "properties": {
      "name": "urn:ogc:def:crs:OGC:1.3:CRS84"
    }
  },
  "properties": {
    "participante": "ivan",
    "fecha": "2026-09-22",
    "dia_semana": "Martes",
    "hora": "12:15:45",
    "fecha_hora": "2026-09-22T12:15:45.866652",
    "timestamp": 1790100945,
    "puntaje_global": 67,
    "dificultad": "hard",
    "total_capas_trazadas": 8,
    "clientId": "b66675ee-7a42-4cff-98de-4b57aba579c2",
    "perLineScores": {
      "el-libramiento": 78,
      "calzada-la-huerta": 58,
      "rio-chiquito": 87,
      "acueducto-de-morelia": 23,
      "avenida-madero": 91,
      "rio-grande": 58,
      "av-morelos": 63,
      "calzada-ventura-puente": 77
    },
    "metadatos": {
      "difficulty": "hard",
      "playerName": "ivan"
    }
  },
  "features": [
    {
      "type": "Feature",
      "properties": {
        "id": "el-libramiento",
        "nombre": "El Libramiento",
        "color": "#7c3aed",
        "puntaje": 78,
        "longitud_metros": 22785.7,
        "participante": "ivan",
        "fecha": "2026-09-22",
        "dia_semana": "Martes",
        "hora": "12:15:45",
        "dificultad": "hard",
        "clientId": "b66675ee-7a42-4cff-98de-4b57aba579c2"
      },
      "geometry": {
        "type": "LineString",
        "coordinates": [
          [
            -101.224061,
            19.720286
          ],
          [
            -101.224595,
            19.719153
          ],
          [
            -101.224729,
            19.718776
          ],
          [
            -101.224595,
            19.719153
          ],
          [
            -101.224595,
            19.719531
          ],
          [
            -101.224997,
            19.719657
          ],
          [
            -101.224595,
            19.719908
          ],
          [
            -101.224194,
            19.720034
          ],
          [
            -101.223793,
            19.72016
          ],
          [
            -101.223258,
            19.72016
          ],
          [
            -101.222857,
            19.72016
          ],
          [
            -101.222456,
            19.720286
          ],
          [
            -101.222055,
            19.720286
          ],
          [
            -101.221654,
            19.720412
          ],
          [
            -101.221253,
            19.720412
          ],
          [
            -101.220851,
            19.720538
          ],
          [
            -101.22045,
            19.720664
          ],
          [
            -101.220049,
            19.720664
          ],
          [
            -101.219648,
            19.72079
          ],
          [
            -101.219247,
            19.72079
          ],
          [
            -101.218846,
            19.72079
          ],
          [
            -101.218445,
            19.72079
          ],
          [
            -101.217642,
            19.72079
          ],
          [
            -101.216572,
            19.72079
          ],
          [
            -101.215235,
            19.72079
          ],
          [
            -101.213497,
            19.72079
          ],
          [
            -101.211358,
            19.720412
          ],
          [
            -101.209486,
            19.720286
          ],
          [
            -101.209084,
            19.72016
          ],
          [
            -101.208683,
            19.72016
          ],
          [
            -101.208282,
            19.72016
          ],
          [
            -101.207747,
            19.720412
          ],
          [
            -101.207346,
            19.720412
          ],
          [
            -101.206945,
            19.720664
          ],
          [
            -101.206143,
            19.720915
          ],
          [
            -101.205742,
            19.720915
          ],
          [
            -101.20534,
            19.720915
          ],
          [
            -101.204939,
            19.720915
          ],
          [
            -101.204404,
            19.721167
          ],
          [
            -101.203602,
            19.721167
          ],
          [
            -101.202933,
            19.721167
          ],
          [
            -101.202532,
            19.721167
          ],
          [
            -101.201997,
            19.721293
          ],
          [
            -101.201463,
            19.721293
          ],
          [
            -101.201061,
            19.721293
          ],
          [
            -101.20066,
            19.721545
          ],
          [
            -101.200259,
            19.721545
          ],
          [
            -101.199858,
            19.721545
          ],
          [
            -101.199457,
            19.721545
          ],
          [
            -101.199056,
            19.721545
          ],
          [
            -101.198521,
            19.721545
          ],
          [
            -101.19812,
            19.721545
          ],
          [
            -101.197719,
            19.721545
          ],
          [
            -101.197317,
            19.721419
          ],
          [
            -101.196916,
            19.721419
          ],
          [
            -101.196381,
            19.721293
          ],
          [
            -101.19598,
            19.721167
          ],
          [
            -101.194777,
            19.720915
          ],
          [
            -101.194242,
            19.720664
          ],
          [
            -101.193841,
            19.720538
          ],
          [
            -101.19344,
            19.720412
          ],
          [
            -101.192771,
            19.720034
          ],
          [
            -101.19237,
            19.720034
          ],
          [
            -101.191969,
            19.719783
          ],
          [
            -101.191434,
            19.719657
          ],
          [
            -101.191033,
            19.719405
          ],
          [
            -101.190632,
            19.719405
          ],
          [
            -101.19023,
            19.719405
          ],
          [
            -101.189829,
            19.719405
          ],
          [
            -101.189428,
            19.719279
          ],
          [
            -101.189027,
            19.719153
          ],
          [
            -101.188626,
            19.719027
          ],
          [
            -101.188225,
            19.719027
          ],
          [
            -101.187824,
            19.719027
          ],
          [
            -101.187155,
            19.719027
          ],
          [
            -101.186754,
            19.719027
          ],
          [
            -101.186353,
            19.719027
          ],
          [
            -101.185952,
            19.719027
          ],
          [
            -101.18555,
            19.719153
          ],
          [
            -101.185149,
            19.719279
          ],
          [
            -101.184748,
            19.719279
          ],
          [
            -101.184347,
            19.719279
          ],
          [
            -101.183946,
            19.719279
          ],
          [
            -101.183545,
            19.719279
          ],
          [
            -101.183144,
            19.719279
          ],
          [
            -101.182742,
            19.719279
          ],
          [
            -101.182341,
            19.719279
          ],
          [
            -101.18194,
            19.719279
          ],
          [
            -101.181272,
            19.719027
          ],
          [
            -101.18087,
            19.719027
          ],
          [
            -101.180469,
            19.718901
          ],
          [
            -101.180068,
            19.718776
          ],
          [
            -101.179667,
            19.71865
          ],
          [
            -101.179266,
            19.718524
          ],
          [
            -101.178865,
            19.718272
          ],
          [
            -101.17833,
            19.718146
          ],
          [
            -101.177929,
            19.718146
          ],
          [
            -101.177528,
            19.71802
          ],
          [
            -101.177126,
            19.717894
          ],
          [
            -101.176725,
            19.717769
          ],
          [
            -101.176324,
            19.717643
          ],
          [
            -101.175923,
            19.717643
          ],
          [
            -101.175522,
            19.717517
          ],
          [
            -101.175121,
            19.717391
          ],
          [
            -101.174586,
            19.717265
          ],
          [
            -101.174185,
            19.717013
          ],
          [
            -101.173783,
            19.716887
          ],
          [
            -101.173249,
            19.716636
          ],
          [
            -101.172847,
            19.716258
          ],
          [
            -101.172446,
            19.716132
          ],
          [
            -101.172045,
            19.716006
          ],
          [
            -101.171644,
            19.71588
          ],
          [
            -101.171243,
            19.715755
          ],
          [
            -101.170842,
            19.715629
          ],
          [
            -101.170173,
            19.715377
          ],
          [
            -101.169638,
            19.715251
          ],
          [
            -101.169237,
            19.715125
          ],
          [
            -101.168836,
            19.714999
          ],
          [
            -101.168435,
            19.714999
          ],
          [
            -101.168034,
            19.714747
          ],
          [
            -101.167499,
            19.714622
          ],
          [
            -101.167098,
            19.714496
          ],
          [
            -101.166697,
            19.71437
          ],
          [
            -101.166295,
            19.714118
          ],
          [
            -101.165894,
            19.713992
          ],
          [
            -101.165493,
            19.71374
          ],
          [
            -101.164825,
            19.713615
          ],
          [
            -101.164423,
            19.713237
          ],
          [
            -101.164022,
            19.713237
          ],
          [
            -101.163621,
            19.712985
          ],
          [
            -101.16322,
            19.712985
          ],
          [
            -101.162819,
            19.712859
          ],
          [
            -101.162284,
            19.712733
          ],
          [
            -101.161749,
            19.712608
          ],
          [
            -101.161214,
            19.71223
          ],
          [
            -101.160679,
            19.712104
          ],
          [
            -101.160144,
            19.711852
          ],
          [
            -101.159476,
            19.711601
          ],
          [
            -101.159075,
            19.711223
          ],
          [
            -101.15854,
            19.710971
          ],
          [
            -101.158139,
            19.710593
          ],
          [
            -101.157738,
            19.710216
          ],
          [
            -101.157336,
            19.709838
          ],
          [
            -101.156935,
            19.709461
          ],
          [
            -101.156133,
            19.708957
          ],
          [
            -101.155732,
            19.708705
          ],
          [
            -101.155331,
            19.708453
          ],
          [
            -101.155063,
            19.708076
          ],
          [
            -101.154662,
            19.707824
          ],
          [
            -101.154127,
            19.707321
          ],
          [
            -101.153592,
            19.706943
          ],
          [
            -101.153191,
            19.706565
          ],
          [
            -101.15279,
            19.706188
          ],
          [
            -101.152255,
            19.705558
          ],
          [
            -101.151854,
            19.705055
          ],
          [
            -101.151453,
            19.704803
          ],
          [
            -101.151186,
            19.704425
          ],
          [
            -101.150784,
            19.704173
          ],
          [
            -101.150383,
            19.70367
          ],
          [
            -101.149982,
            19.703292
          ],
          [
            -101.149581,
            19.702915
          ],
          [
            -101.149313,
            19.702537
          ],
          [
            -101.148912,
            19.702411
          ],
          [
            -101.148645,
            19.702033
          ],
          [
            -101.148244,
            19.701656
          ],
          [
            -101.147843,
            19.701278
          ],
          [
            -101.147441,
            19.701026
          ],
          [
            -101.14704,
            19.700774
          ],
          [
            -101.146505,
            19.700397
          ],
          [
            -101.146238,
            19.700019
          ],
          [
            -101.146104,
            19.699641
          ],
          [
            -101.145837,
            19.699138
          ],
          [
            -101.145703,
            19.69876
          ],
          [
            -101.145436,
            19.698383
          ],
          [
            -101.145302,
            19.698005
          ],
          [
            -101.145168,
            19.697627
          ],
          [
            -101.145035,
            19.69725
          ],
          [
            -101.145035,
            19.696872
          ],
          [
            -101.145035,
            19.696494
          ],
          [
            -101.144767,
            19.696116
          ],
          [
            -101.144767,
            19.695739
          ],
          [
            -101.144767,
            19.695235
          ],
          [
            -101.144767,
            19.694858
          ],
          [
            -101.144633,
            19.69448
          ],
          [
            -101.144633,
            19.694102
          ],
          [
            -101.144633,
            19.693725
          ],
          [
            -101.144633,
            19.693347
          ],
          [
            -101.144633,
            19.692843
          ],
          [
            -101.144633,
            19.692466
          ],
          [
            -101.144633,
            19.691962
          ],
          [
            -101.144767,
            19.691458
          ],
          [
            -101.144901,
            19.691081
          ],
          [
            -101.145302,
            19.690703
          ],
          [
            -101.145569,
            19.690325
          ],
          [
            -101.145837,
            19.689948
          ],
          [
            -101.146104,
            19.68957
          ],
          [
            -101.146505,
            19.689318
          ],
          [
            -101.146907,
            19.689066
          ],
          [
            -101.147308,
            19.688815
          ],
          [
            -101.147709,
            19.688437
          ],
          [
            -101.14811,
            19.688185
          ],
          [
            -101.148377,
            19.687807
          ],
          [
            -101.148779,
            19.687556
          ],
          [
            -101.14918,
            19.687304
          ],
          [
            -101.149581,
            19.687052
          ],
          [
            -101.149982,
            19.686926
          ],
          [
            -101.15025,
            19.686548
          ],
          [
            -101.150651,
            19.686297
          ],
          [
            -101.151052,
            19.686171
          ],
          [
            -101.151453,
            19.685919
          ],
          [
            -101.151854,
            19.685793
          ],
          [
            -101.152255,
            19.685667
          ],
          [
            -101.152656,
            19.685415
          ],
          [
            -101.153058,
            19.685289
          ],
          [
            -101.153592,
            19.685163
          ],
          [
            -101.153994,
            19.685038
          ],
          [
            -101.154395,
            19.684912
          ],
          [
            -101.15493,
            19.684786
          ],
          [
            -101.155331,
            19.68466
          ],
          [
            -101.155866,
            19.68466
          ],
          [
            -101.156267,
            19.68466
          ],
          [
            -101.156668,
            19.68466
          ],
          [
            -101.157069,
            19.68466
          ],
          [
            -101.15747,
            19.684534
          ],
          [
            -101.157871,
            19.684534
          ],
          [
            -101.158272,
            19.684282
          ],
          [
            -101.158674,
            19.684282
          ],
          [
            -101.159075,
            19.684156
          ],
          [
            -101.159476,
            19.68403
          ],
          [
            -101.159877,
            19.683904
          ],
          [
            -101.160412,
            19.683904
          ],
          [
            -101.160813,
            19.683653
          ],
          [
            -101.161214,
            19.683527
          ],
          [
            -101.161749,
            19.683527
          ],
          [
            -101.16215,
            19.683527
          ],
          [
            -101.162551,
            19.683401
          ],
          [
            -101.162952,
            19.683401
          ],
          [
            -101.163354,
            19.683275
          ],
          [
            -101.163755,
            19.683275
          ],
          [
            -101.164156,
            19.683275
          ],
          [
            -101.164557,
            19.683275
          ],
          [
            -101.164958,
            19.683275
          ],
          [
            -101.165359,
            19.683149
          ],
          [
            -101.165761,
            19.683149
          ],
          [
            -101.166162,
            19.683149
          ],
          [
            -101.166697,
            19.683149
          ],
          [
            -101.167098,
            19.683149
          ],
          [
            -101.167499,
            19.683149
          ],
          [
            -101.1679,
            19.683023
          ],
          [
            -101.168301,
            19.683023
          ],
          [
            -101.168702,
            19.682897
          ],
          [
            -101.169237,
            19.682771
          ],
          [
            -101.169638,
            19.682771
          ],
          [
            -101.170039,
            19.682771
          ],
          [
            -101.170574,
            19.682771
          ],
          [
            -101.170975,
            19.682771
          ],
          [
            -101.171377,
            19.682645
          ],
          [
            -101.171778,
            19.682645
          ],
          [
            -101.172179,
            19.682645
          ],
          [
            -101.17258,
            19.682645
          ],
          [
            -101.172981,
            19.682645
          ],
          [
            -101.173382,
            19.682645
          ],
          [
            -101.173783,
            19.682645
          ],
          [
            -101.174185,
            19.68252
          ],
          [
            -101.174586,
            19.68252
          ],
          [
            -101.174987,
            19.68252
          ],
          [
            -101.175388,
            19.68252
          ],
          [
            -101.175923,
            19.682394
          ],
          [
            -101.176324,
            19.682394
          ],
          [
            -101.176725,
            19.682394
          ],
          [
            -101.177126,
            19.682394
          ],
          [
            -101.177528,
            19.682394
          ],
          [
            -101.177929,
            19.682268
          ],
          [
            -101.17833,
            19.682268
          ],
          [
            -101.178865,
            19.682268
          ],
          [
            -101.1794,
            19.682268
          ],
          [
            -101.179934,
            19.682268
          ],
          [
            -101.180336,
            19.682268
          ],
          [
            -101.18087,
            19.682268
          ],
          [
            -101.181272,
            19.682268
          ],
          [
            -101.181673,
            19.682268
          ],
          [
            -101.182074,
            19.682268
          ],
          [
            -101.182475,
            19.682268
          ],
          [
            -101.18301,
            19.682268
          ],
          [
            -101.183411,
            19.682268
          ],
          [
            -101.183946,
            19.682268
          ],
          [
            -101.184347,
            19.682268
          ],
          [
            -101.184748,
            19.682268
          ],
          [
            -101.185283,
            19.682268
          ],
          [
            -101.185684,
            19.682268
          ],
          [
            -101.186085,
            19.682268
          ],
          [
            -101.186486,
            19.682268
          ],
          [
            -101.186888,
            19.682268
          ],
          [
            -101.187289,
            19.682268
          ],
          [
            -101.18769,
            19.682268
          ],
          [
            -101.188091,
            19.682268
          ],
          [
            -101.188492,
            19.682268
          ],
          [
            -101.188893,
            19.682268
          ],
          [
            -101.189294,
            19.682268
          ],
          [
            -101.189696,
            19.682268
          ],
          [
            -101.19023,
            19.682268
          ],
          [
            -101.190632,
            19.682268
          ],
          [
            -101.191033,
            19.682268
          ],
          [
            -101.191434,
            19.682394
          ],
          [
            -101.191835,
            19.682394
          ],
          [
            -101.192236,
            19.682394
          ],
          [
            -101.192771,
            19.68252
          ],
          [
            -101.193172,
            19.68252
          ],
          [
            -101.193707,
            19.682645
          ],
          [
            -101.194376,
            19.682771
          ],
          [
            -101.194911,
            19.682897
          ],
          [
            -101.195312,
            19.682897
          ],
          [
            -101.195713,
            19.682897
          ],
          [
            -101.196114,
            19.682897
          ],
          [
            -101.196515,
            19.683023
          ],
          [
            -101.197184,
            19.683149
          ],
          [
            -101.197585,
            19.683275
          ],
          [
            -101.197986,
            19.683275
          ],
          [
            -101.198387,
            19.683275
          ],
          [
            -101.198788,
            19.683401
          ],
          [
            -101.199189,
            19.683527
          ],
          [
            -101.199591,
            19.683527
          ],
          [
            -101.199992,
            19.683653
          ],
          [
            -101.200527,
            19.683779
          ],
          [
            -101.200928,
            19.683779
          ],
          [
            -101.201329,
            19.683779
          ],
          [
            -101.20173,
            19.683779
          ],
          [
            -101.202131,
            19.683904
          ],
          [
            -101.202532,
            19.683904
          ],
          [
            -101.202933,
            19.68403
          ],
          [
            -101.203468,
            19.684156
          ],
          [
            -101.20387,
            19.684156
          ],
          [
            -101.204271,
            19.684156
          ],
          [
            -101.204672,
            19.684282
          ],
          [
            -101.205073,
            19.684408
          ],
          [
            -101.205474,
            19.684534
          ],
          [
            -101.205875,
            19.684534
          ],
          [
            -101.206276,
            19.684534
          ],
          [
            -101.206678,
            19.68466
          ],
          [
            -101.207079,
            19.684786
          ],
          [
            -101.20748,
            19.684912
          ],
          [
            -101.207881,
            19.685038
          ],
          [
            -101.208282,
            19.685163
          ],
          [
            -101.208683,
            19.685289
          ],
          [
            -101.209084,
            19.685415
          ],
          [
            -101.209619,
            19.685415
          ],
          [
            -101.21002,
            19.685415
          ],
          [
            -101.210422,
            19.685415
          ],
          [
            -101.210823,
            19.685415
          ],
          [
            -101.211224,
            19.685415
          ],
          [
            -101.211759,
            19.685415
          ],
          [
            -101.21216,
            19.685541
          ],
          [
            -101.212561,
            19.685541
          ],
          [
            -101.213096,
            19.685793
          ],
          [
            -101.213497,
            19.685793
          ],
          [
            -101.213898,
            19.685919
          ],
          [
            -101.214299,
            19.686045
          ],
          [
            -101.2147,
            19.686045
          ],
          [
            -101.215102,
            19.686297
          ],
          [
            -101.215503,
            19.686422
          ],
          [
            -101.215904,
            19.686548
          ],
          [
            -101.216305,
            19.686548
          ],
          [
            -101.216706,
            19.6868
          ],
          [
            -101.217107,
            19.686926
          ],
          [
            -101.217509,
            19.687178
          ],
          [
            -101.21791,
            19.687304
          ],
          [
            -101.218311,
            19.687556
          ],
          [
            -101.218712,
            19.687807
          ],
          [
            -101.219113,
            19.688185
          ],
          [
            -101.219514,
            19.688563
          ],
          [
            -101.220049,
            19.68894
          ],
          [
            -101.22045,
            19.689318
          ],
          [
            -101.220851,
            19.689444
          ],
          [
            -101.221253,
            19.689696
          ],
          [
            -101.221654,
            19.689822
          ],
          [
            -101.222189,
            19.690074
          ],
          [
            -101.222723,
            19.690325
          ],
          [
            -101.223125,
            19.690577
          ],
          [
            -101.223526,
            19.690703
          ],
          [
            -101.223927,
            19.690829
          ],
          [
            -101.224328,
            19.691081
          ],
          [
            -101.224729,
            19.691333
          ],
          [
            -101.22513,
            19.691333
          ],
          [
            -101.225531,
            19.69171
          ],
          [
            -101.225933,
            19.692088
          ],
          [
            -101.226334,
            19.692466
          ],
          [
            -101.226735,
            19.692717
          ],
          [
            -101.227136,
            19.692969
          ],
          [
            -101.227403,
            19.693347
          ],
          [
            -101.227671,
            19.693725
          ],
          [
            -101.227805,
            19.694228
          ],
          [
            -101.227938,
            19.694606
          ],
          [
            -101.228206,
            19.695109
          ],
          [
            -101.228473,
            19.695487
          ],
          [
            -101.228607,
            19.695865
          ],
          [
            -101.228607,
            19.696242
          ],
          [
            -101.228874,
            19.696746
          ],
          [
            -101.228874,
            19.697124
          ],
          [
            -101.229008,
            19.697501
          ],
          [
            -101.229008,
            19.697879
          ],
          [
            -101.229275,
            19.698257
          ],
          [
            -101.229275,
            19.698634
          ],
          [
            -101.229275,
            19.699012
          ],
          [
            -101.229275,
            19.69939
          ],
          [
            -101.229275,
            19.699767
          ],
          [
            -101.229275,
            19.700145
          ],
          [
            -101.229275,
            19.700523
          ],
          [
            -101.229275,
            19.7009
          ],
          [
            -101.229275,
            19.701278
          ],
          [
            -101.229275,
            19.701656
          ],
          [
            -101.229275,
            19.702033
          ],
          [
            -101.229275,
            19.702411
          ],
          [
            -101.229275,
            19.702915
          ],
          [
            -101.229275,
            19.703292
          ],
          [
            -101.229275,
            19.703796
          ],
          [
            -101.229142,
            19.704299
          ],
          [
            -101.229142,
            19.704803
          ],
          [
            -101.229142,
            19.705306
          ],
          [
            -101.229008,
            19.70581
          ],
          [
            -101.228874,
            19.706439
          ],
          [
            -101.228741,
            19.707195
          ],
          [
            -101.228473,
            19.707698
          ],
          [
            -101.228473,
            19.708076
          ],
          [
            -101.228206,
            19.708579
          ],
          [
            -101.228072,
            19.709083
          ],
          [
            -101.227938,
            19.709461
          ],
          [
            -101.227805,
            19.71009
          ],
          [
            -101.227537,
            19.710719
          ],
          [
            -101.227403,
            19.711097
          ],
          [
            -101.227403,
            19.711475
          ],
          [
            -101.227403,
            19.712104
          ],
          [
            -101.227136,
            19.712482
          ],
          [
            -101.227136,
            19.712859
          ],
          [
            -101.227002,
            19.713615
          ],
          [
            -101.226869,
            19.714244
          ],
          [
            -101.226735,
            19.714747
          ],
          [
            -101.226601,
            19.715251
          ],
          [
            -101.226601,
            19.71588
          ],
          [
            -101.226467,
            19.716384
          ],
          [
            -101.2262,
            19.716887
          ],
          [
            -101.226066,
            19.717265
          ],
          [
            -101.225799,
            19.717643
          ],
          [
            -101.225398,
            19.71802
          ],
          [
            -101.225264,
            19.718398
          ],
          [
            -101.224997,
            19.718776
          ],
          [
            -101.224729,
            19.719153
          ],
          [
            -101.224462,
            19.719531
          ]
        ]
      }
    },
    {
      "type": "Feature",
      "properties": {
        "id": "calzada-la-huerta",
        "nombre": "Calzada la Huerta",
        "color": "#2e7d32",
        "puntaje": 58,
        "longitud_metros": 4118.7,
        "participante": "ivan",
        "fecha": "2026-09-22",
        "dia_semana": "Martes",
        "hora": "12:15:45",
        "dificultad": "hard",
        "clientId": "b66675ee-7a42-4cff-98de-4b57aba579c2"
      },
      "geometry": {
        "type": "LineString",
        "coordinates": [
          [
            -101.207167,
            19.701894
          ],
          [
            -101.207167,
            19.701662
          ],
          [
            -101.207167,
            19.701353
          ],
          [
            -101.207249,
            19.701122
          ],
          [
            -101.207331,
            19.70089
          ],
          [
            -101.207413,
            19.700658
          ],
          [
            -101.207577,
            19.700427
          ],
          [
            -101.20766,
            19.700195
          ],
          [
            -101.207742,
            19.699964
          ],
          [
            -101.207906,
            19.699732
          ],
          [
            -101.20807,
            19.699423
          ],
          [
            -101.208234,
            19.699192
          ],
          [
            -101.208398,
            19.698883
          ],
          [
            -101.20848,
            19.698574
          ],
          [
            -101.208562,
            19.698342
          ],
          [
            -101.208808,
            19.697956
          ],
          [
            -101.208972,
            19.697725
          ],
          [
            -101.209054,
            19.697493
          ],
          [
            -101.209136,
            19.697184
          ],
          [
            -101.2093,
            19.696952
          ],
          [
            -101.209382,
            19.696721
          ],
          [
            -101.209464,
            19.696489
          ],
          [
            -101.209628,
            19.696258
          ],
          [
            -101.20971,
            19.696026
          ],
          [
            -101.209792,
            19.695794
          ],
          [
            -101.209956,
            19.695563
          ],
          [
            -101.209956,
            19.695331
          ],
          [
            -101.209956,
            19.695022
          ],
          [
            -101.209956,
            19.694791
          ],
          [
            -101.210038,
            19.694559
          ],
          [
            -101.210202,
            19.69425
          ],
          [
            -101.210202,
            19.693941
          ],
          [
            -101.210366,
            19.69371
          ],
          [
            -101.210448,
            19.693478
          ],
          [
            -101.210448,
            19.693246
          ],
          [
            -101.210612,
            19.692938
          ],
          [
            -101.210694,
            19.692706
          ],
          [
            -101.210776,
            19.692474
          ],
          [
            -101.210858,
            19.692243
          ],
          [
            -101.21094,
            19.692011
          ],
          [
            -101.211022,
            19.691779
          ],
          [
            -101.211186,
            19.691548
          ],
          [
            -101.211268,
            19.691316
          ],
          [
            -101.211432,
            19.691084
          ],
          [
            -101.211596,
            19.690853
          ],
          [
            -101.211678,
            19.690621
          ],
          [
            -101.211678,
            19.69039
          ],
          [
            -101.211678,
            19.690158
          ],
          [
            -101.211678,
            19.689926
          ],
          [
            -101.211678,
            19.689695
          ],
          [
            -101.211678,
            19.689463
          ],
          [
            -101.211678,
            19.689231
          ],
          [
            -101.211678,
            19.689
          ],
          [
            -101.21176,
            19.688768
          ],
          [
            -101.211842,
            19.688536
          ],
          [
            -101.211924,
            19.688305
          ],
          [
            -101.211924,
            19.688073
          ],
          [
            -101.211924,
            19.687842
          ],
          [
            -101.212088,
            19.68761
          ],
          [
            -101.21217,
            19.687378
          ],
          [
            -101.212252,
            19.687147
          ],
          [
            -101.212416,
            19.686915
          ],
          [
            -101.212498,
            19.686683
          ],
          [
            -101.212744,
            19.686375
          ],
          [
            -101.212908,
            19.686143
          ],
          [
            -101.213072,
            19.685911
          ],
          [
            -101.213236,
            19.68568
          ],
          [
            -101.213318,
            19.685448
          ],
          [
            -101.2134,
            19.685216
          ],
          [
            -101.213564,
            19.684985
          ],
          [
            -101.213564,
            19.684753
          ],
          [
            -101.213564,
            19.684521
          ],
          [
            -101.213564,
            19.68429
          ],
          [
            -101.213564,
            19.683981
          ],
          [
            -101.213564,
            19.683749
          ],
          [
            -101.213564,
            19.683518
          ],
          [
            -101.213564,
            19.683286
          ],
          [
            -101.213482,
            19.683054
          ],
          [
            -101.213318,
            19.682823
          ],
          [
            -101.213318,
            19.682514
          ],
          [
            -101.213236,
            19.682282
          ],
          [
            -101.213072,
            19.68205
          ],
          [
            -101.213072,
            19.681819
          ],
          [
            -101.213072,
            19.68151
          ],
          [
            -101.213072,
            19.681278
          ],
          [
            -101.21299,
            19.680969
          ],
          [
            -101.21299,
            19.680738
          ],
          [
            -101.212908,
            19.680429
          ],
          [
            -101.212908,
            19.680197
          ],
          [
            -101.212826,
            19.679888
          ],
          [
            -101.212744,
            19.67958
          ],
          [
            -101.212744,
            19.679348
          ],
          [
            -101.212744,
            19.679039
          ],
          [
            -101.212744,
            19.678807
          ],
          [
            -101.212744,
            19.678576
          ],
          [
            -101.212744,
            19.678344
          ],
          [
            -101.21258,
            19.678035
          ],
          [
            -101.212416,
            19.677804
          ],
          [
            -101.212252,
            19.677572
          ],
          [
            -101.212088,
            19.67734
          ],
          [
            -101.211924,
            19.677109
          ],
          [
            -101.211842,
            19.676877
          ],
          [
            -101.211678,
            19.676645
          ],
          [
            -101.211678,
            19.676414
          ],
          [
            -101.211514,
            19.676105
          ],
          [
            -101.21135,
            19.675873
          ],
          [
            -101.211268,
            19.675641
          ],
          [
            -101.211186,
            19.67541
          ],
          [
            -101.211186,
            19.675178
          ],
          [
            -101.211022,
            19.674946
          ],
          [
            -101.211022,
            19.674715
          ],
          [
            -101.211022,
            19.674483
          ],
          [
            -101.211022,
            19.674251
          ],
          [
            -101.211022,
            19.67402
          ],
          [
            -101.211022,
            19.673788
          ],
          [
            -101.211022,
            19.673557
          ],
          [
            -101.211022,
            19.673325
          ],
          [
            -101.211022,
            19.673093
          ],
          [
            -101.211022,
            19.672862
          ],
          [
            -101.211022,
            19.67263
          ],
          [
            -101.211022,
            19.672398
          ],
          [
            -101.211022,
            19.672167
          ],
          [
            -101.211022,
            19.671935
          ],
          [
            -101.211022,
            19.671626
          ],
          [
            -101.211104,
            19.671317
          ],
          [
            -101.211268,
            19.671008
          ],
          [
            -101.21135,
            19.670777
          ],
          [
            -101.211514,
            19.670468
          ],
          [
            -101.211678,
            19.670159
          ],
          [
            -101.211842,
            19.669927
          ],
          [
            -101.212006,
            19.669695
          ],
          [
            -101.21217,
            19.669232
          ],
          [
            -101.212416,
            19.669
          ],
          [
            -101.212416,
            19.668769
          ],
          [
            -101.212662,
            19.668537
          ],
          [
            -101.212744,
            19.668305
          ],
          [
            -101.212826,
            19.668074
          ],
          [
            -101.212826,
            19.667842
          ],
          [
            -101.212826,
            19.66761
          ],
          [
            -101.21258,
            19.667533
          ]
        ]
      }
    },
    {
      "type": "Feature",
      "properties": {
        "id": "rio-chiquito",
        "nombre": "Río Chiquito",
        "color": "#00acc1",
        "puntaje": 87,
        "longitud_metros": 5502.2,
        "participante": "ivan",
        "fecha": "2026-09-22",
        "dia_semana": "Martes",
        "hora": "12:15:45",
        "dificultad": "hard",
        "clientId": "b66675ee-7a42-4cff-98de-4b57aba579c2"
      },
      "geometry": {
        "type": "LineString",
        "coordinates": [
          [
            -101.158989,
            19.693237
          ],
          [
            -101.158989,
            19.692919
          ],
          [
            -101.159101,
            19.692602
          ],
          [
            -101.159326,
            19.692284
          ],
          [
            -101.159664,
            19.692072
          ],
          [
            -101.159889,
            19.691754
          ],
          [
            -101.160226,
            19.691543
          ],
          [
            -101.160564,
            19.691225
          ],
          [
            -101.160901,
            19.691225
          ],
          [
            -101.161239,
            19.691013
          ],
          [
            -101.161801,
            19.690907
          ],
          [
            -101.162139,
            19.690695
          ],
          [
            -101.162476,
            19.690695
          ],
          [
            -101.162814,
            19.690589
          ],
          [
            -101.163151,
            19.690483
          ],
          [
            -101.163376,
            19.690166
          ],
          [
            -101.163601,
            19.689848
          ],
          [
            -101.164051,
            19.689636
          ],
          [
            -101.164388,
            19.689424
          ],
          [
            -101.164726,
            19.689318
          ],
          [
            -101.165063,
            19.689107
          ],
          [
            -101.165401,
            19.689107
          ],
          [
            -101.165963,
            19.688895
          ],
          [
            -101.166301,
            19.688789
          ],
          [
            -101.166638,
            19.688683
          ],
          [
            -101.167088,
            19.688577
          ],
          [
            -101.167651,
            19.688471
          ],
          [
            -101.168101,
            19.688365
          ],
          [
            -101.168438,
            19.688365
          ],
          [
            -101.168888,
            19.688259
          ],
          [
            -101.169226,
            19.688047
          ],
          [
            -101.169676,
            19.688047
          ],
          [
            -101.170013,
            19.687942
          ],
          [
            -101.170463,
            19.687836
          ],
          [
            -101.1708,
            19.687836
          ],
          [
            -101.171138,
            19.68773
          ],
          [
            -101.171475,
            19.68773
          ],
          [
            -101.171813,
            19.68773
          ],
          [
            -101.17215,
            19.687624
          ],
          [
            -101.172488,
            19.687624
          ],
          [
            -101.172825,
            19.687624
          ],
          [
            -101.173388,
            19.687624
          ],
          [
            -101.173725,
            19.687624
          ],
          [
            -101.174063,
            19.687624
          ],
          [
            -101.1744,
            19.687624
          ],
          [
            -101.174738,
            19.687518
          ],
          [
            -101.175075,
            19.687412
          ],
          [
            -101.175413,
            19.687412
          ],
          [
            -101.17575,
            19.687412
          ],
          [
            -101.176088,
            19.687412
          ],
          [
            -101.176425,
            19.687412
          ],
          [
            -101.176762,
            19.687412
          ],
          [
            -101.1771,
            19.687412
          ],
          [
            -101.177437,
            19.687412
          ],
          [
            -101.177775,
            19.687412
          ],
          [
            -101.178112,
            19.687412
          ],
          [
            -101.17845,
            19.687412
          ],
          [
            -101.178787,
            19.687412
          ],
          [
            -101.179125,
            19.687412
          ],
          [
            -101.179462,
            19.687412
          ],
          [
            -101.1798,
            19.687412
          ],
          [
            -101.180137,
            19.687412
          ],
          [
            -101.180475,
            19.687412
          ],
          [
            -101.180812,
            19.687412
          ],
          [
            -101.18115,
            19.687412
          ],
          [
            -101.181487,
            19.687412
          ],
          [
            -101.181825,
            19.687412
          ],
          [
            -101.182162,
            19.687518
          ],
          [
            -101.182499,
            19.687624
          ],
          [
            -101.182837,
            19.687624
          ],
          [
            -101.183174,
            19.68773
          ],
          [
            -101.183512,
            19.687836
          ],
          [
            -101.183849,
            19.687942
          ],
          [
            -101.184187,
            19.688047
          ],
          [
            -101.184524,
            19.688153
          ],
          [
            -101.184862,
            19.688365
          ],
          [
            -101.185199,
            19.688471
          ],
          [
            -101.185649,
            19.688683
          ],
          [
            -101.185987,
            19.688789
          ],
          [
            -101.186437,
            19.689001
          ],
          [
            -101.186774,
            19.689107
          ],
          [
            -101.187224,
            19.689213
          ],
          [
            -101.187562,
            19.689424
          ],
          [
            -101.187899,
            19.689424
          ],
          [
            -101.188237,
            19.689636
          ],
          [
            -101.188574,
            19.689742
          ],
          [
            -101.188911,
            19.689848
          ],
          [
            -101.189474,
            19.690166
          ],
          [
            -101.189811,
            19.690166
          ],
          [
            -101.190149,
            19.690483
          ],
          [
            -101.190486,
            19.690589
          ],
          [
            -101.190824,
            19.690695
          ],
          [
            -101.191274,
            19.690907
          ],
          [
            -101.191611,
            19.691013
          ],
          [
            -101.191949,
            19.691119
          ],
          [
            -101.192399,
            19.691331
          ],
          [
            -101.192736,
            19.691543
          ],
          [
            -101.193074,
            19.691754
          ],
          [
            -101.193299,
            19.692072
          ],
          [
            -101.193749,
            19.69239
          ],
          [
            -101.194086,
            19.692602
          ],
          [
            -101.194536,
            19.693025
          ],
          [
            -101.194873,
            19.693237
          ],
          [
            -101.195211,
            19.693555
          ],
          [
            -101.195548,
            19.693873
          ],
          [
            -101.195773,
            19.69419
          ],
          [
            -101.196111,
            19.694402
          ],
          [
            -101.196448,
            19.694508
          ],
          [
            -101.196786,
            19.69472
          ],
          [
            -101.197011,
            19.695038
          ],
          [
            -101.197348,
            19.695355
          ],
          [
            -101.197686,
            19.695461
          ],
          [
            -101.198136,
            19.695779
          ],
          [
            -101.198473,
            19.695991
          ],
          [
            -101.198811,
            19.696309
          ],
          [
            -101.199148,
            19.696838
          ],
          [
            -101.199486,
            19.697262
          ],
          [
            -101.199598,
            19.69758
          ],
          [
            -101.199936,
            19.697897
          ],
          [
            -101.200161,
            19.698215
          ],
          [
            -101.200498,
            19.698321
          ],
          [
            -101.200835,
            19.698639
          ],
          [
            -101.201285,
            19.69885
          ],
          [
            -101.201735,
            19.698956
          ],
          [
            -101.202073,
            19.699274
          ],
          [
            -101.20241,
            19.69938
          ],
          [
            -101.202748,
            19.699592
          ],
          [
            -101.203085,
            19.699592
          ],
          [
            -101.203423,
            19.699804
          ],
          [
            -101.20376,
            19.699804
          ],
          [
            -101.20421,
            19.699804
          ],
          [
            -101.20466,
            19.699804
          ]
        ]
      }
    },
    {
      "type": "Feature",
      "properties": {
        "id": "acueducto-de-morelia",
        "nombre": "Acueducto de Morelia",
        "color": "#fbc02d",
        "puntaje": 23,
        "longitud_metros": 3205.0,
        "participante": "ivan",
        "fecha": "2026-09-22",
        "dia_semana": "Martes",
        "hora": "12:15:45",
        "dificultad": "hard",
        "clientId": "b66675ee-7a42-4cff-98de-4b57aba579c2"
      },
      "geometry": {
        "type": "LineString",
        "coordinates": [
          [
            -101.182042,
            19.702532
          ],
          [
            -101.181885,
            19.702532
          ],
          [
            -101.181729,
            19.702532
          ],
          [
            -101.181573,
            19.702532
          ],
          [
            -101.181416,
            19.702532
          ],
          [
            -101.18126,
            19.702532
          ],
          [
            -101.181104,
            19.702532
          ],
          [
            -101.180947,
            19.702532
          ],
          [
            -101.180791,
            19.702532
          ],
          [
            -101.180634,
            19.702532
          ],
          [
            -101.180426,
            19.702532
          ],
          [
            -101.180218,
            19.702532
          ],
          [
            -101.180061,
            19.702582
          ],
          [
            -101.179905,
            19.702582
          ],
          [
            -101.179748,
            19.702582
          ],
          [
            -101.179488,
            19.702582
          ],
          [
            -101.179331,
            19.702582
          ],
          [
            -101.179123,
            19.702582
          ],
          [
            -101.178915,
            19.702582
          ],
          [
            -101.178758,
            19.702582
          ],
          [
            -101.178602,
            19.702582
          ],
          [
            -101.178445,
            19.702582
          ],
          [
            -101.178289,
            19.702582
          ],
          [
            -101.178133,
            19.702582
          ],
          [
            -101.177976,
            19.702582
          ],
          [
            -101.17782,
            19.702582
          ],
          [
            -101.177664,
            19.702582
          ],
          [
            -101.177507,
            19.702582
          ],
          [
            -101.177351,
            19.702582
          ],
          [
            -101.177195,
            19.702582
          ],
          [
            -101.176986,
            19.702582
          ],
          [
            -101.176725,
            19.702582
          ],
          [
            -101.176517,
            19.702582
          ],
          [
            -101.176361,
            19.702582
          ],
          [
            -101.176204,
            19.702582
          ],
          [
            -101.176048,
            19.702631
          ],
          [
            -101.175839,
            19.70268
          ],
          [
            -101.175683,
            19.70268
          ],
          [
            -101.175422,
            19.702729
          ],
          [
            -101.175162,
            19.702778
          ],
          [
            -101.175005,
            19.702778
          ],
          [
            -101.174849,
            19.702876
          ],
          [
            -101.174693,
            19.702876
          ],
          [
            -101.174536,
            19.702876
          ],
          [
            -101.17438,
            19.702925
          ],
          [
            -101.174224,
            19.702925
          ],
          [
            -101.174067,
            19.702974
          ],
          [
            -101.173911,
            19.702974
          ],
          [
            -101.173755,
            19.703023
          ],
          [
            -101.173598,
            19.703121
          ],
          [
            -101.173442,
            19.70317
          ],
          [
            -101.173285,
            19.70317
          ],
          [
            -101.173129,
            19.703219
          ],
          [
            -101.172973,
            19.703268
          ],
          [
            -101.172816,
            19.703318
          ],
          [
            -101.172608,
            19.703367
          ],
          [
            -101.172399,
            19.703416
          ],
          [
            -101.172243,
            19.703465
          ],
          [
            -101.172087,
            19.703465
          ],
          [
            -101.17193,
            19.703514
          ],
          [
            -101.171722,
            19.703563
          ],
          [
            -101.171566,
            19.703563
          ],
          [
            -101.171409,
            19.703661
          ],
          [
            -101.171253,
            19.703661
          ],
          [
            -101.171096,
            19.703661
          ],
          [
            -101.17094,
            19.703661
          ],
          [
            -101.170784,
            19.70371
          ],
          [
            -101.170523,
            19.70371
          ],
          [
            -101.170367,
            19.70371
          ],
          [
            -101.17021,
            19.70371
          ],
          [
            -101.170054,
            19.703759
          ],
          [
            -101.169898,
            19.703759
          ],
          [
            -101.169741,
            19.703759
          ],
          [
            -101.169585,
            19.703759
          ],
          [
            -101.169429,
            19.703759
          ],
          [
            -101.169272,
            19.703759
          ],
          [
            -101.169116,
            19.703759
          ],
          [
            -101.168803,
            19.703808
          ],
          [
            -101.168647,
            19.703808
          ],
          [
            -101.16849,
            19.703808
          ],
          [
            -101.168282,
            19.703808
          ],
          [
            -101.168126,
            19.703808
          ],
          [
            -101.167969,
            19.703808
          ],
          [
            -101.167813,
            19.703808
          ],
          [
            -101.167552,
            19.703808
          ],
          [
            -101.167344,
            19.703808
          ],
          [
            -101.167187,
            19.703808
          ],
          [
            -101.167031,
            19.703808
          ],
          [
            -101.166875,
            19.703808
          ],
          [
            -101.166666,
            19.703808
          ],
          [
            -101.16651,
            19.703808
          ],
          [
            -101.166353,
            19.703808
          ],
          [
            -101.166093,
            19.703808
          ],
          [
            -101.165937,
            19.703808
          ],
          [
            -101.16578,
            19.703808
          ],
          [
            -101.165624,
            19.703808
          ],
          [
            -101.165467,
            19.703808
          ],
          [
            -101.165259,
            19.703808
          ],
          [
            -101.16505,
            19.703808
          ],
          [
            -101.164894,
            19.703808
          ],
          [
            -101.164738,
            19.703808
          ],
          [
            -101.164581,
            19.703808
          ],
          [
            -101.164425,
            19.703808
          ],
          [
            -101.164269,
            19.703808
          ],
          [
            -101.16406,
            19.703808
          ],
          [
            -101.163904,
            19.703808
          ],
          [
            -101.163695,
            19.703808
          ],
          [
            -101.163487,
            19.703808
          ],
          [
            -101.16333,
            19.703808
          ],
          [
            -101.163174,
            19.703808
          ],
          [
            -101.162809,
            19.703808
          ],
          [
            -101.162601,
            19.703808
          ],
          [
            -101.16234,
            19.703808
          ],
          [
            -101.162132,
            19.703759
          ],
          [
            -101.161923,
            19.70371
          ],
          [
            -101.161767,
            19.70371
          ],
          [
            -101.161558,
            19.70371
          ],
          [
            -101.161246,
            19.70371
          ],
          [
            -101.161089,
            19.70371
          ],
          [
            -101.160933,
            19.70371
          ],
          [
            -101.160777,
            19.70371
          ],
          [
            -101.16062,
            19.70371
          ],
          [
            -101.160464,
            19.70371
          ],
          [
            -101.160308,
            19.70371
          ],
          [
            -101.160151,
            19.70371
          ],
          [
            -101.159995,
            19.703759
          ],
          [
            -101.159838,
            19.703759
          ],
          [
            -101.159682,
            19.703759
          ],
          [
            -101.159526,
            19.703759
          ],
          [
            -101.159317,
            19.703759
          ],
          [
            -101.159161,
            19.703759
          ],
          [
            -101.159004,
            19.703759
          ],
          [
            -101.158848,
            19.703759
          ],
          [
            -101.158692,
            19.703759
          ],
          [
            -101.158535,
            19.703759
          ],
          [
            -101.158327,
            19.703759
          ],
          [
            -101.158014,
            19.703759
          ],
          [
            -101.157754,
            19.703759
          ],
          [
            -101.157597,
            19.703759
          ],
          [
            -101.157441,
            19.703661
          ],
          [
            -101.157232,
            19.703563
          ],
          [
            -101.157024,
            19.703563
          ],
          [
            -101.156763,
            19.703514
          ],
          [
            -101.156555,
            19.703416
          ],
          [
            -101.156398,
            19.703367
          ],
          [
            -101.156242,
            19.703367
          ],
          [
            -101.156086,
            19.703416
          ],
          [
            -101.155929,
            19.703465
          ],
          [
            -101.155773,
            19.703465
          ],
          [
            -101.155304,
            19.703465
          ],
          [
            -101.154991,
            19.703465
          ],
          [
            -101.154783,
            19.703465
          ],
          [
            -101.154418,
            19.703465
          ],
          [
            -101.154262,
            19.703465
          ],
          [
            -101.154105,
            19.703416
          ],
          [
            -101.153949,
            19.703416
          ],
          [
            -101.153688,
            19.703416
          ],
          [
            -101.153375,
            19.703416
          ],
          [
            -101.153167,
            19.703416
          ],
          [
            -101.153011,
            19.703416
          ],
          [
            -101.15275,
            19.703416
          ],
          [
            -101.152489,
            19.703416
          ],
          [
            -101.152281,
            19.703416
          ],
          [
            -101.152125,
            19.703416
          ],
          [
            -101.151968,
            19.703416
          ],
          [
            -101.151812,
            19.703416
          ]
        ]
      }
    },
    {
      "type": "Feature",
      "properties": {
        "id": "avenida-madero",
        "nombre": "Avenida Madero",
        "color": "#f48fb1",
        "puntaje": 91,
        "longitud_metros": 10240.8,
        "participante": "ivan",
        "fecha": "2026-09-22",
        "dia_semana": "Martes",
        "hora": "12:15:45",
        "dificultad": "hard",
        "clientId": "b66675ee-7a42-4cff-98de-4b57aba579c2"
      },
      "geometry": {
        "type": "LineString",
        "coordinates": [
          [
            -101.244176,
            19.706718
          ],
          [
            -101.244,
            19.706718
          ],
          [
            -101.243825,
            19.706608
          ],
          [
            -101.24365,
            19.706498
          ],
          [
            -101.243475,
            19.706443
          ],
          [
            -101.243358,
            19.706278
          ],
          [
            -101.243183,
            19.706223
          ],
          [
            -101.242949,
            19.706058
          ],
          [
            -101.242774,
            19.705893
          ],
          [
            -101.242599,
            19.705783
          ],
          [
            -101.242424,
            19.705618
          ],
          [
            -101.242248,
            19.705453
          ],
          [
            -101.242073,
            19.705343
          ],
          [
            -101.241839,
            19.705288
          ],
          [
            -101.241606,
            19.705123
          ],
          [
            -101.241431,
            19.705013
          ],
          [
            -101.241255,
            19.704903
          ],
          [
            -101.24108,
            19.704848
          ],
          [
            -101.240905,
            19.704793
          ],
          [
            -101.240671,
            19.704738
          ],
          [
            -101.240438,
            19.704573
          ],
          [
            -101.240204,
            19.704463
          ],
          [
            -101.23997,
            19.704408
          ],
          [
            -101.239678,
            19.704243
          ],
          [
            -101.239445,
            19.704188
          ],
          [
            -101.239211,
            19.704078
          ],
          [
            -101.239036,
            19.704023
          ],
          [
            -101.238802,
            19.703968
          ],
          [
            -101.23851,
            19.703913
          ],
          [
            -101.23816,
            19.703803
          ],
          [
            -101.237809,
            19.703748
          ],
          [
            -101.2374,
            19.703693
          ],
          [
            -101.23705,
            19.703638
          ],
          [
            -101.236758,
            19.703638
          ],
          [
            -101.236466,
            19.703638
          ],
          [
            -101.236291,
            19.703638
          ],
          [
            -101.235823,
            19.703638
          ],
          [
            -101.235473,
            19.703638
          ],
          [
            -101.235298,
            19.703638
          ],
          [
            -101.235123,
            19.703638
          ],
          [
            -101.234889,
            19.703638
          ],
          [
            -101.234597,
            19.703583
          ],
          [
            -101.234246,
            19.703528
          ],
          [
            -101.233954,
            19.703528
          ],
          [
            -101.23337,
            19.703528
          ],
          [
            -101.232728,
            19.703528
          ],
          [
            -101.232027,
            19.703528
          ],
          [
            -101.231852,
            19.703528
          ],
          [
            -101.231618,
            19.703528
          ],
          [
            -101.231209,
            19.703473
          ],
          [
            -101.231034,
            19.703473
          ],
          [
            -101.230859,
            19.703473
          ],
          [
            -101.230567,
            19.703473
          ],
          [
            -101.230392,
            19.703473
          ],
          [
            -101.2301,
            19.703473
          ],
          [
            -101.229866,
            19.703473
          ],
          [
            -101.229632,
            19.703473
          ],
          [
            -101.229282,
            19.703473
          ],
          [
            -101.229048,
            19.703473
          ],
          [
            -101.228873,
            19.703473
          ],
          [
            -101.228698,
            19.703473
          ],
          [
            -101.228464,
            19.703473
          ],
          [
            -101.228172,
            19.703473
          ],
          [
            -101.227939,
            19.703473
          ],
          [
            -101.227705,
            19.703418
          ],
          [
            -101.22753,
            19.703363
          ],
          [
            -101.227238,
            19.703308
          ],
          [
            -101.226887,
            19.703253
          ],
          [
            -101.226654,
            19.703253
          ],
          [
            -101.226478,
            19.703253
          ],
          [
            -101.226303,
            19.703253
          ],
          [
            -101.226128,
            19.703198
          ],
          [
            -101.225894,
            19.703143
          ],
          [
            -101.225661,
            19.703088
          ],
          [
            -101.225485,
            19.703088
          ],
          [
            -101.225193,
            19.702978
          ],
          [
            -101.225018,
            19.702978
          ],
          [
            -101.224843,
            19.702978
          ],
          [
            -101.224668,
            19.702978
          ],
          [
            -101.224376,
            19.702978
          ],
          [
            -101.224142,
            19.702978
          ],
          [
            -101.223908,
            19.702978
          ],
          [
            -101.223733,
            19.702978
          ],
          [
            -101.223558,
            19.702978
          ],
          [
            -101.223324,
            19.702978
          ],
          [
            -101.223032,
            19.702978
          ],
          [
            -101.222799,
            19.702978
          ],
          [
            -101.222623,
            19.702978
          ],
          [
            -101.222273,
            19.702978
          ],
          [
            -101.222039,
            19.702978
          ],
          [
            -101.221806,
            19.702978
          ],
          [
            -101.221572,
            19.702978
          ],
          [
            -101.221163,
            19.702978
          ],
          [
            -101.220813,
            19.702978
          ],
          [
            -101.220521,
            19.702978
          ],
          [
            -101.220287,
            19.702978
          ],
          [
            -101.220112,
            19.702978
          ],
          [
            -101.219937,
            19.702978
          ],
          [
            -101.219645,
            19.702978
          ],
          [
            -101.219411,
            19.702978
          ],
          [
            -101.219236,
            19.702978
          ],
          [
            -101.219061,
            19.702978
          ],
          [
            -101.218769,
            19.702923
          ],
          [
            -101.218477,
            19.702868
          ],
          [
            -101.218301,
            19.702868
          ],
          [
            -101.218068,
            19.702868
          ],
          [
            -101.217892,
            19.702868
          ],
          [
            -101.2176,
            19.702868
          ],
          [
            -101.217425,
            19.702868
          ],
          [
            -101.21725,
            19.702868
          ],
          [
            -101.216958,
            19.702868
          ],
          [
            -101.216783,
            19.702868
          ],
          [
            -101.216491,
            19.702868
          ],
          [
            -101.216199,
            19.702868
          ],
          [
            -101.216023,
            19.702868
          ],
          [
            -101.215848,
            19.702868
          ],
          [
            -101.215673,
            19.702868
          ],
          [
            -101.215439,
            19.702868
          ],
          [
            -101.215206,
            19.702868
          ],
          [
            -101.215031,
            19.702868
          ],
          [
            -101.214855,
            19.702868
          ],
          [
            -101.21468,
            19.702868
          ],
          [
            -101.214505,
            19.702868
          ],
          [
            -101.214271,
            19.702868
          ],
          [
            -101.214038,
            19.702868
          ],
          [
            -101.213862,
            19.702868
          ],
          [
            -101.213687,
            19.702868
          ],
          [
            -101.213512,
            19.702868
          ],
          [
            -101.21322,
            19.702868
          ],
          [
            -101.212869,
            19.702868
          ],
          [
            -101.212636,
            19.702868
          ],
          [
            -101.212402,
            19.702868
          ],
          [
            -101.212227,
            19.702868
          ],
          [
            -101.212052,
            19.702868
          ],
          [
            -101.211877,
            19.702868
          ],
          [
            -101.211701,
            19.702868
          ],
          [
            -101.211526,
            19.702923
          ],
          [
            -101.211351,
            19.702923
          ],
          [
            -101.211117,
            19.702923
          ],
          [
            -101.210767,
            19.702978
          ],
          [
            -101.210592,
            19.702978
          ],
          [
            -101.210416,
            19.702978
          ],
          [
            -101.210241,
            19.702978
          ],
          [
            -101.210008,
            19.702978
          ],
          [
            -101.209832,
            19.702978
          ],
          [
            -101.20954,
            19.702978
          ],
          [
            -101.209365,
            19.702978
          ],
          [
            -101.20919,
            19.702978
          ],
          [
            -101.208956,
            19.702978
          ],
          [
            -101.208781,
            19.702978
          ],
          [
            -101.208606,
            19.702978
          ],
          [
            -101.208431,
            19.702978
          ],
          [
            -101.208255,
            19.702978
          ],
          [
            -101.20808,
            19.702978
          ],
          [
            -101.207846,
            19.702978
          ],
          [
            -101.207671,
            19.702978
          ],
          [
            -101.207496,
            19.702978
          ],
          [
            -101.207321,
            19.702978
          ],
          [
            -101.207029,
            19.703088
          ],
          [
            -101.206854,
            19.703088
          ],
          [
            -101.206678,
            19.703088
          ],
          [
            -101.206503,
            19.703088
          ],
          [
            -101.206269,
            19.703088
          ],
          [
            -101.206094,
            19.703088
          ],
          [
            -101.205802,
            19.703143
          ],
          [
            -101.205627,
            19.703143
          ],
          [
            -101.205335,
            19.703143
          ],
          [
            -101.205101,
            19.703143
          ],
          [
            -101.204692,
            19.703143
          ],
          [
            -101.204459,
            19.703143
          ],
          [
            -101.204284,
            19.703143
          ],
          [
            -101.204108,
            19.703143
          ],
          [
            -101.203933,
            19.703143
          ],
          [
            -101.2037,
            19.703143
          ],
          [
            -101.203524,
            19.703143
          ],
          [
            -101.203349,
            19.703143
          ],
          [
            -101.203174,
            19.703143
          ],
          [
            -101.202999,
            19.703143
          ],
          [
            -101.202823,
            19.703143
          ],
          [
            -101.202648,
            19.703143
          ],
          [
            -101.202473,
            19.703143
          ],
          [
            -101.202298,
            19.703143
          ],
          [
            -101.202123,
            19.703143
          ],
          [
            -101.201947,
            19.703143
          ],
          [
            -101.201655,
            19.703143
          ],
          [
            -101.201363,
            19.703143
          ],
          [
            -101.201071,
            19.703143
          ],
          [
            -101.200896,
            19.703143
          ],
          [
            -101.200721,
            19.703143
          ],
          [
            -101.200546,
            19.703143
          ],
          [
            -101.20037,
            19.703143
          ],
          [
            -101.200137,
            19.703143
          ],
          [
            -101.199961,
            19.703143
          ],
          [
            -101.199786,
            19.703143
          ],
          [
            -101.199611,
            19.703198
          ],
          [
            -101.199436,
            19.703198
          ],
          [
            -101.199261,
            19.703253
          ],
          [
            -101.199027,
            19.703308
          ],
          [
            -101.198852,
            19.703308
          ],
          [
            -101.19856,
            19.703308
          ],
          [
            -101.198209,
            19.703308
          ],
          [
            -101.197976,
            19.703363
          ],
          [
            -101.197684,
            19.703363
          ],
          [
            -101.197392,
            19.703363
          ],
          [
            -101.1971,
            19.703473
          ],
          [
            -101.196808,
            19.703473
          ],
          [
            -101.196632,
            19.703473
          ],
          [
            -101.19634,
            19.703473
          ],
          [
            -101.196165,
            19.703473
          ],
          [
            -101.195931,
            19.703473
          ],
          [
            -101.195698,
            19.703473
          ],
          [
            -101.195464,
            19.703473
          ],
          [
            -101.194997,
            19.703473
          ],
          [
            -101.194646,
            19.703473
          ],
          [
            -101.194238,
            19.703473
          ],
          [
            -101.193946,
            19.703473
          ],
          [
            -101.19377,
            19.703473
          ],
          [
            -101.193595,
            19.703473
          ],
          [
            -101.19342,
            19.703473
          ],
          [
            -101.193186,
            19.703528
          ],
          [
            -101.192836,
            19.703528
          ],
          [
            -101.192544,
            19.703528
          ],
          [
            -101.19231,
            19.703528
          ],
          [
            -101.192077,
            19.703528
          ],
          [
            -101.191901,
            19.703528
          ],
          [
            -101.191726,
            19.703528
          ],
          [
            -101.191551,
            19.703528
          ],
          [
            -101.191317,
            19.703528
          ],
          [
            -101.191142,
            19.703528
          ],
          [
            -101.190967,
            19.703528
          ],
          [
            -101.190733,
            19.703528
          ],
          [
            -101.190558,
            19.703528
          ],
          [
            -101.190383,
            19.703528
          ],
          [
            -101.190149,
            19.703528
          ],
          [
            -101.189857,
            19.703528
          ],
          [
            -101.189623,
            19.703528
          ],
          [
            -101.189331,
            19.703528
          ],
          [
            -101.189039,
            19.703528
          ],
          [
            -101.188806,
            19.703528
          ],
          [
            -101.188514,
            19.703528
          ],
          [
            -101.188163,
            19.703528
          ],
          [
            -101.187988,
            19.703528
          ],
          [
            -101.187754,
            19.703528
          ],
          [
            -101.187521,
            19.703528
          ],
          [
            -101.187346,
            19.703528
          ],
          [
            -101.18717,
            19.703528
          ],
          [
            -101.186995,
            19.703528
          ],
          [
            -101.18682,
            19.703528
          ],
          [
            -101.186645,
            19.703528
          ],
          [
            -101.186411,
            19.703528
          ],
          [
            -101.186177,
            19.703528
          ],
          [
            -101.186002,
            19.703528
          ],
          [
            -101.185827,
            19.703528
          ],
          [
            -101.185652,
            19.703528
          ],
          [
            -101.185477,
            19.703528
          ],
          [
            -101.185301,
            19.703528
          ],
          [
            -101.185126,
            19.703583
          ],
          [
            -101.184951,
            19.703583
          ],
          [
            -101.1846,
            19.703583
          ],
          [
            -101.184367,
            19.703583
          ],
          [
            -101.184192,
            19.703583
          ],
          [
            -101.184016,
            19.703583
          ],
          [
            -101.183841,
            19.703583
          ],
          [
            -101.183607,
            19.703583
          ],
          [
            -101.183315,
            19.703583
          ],
          [
            -101.18314,
            19.703583
          ],
          [
            -101.182848,
            19.703583
          ],
          [
            -101.182673,
            19.703473
          ],
          [
            -101.182498,
            19.703473
          ],
          [
            -101.182147,
            19.703418
          ],
          [
            -101.181972,
            19.703363
          ],
          [
            -101.181797,
            19.703363
          ],
          [
            -101.181563,
            19.703363
          ],
          [
            -101.181388,
            19.703363
          ],
          [
            -101.181038,
            19.703363
          ],
          [
            -101.180804,
            19.703363
          ],
          [
            -101.180629,
            19.703363
          ],
          [
            -101.180454,
            19.703363
          ],
          [
            -101.180278,
            19.703363
          ],
          [
            -101.180103,
            19.703363
          ],
          [
            -101.179869,
            19.703363
          ],
          [
            -101.179577,
            19.703363
          ],
          [
            -101.179344,
            19.703363
          ],
          [
            -101.179169,
            19.703363
          ],
          [
            -101.178993,
            19.703363
          ],
          [
            -101.178818,
            19.703418
          ],
          [
            -101.178643,
            19.703473
          ],
          [
            -101.178409,
            19.703473
          ],
          [
            -101.178234,
            19.703473
          ],
          [
            -101.178059,
            19.703473
          ],
          [
            -101.177884,
            19.703473
          ],
          [
            -101.177708,
            19.703528
          ],
          [
            -101.177533,
            19.703528
          ],
          [
            -101.177066,
            19.703528
          ],
          [
            -101.176715,
            19.703528
          ],
          [
            -101.17654,
            19.703528
          ],
          [
            -101.176365,
            19.703528
          ],
          [
            -101.17619,
            19.703583
          ],
          [
            -101.176015,
            19.703583
          ],
          [
            -101.175781,
            19.703638
          ],
          [
            -101.175547,
            19.703638
          ],
          [
            -101.175372,
            19.703638
          ],
          [
            -101.175022,
            19.703638
          ],
          [
            -101.174788,
            19.703693
          ],
          [
            -101.174438,
            19.703693
          ],
          [
            -101.174146,
            19.703693
          ],
          [
            -101.173795,
            19.703803
          ],
          [
            -101.173561,
            19.703858
          ],
          [
            -101.173328,
            19.703858
          ],
          [
            -101.173036,
            19.703858
          ],
          [
            -101.172861,
            19.703913
          ],
          [
            -101.172627,
            19.703913
          ],
          [
            -101.172218,
            19.703968
          ],
          [
            -101.172043,
            19.704023
          ],
          [
            -101.171868,
            19.704078
          ],
          [
            -101.171634,
            19.704078
          ],
          [
            -101.171284,
            19.704243
          ],
          [
            -101.170933,
            19.704298
          ],
          [
            -101.170524,
            19.704463
          ],
          [
            -101.170291,
            19.704463
          ],
          [
            -101.170115,
            19.704518
          ],
          [
            -101.169882,
            19.704628
          ],
          [
            -101.169707,
            19.704683
          ],
          [
            -101.169473,
            19.704793
          ],
          [
            -101.169298,
            19.704848
          ],
          [
            -101.169123,
            19.704903
          ],
          [
            -101.168889,
            19.704958
          ],
          [
            -101.168714,
            19.705068
          ],
          [
            -101.168538,
            19.705068
          ],
          [
            -101.168363,
            19.705068
          ],
          [
            -101.168071,
            19.705233
          ],
          [
            -101.167779,
            19.705343
          ],
          [
            -101.167429,
            19.705398
          ],
          [
            -101.167253,
            19.705453
          ],
          [
            -101.16702,
            19.705563
          ],
          [
            -101.166845,
            19.705618
          ],
          [
            -101.166669,
            19.705618
          ],
          [
            -101.166494,
            19.705728
          ],
          [
            -101.166202,
            19.705728
          ],
          [
            -101.166027,
            19.705783
          ],
          [
            -101.165852,
            19.705783
          ],
          [
            -101.165618,
            19.705838
          ],
          [
            -101.165443,
            19.705893
          ],
          [
            -101.165268,
            19.705948
          ],
          [
            -101.165034,
            19.706058
          ],
          [
            -101.1648,
            19.706113
          ],
          [
            -101.164625,
            19.706113
          ],
          [
            -101.16445,
            19.706168
          ],
          [
            -101.164158,
            19.706168
          ],
          [
            -101.163924,
            19.706168
          ],
          [
            -101.163749,
            19.706278
          ],
          [
            -101.163515,
            19.706388
          ],
          [
            -101.163165,
            19.706498
          ],
          [
            -101.163048,
            19.706663
          ],
          [
            -101.162815,
            19.706718
          ],
          [
            -101.162639,
            19.706718
          ],
          [
            -101.162464,
            19.706828
          ],
          [
            -101.16223,
            19.706992
          ],
          [
            -101.161997,
            19.707047
          ],
          [
            -101.161763,
            19.707212
          ],
          [
            -101.161413,
            19.707267
          ],
          [
            -101.160946,
            19.707487
          ],
          [
            -101.160478,
            19.707707
          ],
          [
            -101.160186,
            19.707817
          ],
          [
            -101.159777,
            19.707982
          ],
          [
            -101.159544,
            19.708147
          ],
          [
            -101.159193,
            19.708312
          ],
          [
            -101.15896,
            19.708477
          ],
          [
            -101.158784,
            19.708532
          ],
          [
            -101.158609,
            19.708642
          ],
          [
            -101.158492,
            19.708807
          ],
          [
            -101.158259,
            19.709082
          ],
          [
            -101.158084,
            19.709302
          ],
          [
            -101.157792,
            19.709577
          ],
          [
            -101.157441,
            19.709907
          ],
          [
            -101.157207,
            19.710182
          ],
          [
            -101.15674,
            19.710457
          ],
          [
            -101.156507,
            19.710622
          ],
          [
            -101.156331,
            19.710896
          ],
          [
            -101.156039,
            19.711226
          ],
          [
            -101.155864,
            19.711391
          ],
          [
            -101.155689,
            19.711556
          ],
          [
            -101.155514,
            19.711721
          ],
          [
            -101.15528,
            19.711996
          ],
          [
            -101.154988,
            19.712216
          ],
          [
            -101.154696,
            19.712601
          ],
          [
            -101.154346,
            19.712931
          ],
          [
            -101.153937,
            19.713371
          ],
          [
            -101.153586,
            19.713701
          ],
          [
            -101.153236,
            19.714031
          ],
          [
            -101.152827,
            19.71436
          ],
          [
            -101.152652,
            19.71458
          ],
          [
            -101.152418,
            19.714855
          ],
          [
            -101.152243,
            19.71502
          ],
          [
            -101.152184,
            19.715185
          ],
          [
            -101.152009,
            19.71535
          ]
        ]
      }
    },
    {
      "type": "Feature",
      "properties": {
        "id": "rio-grande",
        "nombre": "Río Grande",
        "color": "#1976d2",
        "puntaje": 58,
        "longitud_metros": 6828.7,
        "participante": "ivan",
        "fecha": "2026-09-22",
        "dia_semana": "Martes",
        "hora": "12:15:45",
        "dificultad": "hard",
        "clientId": "b66675ee-7a42-4cff-98de-4b57aba579c2"
      },
      "geometry": {
        "type": "LineString",
        "coordinates": [
          [
            -101.214335,
            19.719404
          ],
          [
            -101.213876,
            19.719404
          ],
          [
            -101.213418,
            19.719404
          ],
          [
            -101.21296,
            19.719404
          ],
          [
            -101.212501,
            19.719404
          ],
          [
            -101.212043,
            19.719404
          ],
          [
            -101.211431,
            19.719404
          ],
          [
            -101.210973,
            19.719404
          ],
          [
            -101.210515,
            19.719404
          ],
          [
            -101.210056,
            19.719404
          ],
          [
            -101.209598,
            19.719548
          ],
          [
            -101.208986,
            19.719835
          ],
          [
            -101.208528,
            19.719835
          ],
          [
            -101.20807,
            19.719835
          ],
          [
            -101.207611,
            19.719835
          ],
          [
            -101.207153,
            19.719835
          ],
          [
            -101.206389,
            19.719835
          ],
          [
            -101.205777,
            19.719835
          ],
          [
            -101.205319,
            19.719835
          ],
          [
            -101.20486,
            19.719835
          ],
          [
            -101.204402,
            19.719835
          ],
          [
            -101.203943,
            19.719835
          ],
          [
            -101.203485,
            19.719692
          ],
          [
            -101.203027,
            19.719548
          ],
          [
            -101.202415,
            19.71926
          ],
          [
            -101.201957,
            19.719116
          ],
          [
            -101.201498,
            19.718972
          ],
          [
            -101.20104,
            19.718541
          ],
          [
            -101.200582,
            19.718397
          ],
          [
            -101.200123,
            19.717965
          ],
          [
            -101.199665,
            19.717534
          ],
          [
            -101.199206,
            19.717246
          ],
          [
            -101.198748,
            19.716958
          ],
          [
            -101.198289,
            19.716671
          ],
          [
            -101.197831,
            19.716527
          ],
          [
            -101.197372,
            19.716383
          ],
          [
            -101.196914,
            19.716239
          ],
          [
            -101.196456,
            19.716239
          ],
          [
            -101.195997,
            19.716095
          ],
          [
            -101.195539,
            19.716095
          ],
          [
            -101.19508,
            19.716095
          ],
          [
            -101.194622,
            19.716095
          ],
          [
            -101.194163,
            19.715951
          ],
          [
            -101.193705,
            19.715951
          ],
          [
            -101.193246,
            19.716095
          ],
          [
            -101.192788,
            19.716239
          ],
          [
            -101.19233,
            19.716239
          ],
          [
            -101.191871,
            19.716383
          ],
          [
            -101.191413,
            19.716527
          ],
          [
            -101.190954,
            19.716671
          ],
          [
            -101.190496,
            19.716958
          ],
          [
            -101.190037,
            19.717102
          ],
          [
            -101.189579,
            19.717246
          ],
          [
            -101.18912,
            19.717534
          ],
          [
            -101.188509,
            19.717534
          ],
          [
            -101.188051,
            19.717678
          ],
          [
            -101.187592,
            19.717822
          ],
          [
            -101.187134,
            19.717822
          ],
          [
            -101.186675,
            19.717965
          ],
          [
            -101.186217,
            19.717965
          ],
          [
            -101.185758,
            19.717965
          ],
          [
            -101.184842,
            19.717965
          ],
          [
            -101.184077,
            19.717965
          ],
          [
            -101.183619,
            19.717965
          ],
          [
            -101.183161,
            19.717965
          ],
          [
            -101.182702,
            19.718109
          ],
          [
            -101.182244,
            19.718109
          ],
          [
            -101.181632,
            19.718109
          ],
          [
            -101.181174,
            19.717965
          ],
          [
            -101.180716,
            19.717965
          ],
          [
            -101.180257,
            19.717822
          ],
          [
            -101.179646,
            19.717534
          ],
          [
            -101.179187,
            19.71739
          ],
          [
            -101.178729,
            19.71739
          ],
          [
            -101.17827,
            19.71739
          ],
          [
            -101.177812,
            19.71739
          ],
          [
            -101.177354,
            19.717678
          ],
          [
            -101.176895,
            19.717965
          ],
          [
            -101.176437,
            19.718109
          ],
          [
            -101.175978,
            19.718397
          ],
          [
            -101.17552,
            19.718541
          ],
          [
            -101.175061,
            19.718685
          ],
          [
            -101.174297,
            19.718685
          ],
          [
            -101.173686,
            19.718829
          ],
          [
            -101.173228,
            19.718972
          ],
          [
            -101.172616,
            19.718972
          ],
          [
            -101.172158,
            19.71926
          ],
          [
            -101.171547,
            19.71926
          ],
          [
            -101.171088,
            19.71926
          ],
          [
            -101.17063,
            19.71926
          ],
          [
            -101.170171,
            19.71926
          ],
          [
            -101.169713,
            19.71926
          ],
          [
            -101.169254,
            19.71926
          ],
          [
            -101.168032,
            19.71926
          ],
          [
            -101.167573,
            19.71926
          ],
          [
            -101.167115,
            19.71926
          ],
          [
            -101.166657,
            19.71926
          ],
          [
            -101.165434,
            19.719116
          ],
          [
            -101.164823,
            19.719116
          ],
          [
            -101.164364,
            19.718972
          ],
          [
            -101.1636,
            19.718685
          ],
          [
            -101.163142,
            19.718685
          ],
          [
            -101.162683,
            19.718685
          ],
          [
            -101.162225,
            19.718685
          ],
          [
            -101.161766,
            19.718685
          ],
          [
            -101.161155,
            19.718685
          ],
          [
            -101.160544,
            19.718397
          ],
          [
            -101.158557,
            19.718109
          ],
          [
            -101.156418,
            19.71739
          ],
          [
            -101.155348,
            19.717102
          ],
          [
            -101.15489,
            19.717102
          ],
          [
            -101.154431,
            19.717102
          ],
          [
            -101.153973,
            19.717102
          ],
          [
            -101.153209,
            19.717102
          ],
          [
            -101.152597,
            19.717102
          ],
          [
            -101.151833,
            19.716958
          ]
        ]
      }
    },
    {
      "type": "Feature",
      "properties": {
        "id": "av-morelos",
        "nombre": "Av Morelos",
        "color": "#e91e63",
        "puntaje": 63,
        "longitud_metros": 5109.7,
        "participante": "ivan",
        "fecha": "2026-09-22",
        "dia_semana": "Martes",
        "hora": "12:15:45",
        "dificultad": "hard",
        "clientId": "b66675ee-7a42-4cff-98de-4b57aba579c2"
      },
      "geometry": {
        "type": "LineString",
        "coordinates": [
          [
            -101.185499,
            19.722328
          ],
          [
            -101.185405,
            19.721975
          ],
          [
            -101.185405,
            19.72171
          ],
          [
            -101.185405,
            19.721446
          ],
          [
            -101.185405,
            19.721181
          ],
          [
            -101.185405,
            19.720916
          ],
          [
            -101.185592,
            19.720651
          ],
          [
            -101.185686,
            19.720386
          ],
          [
            -101.18578,
            19.720121
          ],
          [
            -101.18578,
            19.719857
          ],
          [
            -101.18578,
            19.719592
          ],
          [
            -101.18578,
            19.719327
          ],
          [
            -101.18578,
            19.719062
          ],
          [
            -101.18578,
            19.718797
          ],
          [
            -101.185874,
            19.718532
          ],
          [
            -101.185967,
            19.718268
          ],
          [
            -101.185967,
            19.718003
          ],
          [
            -101.186061,
            19.717738
          ],
          [
            -101.186061,
            19.717473
          ],
          [
            -101.186155,
            19.717208
          ],
          [
            -101.186061,
            19.716943
          ],
          [
            -101.185967,
            19.716678
          ],
          [
            -101.185874,
            19.716414
          ],
          [
            -101.18578,
            19.716149
          ],
          [
            -101.185592,
            19.715884
          ],
          [
            -101.185499,
            19.715619
          ],
          [
            -101.185217,
            19.715354
          ],
          [
            -101.185123,
            19.715089
          ],
          [
            -101.184936,
            19.714824
          ],
          [
            -101.184842,
            19.71456
          ],
          [
            -101.184748,
            19.714295
          ],
          [
            -101.184561,
            19.71403
          ],
          [
            -101.184467,
            19.713765
          ],
          [
            -101.184279,
            19.7135
          ],
          [
            -101.184092,
            19.713147
          ],
          [
            -101.184092,
            19.712882
          ],
          [
            -101.183998,
            19.712617
          ],
          [
            -101.18381,
            19.712353
          ],
          [
            -101.18381,
            19.712088
          ],
          [
            -101.183717,
            19.711823
          ],
          [
            -101.183529,
            19.711558
          ],
          [
            -101.183529,
            19.711293
          ],
          [
            -101.183529,
            19.71094
          ],
          [
            -101.183529,
            19.710675
          ],
          [
            -101.183435,
            19.71041
          ],
          [
            -101.183342,
            19.710057
          ],
          [
            -101.183248,
            19.709704
          ],
          [
            -101.183248,
            19.709439
          ],
          [
            -101.183248,
            19.709174
          ],
          [
            -101.183248,
            19.708909
          ],
          [
            -101.183248,
            19.708645
          ],
          [
            -101.183248,
            19.70838
          ],
          [
            -101.183248,
            19.708115
          ],
          [
            -101.183248,
            19.70785
          ],
          [
            -101.183154,
            19.707585
          ],
          [
            -101.18306,
            19.70732
          ],
          [
            -101.182966,
            19.707055
          ],
          [
            -101.182779,
            19.706702
          ],
          [
            -101.182779,
            19.706437
          ],
          [
            -101.182779,
            19.706172
          ],
          [
            -101.182779,
            19.705908
          ],
          [
            -101.182779,
            19.705643
          ],
          [
            -101.182685,
            19.705378
          ],
          [
            -101.182591,
            19.705113
          ],
          [
            -101.182591,
            19.704848
          ],
          [
            -101.182404,
            19.704583
          ],
          [
            -101.18231,
            19.704318
          ],
          [
            -101.182216,
            19.704054
          ],
          [
            -101.182122,
            19.703789
          ],
          [
            -101.182029,
            19.703524
          ],
          [
            -101.182029,
            19.703259
          ],
          [
            -101.181935,
            19.702994
          ],
          [
            -101.181935,
            19.702729
          ],
          [
            -101.181841,
            19.702464
          ],
          [
            -101.181841,
            19.702199
          ],
          [
            -101.181841,
            19.701935
          ],
          [
            -101.181841,
            19.70167
          ],
          [
            -101.181841,
            19.701405
          ],
          [
            -101.181841,
            19.701052
          ],
          [
            -101.181841,
            19.700699
          ],
          [
            -101.181841,
            19.700434
          ],
          [
            -101.181935,
            19.700169
          ],
          [
            -101.181935,
            19.699904
          ],
          [
            -101.182122,
            19.699639
          ],
          [
            -101.182404,
            19.699462
          ],
          [
            -101.182685,
            19.699198
          ],
          [
            -101.182966,
            19.698933
          ],
          [
            -101.18306,
            19.698668
          ],
          [
            -101.183248,
            19.698403
          ],
          [
            -101.183529,
            19.698315
          ],
          [
            -101.183717,
            19.69805
          ],
          [
            -101.183904,
            19.697785
          ],
          [
            -101.184092,
            19.69752
          ],
          [
            -101.184186,
            19.697167
          ],
          [
            -101.184373,
            19.696902
          ],
          [
            -101.184467,
            19.696637
          ],
          [
            -101.184655,
            19.696372
          ],
          [
            -101.184842,
            19.696107
          ],
          [
            -101.18503,
            19.695754
          ],
          [
            -101.185123,
            19.695489
          ],
          [
            -101.185311,
            19.695224
          ],
          [
            -101.185405,
            19.694959
          ],
          [
            -101.185592,
            19.694695
          ],
          [
            -101.185874,
            19.69443
          ],
          [
            -101.185967,
            19.694165
          ],
          [
            -101.186249,
            19.6939
          ],
          [
            -101.186436,
            19.693635
          ],
          [
            -101.186718,
            19.693458
          ],
          [
            -101.186999,
            19.693194
          ],
          [
            -101.18728,
            19.693105
          ],
          [
            -101.187468,
            19.69284
          ],
          [
            -101.187655,
            19.692576
          ],
          [
            -101.187843,
            19.692311
          ],
          [
            -101.187937,
            19.692046
          ],
          [
            -101.187937,
            19.691604
          ],
          [
            -101.187937,
            19.691339
          ],
          [
            -101.188031,
            19.691074
          ],
          [
            -101.188124,
            19.69081
          ],
          [
            -101.188124,
            19.690545
          ],
          [
            -101.188124,
            19.69028
          ],
          [
            -101.188218,
            19.690015
          ],
          [
            -101.188218,
            19.68975
          ],
          [
            -101.188218,
            19.689485
          ],
          [
            -101.188312,
            19.68922
          ],
          [
            -101.188312,
            19.688955
          ],
          [
            -101.188406,
            19.68869
          ],
          [
            -101.188406,
            19.688426
          ],
          [
            -101.1885,
            19.688161
          ],
          [
            -101.1885,
            19.687896
          ],
          [
            -101.188687,
            19.687631
          ],
          [
            -101.188687,
            19.687366
          ],
          [
            -101.188781,
            19.687013
          ],
          [
            -101.188968,
            19.686748
          ],
          [
            -101.188968,
            19.686483
          ],
          [
            -101.189062,
            19.686218
          ],
          [
            -101.189062,
            19.685953
          ],
          [
            -101.189062,
            19.6856
          ],
          [
            -101.189062,
            19.685247
          ],
          [
            -101.18925,
            19.684982
          ],
          [
            -101.18925,
            19.684717
          ],
          [
            -101.18925,
            19.684452
          ],
          [
            -101.18925,
            19.684187
          ],
          [
            -101.189344,
            19.683922
          ],
          [
            -101.189344,
            19.683569
          ],
          [
            -101.189344,
            19.683304
          ],
          [
            -101.189344,
            19.683039
          ],
          [
            -101.189344,
            19.682774
          ],
          [
            -101.189344,
            19.68251
          ],
          [
            -101.189437,
            19.682245
          ],
          [
            -101.189437,
            19.68198
          ],
          [
            -101.189437,
            19.681715
          ],
          [
            -101.189437,
            19.68145
          ],
          [
            -101.189437,
            19.681185
          ],
          [
            -101.189437,
            19.68092
          ],
          [
            -101.189437,
            19.680655
          ],
          [
            -101.189437,
            19.68039
          ],
          [
            -101.189437,
            19.680125
          ],
          [
            -101.189437,
            19.67986
          ]
        ]
      }
    },
    {
      "type": "Feature",
      "properties": {
        "id": "calzada-ventura-puente",
        "nombre": "Calzada Ventura Puente",
        "color": "#ea580c",
        "puntaje": 77,
        "longitud_metros": 2757.8,
        "participante": "ivan",
        "fecha": "2026-09-22",
        "dia_semana": "Martes",
        "hora": "12:15:45",
        "dificultad": "hard",
        "clientId": "b66675ee-7a42-4cff-98de-4b57aba579c2"
      },
      "geometry": {
        "type": "LineString",
        "coordinates": [
          [
            -101.180028,
            19.699505
          ],
          [
            -101.180192,
            19.699274
          ],
          [
            -101.180356,
            19.698965
          ],
          [
            -101.180438,
            19.698733
          ],
          [
            -101.180848,
            19.698579
          ],
          [
            -101.181012,
            19.698347
          ],
          [
            -101.181094,
            19.698116
          ],
          [
            -101.18134,
            19.697884
          ],
          [
            -101.181504,
            19.697652
          ],
          [
            -101.181668,
            19.697421
          ],
          [
            -101.181832,
            19.697189
          ],
          [
            -101.181996,
            19.696958
          ],
          [
            -101.182242,
            19.696726
          ],
          [
            -101.182324,
            19.696494
          ],
          [
            -101.182406,
            19.696185
          ],
          [
            -101.182488,
            19.695877
          ],
          [
            -101.18257,
            19.695645
          ],
          [
            -101.182406,
            19.695413
          ],
          [
            -101.182488,
            19.695182
          ],
          [
            -101.182652,
            19.69495
          ],
          [
            -101.182816,
            19.694641
          ],
          [
            -101.18298,
            19.694255
          ],
          [
            -101.18298,
            19.694024
          ],
          [
            -101.183144,
            19.693792
          ],
          [
            -101.18339,
            19.693483
          ],
          [
            -101.183472,
            19.693174
          ],
          [
            -101.183554,
            19.692788
          ],
          [
            -101.183718,
            19.692557
          ],
          [
            -101.1838,
            19.692325
          ],
          [
            -101.1838,
            19.692093
          ],
          [
            -101.1838,
            19.691784
          ],
          [
            -101.1838,
            19.691553
          ],
          [
            -101.1838,
            19.691321
          ],
          [
            -101.1838,
            19.69109
          ],
          [
            -101.1838,
            19.690858
          ],
          [
            -101.183718,
            19.690549
          ],
          [
            -101.183636,
            19.690317
          ],
          [
            -101.183636,
            19.690086
          ],
          [
            -101.183554,
            19.689854
          ],
          [
            -101.183472,
            19.689623
          ],
          [
            -101.18339,
            19.689391
          ],
          [
            -101.18339,
            19.689159
          ],
          [
            -101.183308,
            19.688928
          ],
          [
            -101.183308,
            19.688619
          ],
          [
            -101.183226,
            19.688387
          ],
          [
            -101.183062,
            19.687924
          ],
          [
            -101.183062,
            19.687692
          ],
          [
            -101.18298,
            19.687461
          ],
          [
            -101.182898,
            19.687229
          ],
          [
            -101.182898,
            19.686997
          ],
          [
            -101.182898,
            19.686688
          ],
          [
            -101.182816,
            19.686457
          ],
          [
            -101.182816,
            19.686225
          ],
          [
            -101.182816,
            19.685994
          ],
          [
            -101.182816,
            19.685685
          ],
          [
            -101.182816,
            19.685453
          ],
          [
            -101.182816,
            19.685221
          ],
          [
            -101.182816,
            19.68499
          ],
          [
            -101.182734,
            19.684758
          ],
          [
            -101.182734,
            19.684526
          ],
          [
            -101.182734,
            19.684295
          ],
          [
            -101.182734,
            19.684063
          ],
          [
            -101.182652,
            19.683832
          ],
          [
            -101.182652,
            19.6836
          ],
          [
            -101.182652,
            19.683368
          ],
          [
            -101.182652,
            19.683059
          ],
          [
            -101.182734,
            19.682828
          ],
          [
            -101.182734,
            19.682596
          ],
          [
            -101.182816,
            19.682364
          ],
          [
            -101.182816,
            19.682133
          ],
          [
            -101.18298,
            19.681901
          ],
          [
            -101.183062,
            19.681669
          ],
          [
            -101.183144,
            19.681438
          ],
          [
            -101.183226,
            19.681206
          ],
          [
            -101.183226,
            19.680975
          ],
          [
            -101.183308,
            19.680743
          ],
          [
            -101.183472,
            19.680511
          ],
          [
            -101.183472,
            19.68028
          ],
          [
            -101.183472,
            19.680048
          ],
          [
            -101.183472,
            19.679816
          ],
          [
            -101.183472,
            19.679585
          ],
          [
            -101.183472,
            19.679353
          ],
          [
            -101.183472,
            19.679121
          ],
          [
            -101.183554,
            19.67889
          ],
          [
            -101.183636,
            19.678658
          ],
          [
            -101.183636,
            19.678426
          ],
          [
            -101.183636,
            19.678195
          ],
          [
            -101.183718,
            19.677963
          ],
          [
            -101.183718,
            19.677731
          ],
          [
            -101.183718,
            19.6775
          ],
          [
            -101.183718,
            19.677268
          ],
          [
            -101.183718,
            19.677036
          ],
          [
            -101.183718,
            19.676805
          ],
          [
            -101.183718,
            19.676573
          ],
          [
            -101.183554,
            19.676341
          ]
        ]
      }
    }
  ]
}