{
"type": "FeatureCollection",
"name": "cd_morelia_pol",
"crs": { "type": "name", "properties": { "name": "urn:ogc:def:crs:OGC:1.3:CRS84" } },
"features": [
{ "type": "Feature", "properties": { "NOMGEO": "Cd. de Morelia" }, "geometry": { "type": "MultiPolygon", "coordinates": [ [ [ [ -101.26132043086956, 19.639712315919322 ], [ -101.261630290591498, 19.639635441813937 ], [ -101.261932959325819, 19.639545497766814 ], [ -101.263308122324332, 19.639122506793008 ], [ -101.264341449023746, 19.638810245403274 ], [ -101.264362864467543, 19.638883055958352 ], [ -101.264280058546589, 19.638930169642954 ], [ -101.263766095203806, 19.639161453413337 ], [ -101.263574787029498, 19.639265674027133 ], [ -101.263587033822319, 19.639283499262241 ], [ -101.264166238717934, 19.639166628872406 ], [ -101.26508566313116, 19.638936296939843 ], [ -101.265902769955431, 19.638736421796462 ], [ -101.266421492756209, 19.638769733696286 ], [ -101.266657058745849, 19.638826841789989 ], [ -101.26705204953106, 19.638829220672033 ], [ -101.267051837644715, 19.639037315318983 ], [ -101.267133214764684, 19.639185078853437 ], [ -101.267156567599272, 19.639944246961157 ], [ -101.267507504046918, 19.639923188392988 ], [ -101.267273364530595, 19.640137340216167 ], [ -101.266906927629748, 19.640320081952506 ], [ -101.266701343018866, 19.640373381854271 ], [ -101.266232112764655, 19.640456187335058 ], [ -101.265853302690076, 19.640541847743062 ], [ -101.265163258840147, 19.64095111480302 ], [ -101.264812050997804, 19.641173451608491 ], [ -101.264696885012455, 19.64122579962152 ], [ -101.26465405505455, 19.641238172728531 ], [ -101.264347580017272, 19.641276244995378 ], [ -101.264356379258331, 19.641316269627993 ], [ -101.264279343682702, 19.641444760854846 ], [ -101.264208911971735, 19.641538036415504 ], [ -101.264142287139762, 19.641623696392294 ], [ -101.264087083884135, 19.641684611124596 ], [ -101.264012843692726, 19.641756946008911 ], [ -101.263950026776683, 19.641836896166122 ], [ -101.263883402018962, 19.641882582317745 ], [ -101.263805354566301, 19.641935882301969 ], [ -101.26375776633067, 19.641975856590506 ], [ -101.263721597726558, 19.64201583203727 ], [ -101.263649263394768, 19.642078648858082 ], [ -101.263592155541815, 19.64214146722524 ], [ -101.263548374048085, 19.64218144185174 ], [ -101.263466519816305, 19.642238549257375 ], [ -101.263371342335844, 19.642286138008622 ], [ -101.263213345672682, 19.642335631248038 ], [ -101.263129589372809, 19.642362280835755 ], [ -101.263047080240526, 19.642395117837896 ], [ -101.263006034891418, 19.642392975958195 ], [ -101.26297349634379, 19.642406062978583 ], [ -101.262941135261684, 19.642455555890265 ], [ -101.262882124944511, 19.642486013279903 ], [ -101.26279830807637, 19.642490652807489 ], [ -101.262691231703897, 19.642483514924226 ], [ -101.26257987318543, 19.642432117625464 ], [ -101.262544180627089, 19.642398568235443 ], [ -101.262474060167079, 19.642359293200279 ], [ -101.262394954599543, 19.642328078758229 ], [ -101.262305912335947, 19.642311417918609 ], [ -101.262204785068192, 19.642316176658007 ], [ -101.261968028645128, 19.642238844924268 ], [ -101.261857384272645, 19.642190065963309 ], [ -101.261772912651708, 19.642155564422826 ], [ -101.261686063316787, 19.642141287328521 ], [ -101.261598021613537, 19.642109164348007 ], [ -101.261487378054127, 19.642048488155158 ], [ -101.26139100873111, 19.64198424212017 ], [ -101.261239914208076, 19.641879545876627 ], [ -101.261119751363552, 19.641780799434244 ], [ -101.261043607800971, 19.641717743017324 ], [ -101.260969844582107, 19.641652307556679 ], [ -101.260863958871653, 19.64151310863851 ], [ -101.260829457403659, 19.641448864396644 ], [ -101.260831835784927, 19.641390566572031 ], [ -101.260852060771128, 19.641308475880152 ], [ -101.260853250959144, 19.641284681424732 ], [ -101.260847302657865, 19.641254938069103 ], [ -101.260821128080906, 19.64122400484921 ], [ -101.260520126933685, 19.64107647796553 ], [ -101.260204847595162, 19.640932521039833 ], [ -101.259995454944416, 19.640843290781362 ], [ -101.25985631612707, 19.640732081568256 ], [ -101.259794369626348, 19.640633095930124 ], [ -101.259759391773144, 19.640537917818534 ], [ -101.259740232060011, 19.640446840713775 ], [ -101.259757559984493, 19.640368505984942 ], [ -101.259750897624841, 19.640315206278196 ], [ -101.259715681664971, 19.640267616631938 ], [ -101.259680466319963, 19.640245725769763 ], [ -101.259628118257709, 19.640228593981057 ], [ -101.25950914460816, 19.640205750560021 ], [ -101.259413013913417, 19.64019623340868 ], [ -101.259161742910422, 19.640195281167653 ], [ -101.259031348794579, 19.640190523236502 ], [ -101.25896948283534, 19.640180053428843 ], [ -101.258804824038776, 19.640142932937941 ], [ -101.258499301248435, 19.64006203212427 ], [ -101.258255643985791, 19.639982081813084 ], [ -101.258188163130413, 19.639973800804768 ], [ -101.258069665883397, 19.640002355247603 ], [ -101.258012558822557, 19.64000235535876 ], [ -101.257988288165564, 19.639990933020446 ], [ -101.257971155531735, 19.639972373789771 ], [ -101.257968300747223, 19.639912411077773 ], [ -101.257931180606292, 19.639863870129044 ], [ -101.25790157398491, 19.63976868808394 ], [ -101.257901003225228, 19.639728183297965 ], [ -101.258058244187126, 19.63971967523279 ], [ -101.258260973931428, 19.639721101941671 ], [ -101.258456565802874, 19.63973823456849 ], [ -101.259397404812162, 19.639822467147031 ], [ -101.259707210942906, 19.639839599589571 ], [ -101.259979896917358, 19.639845310002084 ], [ -101.260422477037878, 19.639836744198607 ], [ -101.260612519017585, 19.63982572036711 ], [ -101.260795100268538, 19.639809617619122 ], [ -101.261062076422988, 19.639761076849531 ], [ -101.26132043086956, 19.639712315919322 ] ] ], [ [ [ -101.095889443786575, 19.736582796286719 ], [ -101.096031143917443, 19.736399726270701 ], [ -101.096986064033985, 19.736758705687148 ], [ -101.097076344379587, 19.73696332636089 ], [ -101.097102723989835, 19.737013306075671 ], [ -101.098107013851191, 19.737057816372094 ], [ -101.098589743712111, 19.737087125676734 ], [ -101.099268273616843, 19.737188925684421 ], [ -101.099336974475406, 19.737194495737281 ], [ -101.099476403633872, 19.737157695991797 ], [ -101.099500643602525, 19.737119816174587 ], [ -101.099722154274787, 19.737119706400385 ], [ -101.099723443714851, 19.737478186252201 ], [ -101.099727173986423, 19.737658786381367 ], [ -101.09975804363863, 19.737802365867815 ], [ -101.099780524002739, 19.737906906309195 ], [ -101.10029764358984, 19.737746295677599 ], [ -101.100299776852921, 19.737815687522751 ], [ -101.100291123620735, 19.738035476143459 ], [ -101.10026380447772, 19.738045036014743 ], [ -101.099850474267171, 19.738223965782101 ], [ -101.099361974392252, 19.738398676289233 ], [ -101.098900274073898, 19.73858210585054 ], [ -101.098550464033593, 19.738687095878468 ], [ -101.098150943725045, 19.738828266041629 ], [ -101.097807543947326, 19.738945035822372 ], [ -101.097472523632362, 19.738992985762781 ], [ -101.097210784190523, 19.73897376617138 ], [ -101.096944544208242, 19.738922865854555 ], [ -101.096659443579867, 19.738822235767394 ], [ -101.096347303768923, 19.738678306347527 ], [ -101.095892443559833, 19.738463876047501 ], [ -101.095297924173124, 19.738153555788305 ], [ -101.094875843829456, 19.737962586410553 ], [ -101.094452154357995, 19.737771666084154 ], [ -101.093916803691698, 19.737531336328171 ], [ -101.092564664118427, 19.736925106276228 ], [ -101.092566753705569, 19.736788585558966 ], [ -101.092316233629376, 19.736752435690207 ], [ -101.092000404433008, 19.736650045824561 ], [ -101.09207783364468, 19.736234645923986 ], [ -101.092091704351262, 19.736110326163008 ], [ -101.092096414225679, 19.736070436274691 ], [ -101.092645153656235, 19.736155165875758 ], [ -101.093062613902617, 19.736173966359797 ], [ -101.093323294189901, 19.73617746566832 ], [ -101.093592984115901, 19.736176265683394 ], [ -101.093829294010561, 19.736183045995034 ], [ -101.093962634463963, 19.73625924618905 ], [ -101.094159543930161, 19.736457815845622 ], [ -101.094250894366667, 19.736393125856644 ], [ -101.094593344293287, 19.736488666057625 ], [ -101.094788894094961, 19.736554095958645 ], [ -101.094863503616835, 19.736476296169869 ], [ -101.095440403749777, 19.73671704630425 ], [ -101.09559278356771, 19.736447636057736 ], [ -101.095889443786575, 19.736582796286719 ] ] ], [ [ [ -101.311538858168532, 19.684818633935603 ], [ -101.311779779243238, 19.685003041799717 ], [ -101.311821419255637, 19.684979247581442 ], [ -101.312013385982993, 19.685132140065381 ], [ -101.310626335073508, 19.686199911103454 ], [ -101.310714650241948, 19.687233890155841 ], [ -101.311650597867427, 19.687206725697337 ], [ -101.311665250430224, 19.687593470650405 ], [ -101.310224702362348, 19.687629540704553 ], [ -101.309564480283811, 19.687721880396278 ], [ -101.309199379834169, 19.687795711147622 ], [ -101.308459119695726, 19.687939220496069 ], [ -101.307303418858709, 19.688176459652986 ], [ -101.306838769525754, 19.68826646120829 ], [ -101.306219318851177, 19.688391620557237 ], [ -101.305870510298149, 19.688484020434988 ], [ -101.305702489032697, 19.68853692131573 ], [ -101.305661331338158, 19.688927176201076 ], [ -101.305900100927985, 19.688934977311622 ], [ -101.305856756348092, 19.689420730800617 ], [ -101.305840896453901, 19.689611230880004 ], [ -101.305547926298274, 19.689605011778117 ], [ -101.305539399636743, 19.690218399759782 ], [ -101.305454628929397, 19.690626461090826 ], [ -101.305392725930702, 19.690903235869492 ], [ -101.304521668435711, 19.690815472530879 ], [ -101.304338807596523, 19.690754272897788 ], [ -101.304303408759537, 19.690592003292199 ], [ -101.304267864729937, 19.690470054953931 ], [ -101.304200487923609, 19.690579127132537 ], [ -101.303968659855173, 19.690751799760843 ], [ -101.303872679836999, 19.692189320516455 ], [ -101.303439820352196, 19.692203920203806 ], [ -101.303373830304565, 19.691002289955041 ], [ -101.302906998824909, 19.690949779895959 ], [ -101.30286177613219, 19.69047739585989 ], [ -101.302916580148278, 19.689824051220775 ], [ -101.303599679158864, 19.689860980271696 ], [ -101.303670349200488, 19.689457049666409 ], [ -101.303696650473157, 19.688589460429395 ], [ -101.303094949776053, 19.688481399850964 ], [ -101.303059908707056, 19.688477140410459 ], [ -101.302880569888529, 19.688460134283559 ], [ -101.302874081296736, 19.688539814622207 ], [ -101.302823270413271, 19.689085594995721 ], [ -101.302375501260883, 19.689045146618419 ], [ -101.30226426084981, 19.689830368696686 ], [ -101.301142940010678, 19.689684627393035 ], [ -101.300746338993207, 19.690827109670789 ], [ -101.300680386032838, 19.690990599602785 ], [ -101.300647588422265, 19.691124941013129 ], [ -101.300271634132457, 19.691048797252357 ], [ -101.300237123379077, 19.691168644780468 ], [ -101.302153287089197, 19.691316272831727 ], [ -101.302203256114979, 19.691259164953554 ], [ -101.302674389975209, 19.692030111753489 ], [ -101.302824295471638, 19.692294230801767 ], [ -101.302039073805389, 19.692222847648544 ], [ -101.29999034169056, 19.692025664614615 ], [ -101.299883267354275, 19.692406379742167 ], [ -101.299805933927516, 19.692724632387389 ], [ -101.299704806728798, 19.693060732014068 ], [ -101.299621526338427, 19.693405754060098 ], [ -101.299532295717157, 19.693753750249574 ], [ -101.299239756314535, 19.693953548467917 ], [ -101.299085229138896, 19.693991949990721 ], [ -101.299007759476865, 19.693996378332439 ], [ -101.298904251696442, 19.694007086207492 ], [ -101.298863073162565, 19.693979797865367 ], [ -101.298697240310986, 19.693953549040248 ], [ -101.298491281361663, 19.69384892783215 ], [ -101.298304629093309, 19.693750103552407 ], [ -101.298193984251043, 19.693668013199282 ], [ -101.298125438573052, 19.69359908491905 ], [ -101.297947710389138, 19.693528814857171 ], [ -101.29780886217398, 19.693398462949684 ], [ -101.297361241965376, 19.693007093799935 ], [ -101.29723030261512, 19.692918483131574 ], [ -101.297137502958506, 19.692879222112481 ], [ -101.297033860874592, 19.692968527570816 ], [ -101.296783676743729, 19.692990341819606 ], [ -101.296673269624776, 19.692819021404222 ], [ -101.295945721761697, 19.692179373271244 ], [ -101.295931186879343, 19.692014019217716 ], [ -101.295743433767726, 19.691746333305787 ], [ -101.295630779847556, 19.69158470990638 ], [ -101.295626625399365, 19.691580798131145 ], [ -101.295539585788404, 19.691498847531072 ], [ -101.295416204401832, 19.691306920848746 ], [ -101.295298186717943, 19.691190754598292 ], [ -101.295244542696921, 19.691130145250686 ], [ -101.294954864740845, 19.690857407490789 ], [ -101.294906585071246, 19.690796797644825 ], [ -101.294713465310082, 19.690524057781104 ], [ -101.294622269351621, 19.690306875886339 ], [ -101.294337956044245, 19.689680583316889 ], [ -101.294338382880568, 19.689679645501002 ], [ -101.294402327868994, 19.689539160338505 ], [ -101.294450099525562, 19.689460173792241 ], [ -101.294509617272183, 19.689362384243324 ], [ -101.294745651005044, 19.689397739075929 ], [ -101.29485830392214, 19.688968422312787 ], [ -101.294906584619653, 19.688791644932142 ], [ -101.294976320374687, 19.688675477435083 ], [ -101.295223085505881, 19.688518902259709 ], [ -101.295496670006798, 19.688427987628035 ], [ -101.295582500823343, 19.687973413260746 ], [ -101.295738070043953, 19.687887549938512 ], [ -101.29592582327858, 19.687821890088035 ], [ -101.29606529880968, 19.687786532413572 ], [ -101.296183314555151, 19.687781482073309 ], [ -101.296381799005516, 19.68779158505826 ], [ -101.296537366816679, 19.687806737528238 ], [ -101.296735850724161, 19.687842092385825 ], [ -101.296917256630408, 19.687941551626771 ], [ -101.297357456796774, 19.687962969241109 ], [ -101.297742928714882, 19.687967726441261 ], [ -101.298123642453916, 19.687958208582813 ], [ -101.298494838556508, 19.687962968383864 ], [ -101.298873173045394, 19.687989142891784 ], [ -101.299620322844376, 19.688039110486848 ], [ -101.299679603219758, 19.68804219774016 ], [ -101.299756349822573, 19.687294030007909 ], [ -101.299905325100482, 19.686680339245186 ], [ -101.300016433202941, 19.686222637504574 ], [ -101.300081494073879, 19.685863191919903 ], [ -101.300089409293534, 19.685800884439722 ], [ -101.30016530636091, 19.685319269667481 ], [ -101.300180046923927, 19.685149323621797 ], [ -101.300150542557802, 19.684581094819215 ], [ -101.301085293826915, 19.684865208178447 ], [ -101.301132231041578, 19.685395553814956 ], [ -101.301026283860622, 19.68537661314236 ], [ -101.300849257704513, 19.686361535754202 ], [ -101.301070329230555, 19.686399080845955 ], [ -101.301977708942218, 19.686520827833693 ], [ -101.303626678550032, 19.686821368598689 ], [ -101.303482391234496, 19.687744997465689 ], [ -101.303817910415034, 19.687736020477203 ], [ -101.304106049084155, 19.687689800211942 ], [ -101.304137089322964, 19.687574181278915 ], [ -101.304220580209275, 19.68743806065784 ], [ -101.304426880011036, 19.687104710715001 ], [ -101.304484020113932, 19.686746479944958 ], [ -101.304500950050084, 19.686368220919682 ], [ -101.304359478714133, 19.686156151065987 ], [ -101.30417098876751, 19.686044112932148 ], [ -101.303734649278979, 19.686006740871136 ], [ -101.303689148997265, 19.685996319796846 ], [ -101.303248229467115, 19.685895350491649 ], [ -101.302589349622977, 19.68573178068025 ], [ -101.302508850240415, 19.685667920307189 ], [ -101.302326819269084, 19.685452250654404 ], [ -101.302201349502994, 19.685307340132823 ], [ -101.302086289073486, 19.685160380402358 ], [ -101.30131348949304, 19.684212911051119 ], [ -101.300284110393264, 19.682869820578262 ], [ -101.301245435187951, 19.682344853822688 ], [ -101.301384059211074, 19.682289890462592 ], [ -101.301683319287989, 19.682171279554648 ], [ -101.301891348976241, 19.682103079904639 ], [ -101.302215420083868, 19.682279020805865 ], [ -101.302258430215304, 19.682322079943908 ], [ -101.302283580305954, 19.682351870605412 ], [ -101.302288060159498, 19.682348480064196 ], [ -101.302341829566657, 19.682412180932374 ], [ -101.302346319044148, 19.682408779558404 ], [ -101.302404369914228, 19.682477549849128 ], [ -101.302631459342109, 19.682643346026673 ], [ -101.30276422995226, 19.682676280359903 ], [ -101.30281917007369, 19.682697620340647 ], [ -101.302849459529469, 19.682733510191206 ], [ -101.3028687190032, 19.682711261218515 ], [ -101.302931150340697, 19.68264729075873 ], [ -101.303003949527366, 19.682591489960011 ], [ -101.303119090100964, 19.682530489917632 ], [ -101.303279462123086, 19.682720488919102 ], [ -101.303325649791972, 19.682685460378678 ], [ -101.303383509743625, 19.682641569682037 ], [ -101.303559119951501, 19.68250834984649 ], [ -101.303621478785971, 19.682490170585833 ], [ -101.303898387051603, 19.682599318534383 ], [ -101.304293829221251, 19.682980279704509 ], [ -101.304347768796973, 19.683445570963638 ], [ -101.305412580285576, 19.683114680338818 ], [ -101.305315489359941, 19.682921180250304 ], [ -101.304800379884668, 19.681898850174147 ], [ -101.304243340386734, 19.680854570951283 ], [ -101.304202308595521, 19.680725230679052 ], [ -101.304156309486871, 19.680511430963854 ], [ -101.304117919245911, 19.680369630850635 ], [ -101.304083480591856, 19.680295804192912 ], [ -101.302801766922769, 19.680089755773974 ], [ -101.300778728027964, 19.679771735323147 ], [ -101.300921954762984, 19.678994786751652 ], [ -101.300935755735338, 19.678919915240254 ], [ -101.301048855496845, 19.678306395738286 ], [ -101.30104437919546, 19.678218741354652 ], [ -101.299626280229418, 19.678035200778361 ], [ -101.299345417070811, 19.677992265846928 ], [ -101.299634049630171, 19.676491430058373 ], [ -101.299930979123516, 19.67494736966912 ], [ -101.300170139159675, 19.673233880407334 ], [ -101.299389984352601, 19.673158130619594 ], [ -101.299449774116525, 19.672813676174343 ], [ -101.299616585963321, 19.671852643456969 ], [ -101.299630741907308, 19.671771084285179 ], [ -101.299783753374612, 19.670889546916843 ], [ -101.30001025468016, 19.66951906260082 ], [ -101.300108306958592, 19.668925772195909 ], [ -101.300192643520546, 19.668415467692832 ], [ -101.301337268365913, 19.667272640573032 ], [ -101.302202280350869, 19.666967657992458 ], [ -101.30234771262613, 19.666955658831078 ], [ -101.302514602270023, 19.666984072063453 ], [ -101.302623074157083, 19.667035847445192 ], [ -101.302877530952671, 19.667248177699683 ], [ -101.303019619736062, 19.667366742460029 ], [ -101.303178840470963, 19.666486202314303 ], [ -101.303212760670959, 19.666437991831017 ], [ -101.303268138989509, 19.66638978040686 ], [ -101.303353522472264, 19.666370266616131 ], [ -101.30346708211259, 19.666406673010489 ], [ -101.303663018694664, 19.666510687528834 ], [ -101.303730205869911, 19.666548750939931 ], [ -101.303992439795778, 19.666697309471413 ], [ -101.304298414259549, 19.66685505133141 ], [ -101.304530925185276, 19.666925175913565 ], [ -101.304822238057923, 19.666980225511338 ], [ -101.305195126249714, 19.667011085910268 ], [ -101.305350761004291, 19.667010171543865 ], [ -101.305601332577297, 19.667013718048963 ], [ -101.306107635377543, 19.667001652657643 ], [ -101.306305114599041, 19.666992966764706 ], [ -101.306571007647335, 19.666970207240269 ], [ -101.306824318453181, 19.666933002001048 ], [ -101.306892695546466, 19.66692612213512 ], [ -101.306966099504024, 19.666926458163591 ], [ -101.307034390981343, 19.666936361610865 ], [ -101.30704433476663, 19.666925837518502 ], [ -101.307059968376095, 19.666904903081054 ], [ -101.307076357447528, 19.66687202408712 ], [ -101.307086471410827, 19.66683694771454 ], [ -101.307088273313639, 19.666818470254888 ], [ -101.307080753388789, 19.666791363404403 ], [ -101.307077592725236, 19.666755125184697 ], [ -101.307079320979398, 19.666737395046631 ], [ -101.307081122877236, 19.666718918495192 ], [ -101.307091236827901, 19.666683842127927 ], [ -101.307107625869705, 19.66665096223198 ], [ -101.307129794130148, 19.666621277942912 ], [ -101.307157066378281, 19.666595691512224 ], [ -101.307188614958974, 19.666574979431225 ], [ -101.307223480945453, 19.666559771684533 ], [ -101.307260604858243, 19.666550531047076 ], [ -101.307298858317324, 19.666547536916969 ], [ -101.307337080417014, 19.666550880950926 ], [ -101.307374108370482, 19.666560460860524 ], [ -101.307408817655912, 19.666575986939758 ], [ -101.307440153562098, 19.666596986740466 ], [ -101.307444685223928, 19.666601322129804 ], [ -101.307451312801717, 19.666610379610194 ], [ -101.307473790250214, 19.66663187991432 ], [ -101.307478322875511, 19.666636214400942 ], [ -101.307509658806396, 19.666657214188628 ], [ -101.307544368132028, 19.666672740238354 ], [ -101.307581395176584, 19.666682320094047 ], [ -101.307619617321137, 19.666685664057148 ], [ -101.307910195291527, 19.66668680144387 ], [ -101.308207589434517, 19.666691157608753 ], [ -101.30867874011544, 19.666747259748938 ], [ -101.308827353398158, 19.666765921922263 ], [ -101.309238283821003, 19.666842728910016 ], [ -101.309789708436185, 19.666963354584546 ], [ -101.309827929757503, 19.666966697986712 ], [ -101.309866183277094, 19.666963703206662 ], [ -101.309903307120592, 19.666954461917328 ], [ -101.310019271042151, 19.666921199981463 ], [ -101.31005413584397, 19.666905991572985 ], [ -101.310091259663494, 19.666896749331865 ], [ -101.310129514114337, 19.66689375448987 ], [ -101.310167735424344, 19.666897097806032 ], [ -101.310204763667173, 19.666906677932996 ], [ -101.310239473364518, 19.666922203368923 ], [ -101.310270809792769, 19.666943201685175 ], [ -101.310297820464257, 19.666969036888158 ], [ -101.310319685675736, 19.666998922245622 ], [ -101.31033574036401, 19.667031949385844 ], [ -101.310345495966757, 19.667067116490703 ], [ -101.310348657509223, 19.667103354654024 ], [ -101.310345128218032, 19.667139561434304 ], [ -101.310335016030137, 19.667174638040031 ], [ -101.310318626749634, 19.667207518299037 ], [ -101.310296459090267, 19.667237203073242 ], [ -101.310269187304613, 19.667262790086735 ], [ -101.310237639033843, 19.667283502824542 ], [ -101.310202773199038, 19.667298711276953 ], [ -101.310165649281856, 19.667307952643082 ], [ -101.31013302643187, 19.66732116939065 ], [ -101.310098160575691, 19.667336377819534 ], [ -101.310066613223029, 19.667357089621486 ], [ -101.31003934040875, 19.667382677498573 ], [ -101.310021672498124, 19.667423361980621 ], [ -101.310025685070499, 19.667467389649225 ], [ -101.309739636949956, 19.669030857064165 ], [ -101.309615552466084, 19.669723645735125 ], [ -101.30964873303428, 19.66981843891525 ], [ -101.309620585660682, 19.669956523328732 ], [ -101.309551527874831, 19.67029529059436 ], [ -101.309481828999978, 19.670634009713659 ], [ -101.30926902021703, 19.67163774041196 ], [ -101.309375429744478, 19.671660200718954 ], [ -101.309352401148431, 19.671796951130339 ], [ -101.310705859266292, 19.672046660796401 ], [ -101.31058492034667, 19.672816445998524 ], [ -101.311691140071233, 19.673015999833982 ], [ -101.312709279679638, 19.673197421234214 ], [ -101.312751599924241, 19.672980541295008 ], [ -101.312830028576755, 19.672597181058055 ], [ -101.312894119955175, 19.672283720639165 ], [ -101.312961460365898, 19.67213704965533 ], [ -101.313492830028878, 19.672177819970674 ], [ -101.313586689189606, 19.672125180625148 ], [ -101.313738539930227, 19.671953290722065 ], [ -101.313887980334357, 19.671932381005568 ], [ -101.314496109422052, 19.672166691210943 ], [ -101.314744429242921, 19.672262370423944 ], [ -101.314737400377496, 19.672331580186228 ], [ -101.314899309042417, 19.672493151599234 ], [ -101.315421749453591, 19.67301450960079 ], [ -101.315361818584165, 19.673371827575576 ], [ -101.315295649029594, 19.673796450550807 ], [ -101.315272628758493, 19.673944050082177 ], [ -101.315232659430251, 19.674123850248243 ], [ -101.315145654271234, 19.674365364096339 ], [ -101.315132467820476, 19.674401968017307 ], [ -101.314964799538572, 19.674521100168828 ], [ -101.31485479225303, 19.674750791959749 ], [ -101.314788458359317, 19.674853598585067 ], [ -101.31434445024567, 19.674821179912421 ], [ -101.312630738670549, 19.67456645051718 ], [ -101.31233095969084, 19.676279520891725 ], [ -101.312050229959169, 19.676244570799522 ], [ -101.311917199522938, 19.676919200709168 ], [ -101.311746768827106, 19.676897281213105 ], [ -101.311719248908801, 19.677030999900936 ], [ -101.311660689067594, 19.677357910084364 ], [ -101.311315950273041, 19.67729777985328 ], [ -101.311247879405229, 19.677623149568543 ], [ -101.31085171949681, 19.677553420855634 ], [ -101.310713220320238, 19.678255650439706 ], [ -101.310550860070663, 19.678224910325145 ], [ -101.310353709453381, 19.678185309652036 ], [ -101.310371420420893, 19.678111520941091 ], [ -101.310166910075708, 19.67807769020532 ], [ -101.310089919041999, 19.678418519740557 ], [ -101.310024489974253, 19.678443080355446 ], [ -101.309962968818752, 19.678734250224561 ], [ -101.310003170315582, 19.678763549824779 ], [ -101.309942799593969, 19.679070800310136 ], [ -101.309585828630418, 19.679001110856774 ], [ -101.30948561871557, 19.679308079884208 ], [ -101.309415280279723, 19.679352339961209 ], [ -101.309359629469313, 19.679628940372119 ], [ -101.309339509153432, 19.67972897072406 ], [ -101.308933779546251, 19.679665020481874 ], [ -101.308875399111983, 19.680005150099966 ], [ -101.30902277018545, 19.680046860132382 ], [ -101.308828818835636, 19.681248741267726 ], [ -101.308760488684939, 19.681580259973757 ], [ -101.307618605699332, 19.681375800333605 ], [ -101.307537120211009, 19.681868450324455 ], [ -101.307392615898124, 19.682315060360015 ], [ -101.30728424955096, 19.682495770635274 ], [ -101.307393739804766, 19.682561520839894 ], [ -101.3076275097376, 19.68254601982397 ], [ -101.307851739790209, 19.682476570150584 ], [ -101.308233260312051, 19.68236443053992 ], [ -101.308285079714224, 19.682499720806383 ], [ -101.308371429538695, 19.682725229888849 ], [ -101.308102490381245, 19.68323618116186 ], [ -101.307994489202912, 19.683175455323834 ], [ -101.307859278908438, 19.683537260567636 ], [ -101.307866878985521, 19.683597110728602 ], [ -101.307844973687864, 19.683632510879214 ], [ -101.307818220109823, 19.68402265978602 ], [ -101.307154609875809, 19.683947232058202 ], [ -101.307091249480578, 19.683961770462705 ], [ -101.307104709824685, 19.683997381296678 ], [ -101.307026049016415, 19.684025289600083 ], [ -101.307039519223224, 19.68406009028444 ], [ -101.306997490035869, 19.684101919730612 ], [ -101.306935450330968, 19.68412388100905 ], [ -101.30694710890657, 19.684150321252989 ], [ -101.306863312351098, 19.684180390073916 ], [ -101.306871769143001, 19.68420277009055 ], [ -101.306793349832091, 19.68422982024379 ], [ -101.306810319511285, 19.684268459613556 ], [ -101.306725519606175, 19.684304630199495 ], [ -101.306744139881488, 19.684353180829032 ], [ -101.306661778656107, 19.684384689832601 ], [ -101.306684419995321, 19.6844383702357 ], [ -101.306607450322559, 19.684471179924994 ], [ -101.306630078693644, 19.684527399643887 ], [ -101.306556713637377, 19.684560689826291 ], [ -101.306581859137069, 19.684608889740137 ], [ -101.306502119309741, 19.684643780174845 ], [ -101.306528909226188, 19.684701601323024 ], [ -101.306445779100244, 19.684734861234947 ], [ -101.306475949684469, 19.68479431104004 ], [ -101.306387720210253, 19.684832350787616 ], [ -101.306422939980664, 19.684899829711068 ], [ -101.30630621960627, 19.685052001198539 ], [ -101.306211648984828, 19.685068910253179 ], [ -101.305827679093767, 19.68408725016965 ], [ -101.304316958726844, 19.684513769898992 ], [ -101.304321430408876, 19.684644630145332 ], [ -101.304493508872625, 19.68484311033896 ], [ -101.304541649507229, 19.684807200363551 ], [ -101.304595749487277, 19.684878119623097 ], [ -101.304620259291781, 19.684909821069112 ], [ -101.304822858644741, 19.685140831135197 ], [ -101.305163860373355, 19.685613550883545 ], [ -101.305323459002494, 19.685802631233358 ], [ -101.304869579436613, 19.686142280561072 ], [ -101.304897310112807, 19.686389400721055 ], [ -101.304882853339265, 19.68669443004255 ], [ -101.305025619656831, 19.686667861033605 ], [ -101.305430508580827, 19.686474060662544 ], [ -101.305733828750306, 19.686307249919327 ], [ -101.306189309806925, 19.686165150221616 ], [ -101.306582058697174, 19.686098571324123 ], [ -101.306741258715121, 19.686057280225878 ], [ -101.306944539616737, 19.686024089775142 ], [ -101.307258249434796, 19.686025829852145 ], [ -101.307936480407108, 19.685952880814924 ], [ -101.308005948751585, 19.686024594187572 ], [ -101.308440333533781, 19.685511692088099 ], [ -101.309013931545834, 19.684869399402576 ], [ -101.309765455880552, 19.684027860416116 ], [ -101.309819698034545, 19.684018540210939 ], [ -101.309937344076786, 19.68410717374784 ], [ -101.310093336182064, 19.684179154354688 ], [ -101.310307487308734, 19.684247562594226 ], [ -101.310485946920309, 19.684271358310287 ], [ -101.310634662666516, 19.684321921854547 ], [ -101.310720918157585, 19.684390330813507 ], [ -101.310943993092025, 19.6844468432448 ], [ -101.311146247468443, 19.684467664252793 ], [ -101.311369322050211, 19.68458961129911 ], [ -101.31148234564867, 19.684708584440429 ], [ -101.311538858168532, 19.684818633935603 ] ] ], [ [ [ -101.274340154290911, 19.678977224532577 ], [ -101.274348739153169, 19.67893551955688 ], [ -101.274516509226871, 19.678806851114 ], [ -101.275187709232284, 19.679578910791548 ], [ -101.27567150966992, 19.679297420412425 ], [ -101.276168267452206, 19.679971390253346 ], [ -101.276449113667837, 19.679568573223101 ], [ -101.276904562981215, 19.678929302847276 ], [ -101.277141557899782, 19.67877654192506 ], [ -101.277282897875907, 19.678772259384072 ], [ -101.27751388394239, 19.678603972127625 ], [ -101.277613051964536, 19.678384098345571 ], [ -101.276534797060791, 19.677472113065672 ], [ -101.278009940394725, 19.676569479976468 ], [ -101.277529712477673, 19.676116647074846 ], [ -101.277092598252295, 19.6763977508528 ], [ -101.276179540617207, 19.675567578604156 ], [ -101.276717483176895, 19.675424527862319 ], [ -101.276901373517973, 19.6754734234956 ], [ -101.277345211502563, 19.675904999367486 ], [ -101.277454061600309, 19.675067826425469 ], [ -101.277491537480174, 19.67490364421144 ], [ -101.277534368679596, 19.67477515250269 ], [ -101.277586716125086, 19.674691870543676 ], [ -101.278935453792499, 19.674001847120863 ], [ -101.278913408255434, 19.67350412833623 ], [ -101.278901988115521, 19.672950189063293 ], [ -101.278896276890521, 19.67281313209422 ], [ -101.278886282782182, 19.672591841690192 ], [ -101.278840222311999, 19.671213876596894 ], [ -101.278825763429012, 19.670751994290811 ], [ -101.278843195670945, 19.67063066990319 ], [ -101.27887650964017, 19.670528352847924 ], [ -101.278965613113229, 19.670416564692584 ], [ -101.278835938860013, 19.670305041381525 ], [ -101.278592282217076, 19.670306943727958 ], [ -101.278455225126223, 19.670301233703249 ], [ -101.278314362268858, 19.670268874200886 ], [ -101.278122100774269, 19.670067095264983 ], [ -101.278064993243646, 19.670101360341977 ], [ -101.277566258704866, 19.670114684961884 ], [ -101.276768465165674, 19.670170368990732 ], [ -101.276745752889994, 19.669967166945831 ], [ -101.276340543539007, 19.670005993126729 ], [ -101.275946140352886, 19.670075242134249 ], [ -101.275552763811888, 19.670110127123483 ], [ -101.275584659535767, 19.670299706091878 ], [ -101.27520219179938, 19.670345831911103 ], [ -101.274934578463885, 19.670542372493795 ], [ -101.27489491133818, 19.67080127555726 ], [ -101.274341318422287, 19.670771609565982 ], [ -101.274351641198393, 19.670353746566931 ], [ -101.273999000455206, 19.670360208665297 ], [ -101.27380909811626, 19.670370807368087 ], [ -101.273768950174443, 19.670186291539085 ], [ -101.273810898332485, 19.669858620560728 ], [ -101.273890396860637, 19.669798674280699 ], [ -101.274255166643158, 19.66970005916858 ], [ -101.274266952466888, 19.668674878443849 ], [ -101.274740705379671, 19.668598020905151 ], [ -101.275136616538504, 19.668514236106745 ], [ -101.275569899744127, 19.668431427517728 ], [ -101.275940588948231, 19.668352637562617 ], [ -101.276335907452832, 19.668282134307653 ], [ -101.276638030903499, 19.668219919253666 ], [ -101.27676937839567, 19.66822991378713 ], [ -101.276887874237588, 19.668251329053572 ], [ -101.277008251670665, 19.668299576496764 ], [ -101.27700670703824, 19.668233882073348 ], [ -101.276104280462263, 19.666379301691869 ], [ -101.278473760563315, 19.666005992360105 ], [ -101.278773657807818, 19.666851087019296 ], [ -101.278906052077275, 19.667201128553621 ], [ -101.279000201739322, 19.667465017238836 ], [ -101.279688169895493, 19.66731440578339 ], [ -101.279657663611587, 19.667171630140487 ], [ -101.280048847656232, 19.667117379356323 ], [ -101.280054558442103, 19.667232306592147 ], [ -101.280482861576431, 19.667207321883669 ], [ -101.280493568288179, 19.667289413962159 ], [ -101.280776628007615, 19.667180333900344 ], [ -101.281246668975797, 19.666957478503221 ], [ -101.281717802375795, 19.66686825007665 ], [ -101.281735946392487, 19.666937791294103 ], [ -101.282945864126376, 19.666729306783065 ], [ -101.282810859562233, 19.666999444450809 ], [ -101.283531743350196, 19.666942938079114 ], [ -101.283362131902834, 19.66729560077081 ], [ -101.283452066344722, 19.667849382331799 ], [ -101.283438812728718, 19.668098192923175 ], [ -101.283412306778729, 19.668444274256181 ], [ -101.283423667655114, 19.668641392807146 ], [ -101.283264001093286, 19.66899521597654 ], [ -101.282923209075705, 19.669177517418063 ], [ -101.282756607948556, 19.669340060599538 ], [ -101.281972957749133, 19.668646083430421 ], [ -101.281674714013491, 19.669216424161316 ], [ -101.281920007897568, 19.669476345067576 ], [ -101.282003766402127, 19.669601981208796 ], [ -101.282075105995318, 19.669759699652413 ], [ -101.282152242640166, 19.670013149693794 ], [ -101.282565794161627, 19.670043608013579 ], [ -101.282553896233821, 19.670724132879918 ], [ -101.282584829017935, 19.671066776995264 ], [ -101.281502174883826, 19.671081053180487 ], [ -101.281434310933022, 19.671363782014762 ], [ -101.281148254235006, 19.672998163288653 ], [ -101.281337602792462, 19.67304869790895 ], [ -101.281364729699817, 19.673345655091676 ], [ -101.28141628436849, 19.673611752395427 ], [ -101.281982825972307, 19.673397976847102 ], [ -101.282498996838981, 19.672985578928369 ], [ -101.282956840073382, 19.67356455838399 ], [ -101.283315703307309, 19.673445142475273 ], [ -101.283639526946942, 19.67431111222297 ], [ -101.284076948204657, 19.67416631474153 ], [ -101.284563506978628, 19.673968093190389 ], [ -101.284802777838777, 19.674586965810221 ], [ -101.285114824582948, 19.675394064208117 ], [ -101.284642502069218, 19.67559092231345 ], [ -101.284312246918745, 19.674761004996547 ], [ -101.28421218982173, 19.674509564397205 ], [ -101.283332891810971, 19.674834163941455 ], [ -101.283438191562595, 19.675194401110385 ], [ -101.283974997640584, 19.675676004150354 ], [ -101.284222462444248, 19.676901902101349 ], [ -101.283320170622588, 19.677170306133981 ], [ -101.283108874283144, 19.677164595081724 ], [ -101.28231127757968, 19.676993274132258 ], [ -101.28190988277656, 19.676957319083201 ], [ -101.281922475050976, 19.677055140844161 ], [ -101.281947984742857, 19.677382960573684 ], [ -101.281943226879392, 19.677463861747729 ], [ -101.281933708979437, 19.67753810289177 ], [ -101.281912768922865, 19.677639941734299 ], [ -101.281862324363942, 19.67775701266396 ], [ -101.281963480472925, 19.677768660286048 ], [ -101.283794950389961, 19.678855620420379 ], [ -101.284192080013426, 19.679394599903439 ], [ -101.284433545785191, 19.68010686298171 ], [ -101.284121757819761, 19.680235781553826 ], [ -101.28300137518228, 19.680473765984559 ], [ -101.282873016821341, 19.680511799408439 ], [ -101.282743575399209, 19.680635531239048 ], [ -101.282379754655352, 19.681144735996494 ], [ -101.282431536107566, 19.681187886725183 ], [ -101.282428967068796, 19.681234274429109 ], [ -101.281734445304025, 19.681864285252992 ], [ -101.281731589688192, 19.681972788001062 ], [ -101.281452583133131, 19.681976115154779 ], [ -101.281481120035266, 19.683003240927491 ], [ -101.282167767145481, 19.682993137601947 ], [ -101.282852323971071, 19.682983680118998 ], [ -101.283533841135991, 19.682963850152053 ], [ -101.28427061779783, 19.68296283234276 ], [ -101.284467161022093, 19.683518007100588 ], [ -101.284721137057005, 19.683316806781264 ], [ -101.285869122109844, 19.682549058436265 ], [ -101.286373377333646, 19.682256099997669 ], [ -101.286673784061733, 19.682104570456119 ], [ -101.286877632868098, 19.682114673090808 ], [ -101.28738188847754, 19.682256101036536 ], [ -101.287896872482307, 19.682488447288051 ], [ -101.288444042726411, 19.682751098211039 ], [ -101.288508414891567, 19.684155266710501 ], [ -101.288562060074398, 19.685549319993704 ], [ -101.288594246397565, 19.686963564046387 ], [ -101.288637161842928, 19.687903021337824 ], [ -101.288114948135515, 19.688431885195566 ], [ -101.288263458725424, 19.688708820513003 ], [ -101.288357450154535, 19.688866219587432 ], [ -101.288597950327485, 19.689552279801593 ], [ -101.288663420415816, 19.689609179600499 ], [ -101.288954580046052, 19.690244140056922 ], [ -101.289010060317423, 19.690372139855185 ], [ -101.28654274986053, 19.691166250447125 ], [ -101.286617170029459, 19.691312280201 ], [ -101.287049369589539, 19.692057880054033 ], [ -101.28795058002521, 19.69198691967846 ], [ -101.289645090266575, 19.691441320250302 ], [ -101.289825509907885, 19.691434149627668 ], [ -101.290003520288039, 19.691435380442062 ], [ -101.290090419742043, 19.691450679784417 ], [ -101.29012983025568, 19.691480920244533 ], [ -101.290185599674473, 19.691543090223146 ], [ -101.290263569658222, 19.691589019576032 ], [ -101.29031232029476, 19.691594489963691 ], [ -101.290356539651853, 19.691591650309494 ], [ -101.290429780387441, 19.691569549639482 ], [ -101.290875980430314, 19.691444310101151 ], [ -101.291000489794371, 19.691004430123755 ], [ -101.291157659838333, 19.690954259625865 ], [ -101.291370570305489, 19.690881060400958 ], [ -101.291493474993146, 19.69096508797789 ], [ -101.291500495211224, 19.690969886922058 ], [ -101.291557660232328, 19.691018459712684 ], [ -101.291680680103994, 19.691138429624413 ], [ -101.291661579626251, 19.691236400079649 ], [ -101.291696320352628, 19.691987019814622 ], [ -101.292019498688546, 19.69270179090169 ], [ -101.291905283630825, 19.692777933225546 ], [ -101.2918386590068, 19.692873112334848 ], [ -101.291695892440387, 19.69305394995239 ], [ -101.291814075318271, 19.693408499723773 ], [ -101.291814656606718, 19.693410244305941 ], [ -101.291895766308997, 19.693653574649932 ], [ -101.291089127876248, 19.693931971552363 ], [ -101.291386562103355, 19.694812373149748 ], [ -101.292413111648386, 19.694810503344218 ], [ -101.292038880179973, 19.696514771211675 ], [ -101.292003628947597, 19.696666341160022 ], [ -101.291943089778485, 19.696832090352522 ], [ -101.291878858940535, 19.696947150363524 ], [ -101.291809800214125, 19.697037120077852 ], [ -101.291724880027914, 19.697085981032608 ], [ -101.291649219102027, 19.697109429661431 ], [ -101.291568979245639, 19.69711365094388 ], [ -101.291510278826465, 19.697107619619594 ], [ -101.291712633129748, 19.6971532694212 ], [ -101.29181705907645, 19.697176257138608 ], [ -101.293938891847503, 19.697596071527059 ], [ -101.293932493894914, 19.697628504661441 ], [ -101.29413762046191, 19.697666326652293 ], [ -101.294036278497174, 19.698167010258278 ], [ -101.293555191080671, 19.698711541532504 ], [ -101.29327138825991, 19.699020863435713 ], [ -101.29330560085009, 19.6990481734951 ], [ -101.293048409144291, 19.699332319509985 ], [ -101.292686802888312, 19.699733474302263 ], [ -101.292345784721263, 19.700099652379901 ], [ -101.292037554994664, 19.700430620868541 ], [ -101.291703728391255, 19.700819914445109 ], [ -101.291369123877971, 19.701188101897024 ], [ -101.291144619052915, 19.701417248194517 ], [ -101.290916996237897, 19.701681142873088 ], [ -101.290152851525932, 19.702518823493129 ], [ -101.290033907549741, 19.702646969272767 ], [ -101.289925987043901, 19.702763239044273 ], [ -101.289839443318655, 19.702845989436046 ], [ -101.289582664039088, 19.703091511318593 ], [ -101.289411002910924, 19.703333927659699 ], [ -101.289276893017217, 19.703495538005981 ], [ -101.288692171231673, 19.703394531242164 ], [ -101.288590245877501, 19.702793540231813 ], [ -101.288492014891773, 19.702240826556221 ], [ -101.288414255833985, 19.701833013661908 ], [ -101.288352093367706, 19.701588798697056 ], [ -101.288312467749719, 19.701390377284479 ], [ -101.288312363912951, 19.701384261190736 ], [ -101.288311969687186, 19.701361062088111 ], [ -101.288305634020617, 19.700988477087904 ], [ -101.288340253585091, 19.700813455142992 ], [ -101.288392352327719, 19.700623034227899 ], [ -101.288468497257824, 19.700344728031016 ], [ -101.287833490386618, 19.699825081912742 ], [ -101.2881236005083, 19.699246885627712 ], [ -101.288345276033624, 19.69897816728373 ], [ -101.288570096857839, 19.698690103482644 ], [ -101.288094392288698, 19.69831459222501 ], [ -101.288116109258311, 19.69734778146757 ], [ -101.288339477287565, 19.697523611205987 ], [ -101.288306759545264, 19.697458176240758 ], [ -101.288297836142632, 19.697389766315869 ], [ -101.288306760378461, 19.697324331312842 ], [ -101.288348400649994, 19.697258896002925 ], [ -101.288669627130702, 19.696887104900448 ], [ -101.288738037201114, 19.696818695786693 ], [ -101.288841779784434, 19.696771019700698 ], [ -101.288470280411957, 19.696725890019653 ], [ -101.288237449536027, 19.696706819745923 ], [ -101.288289939610294, 19.696364370413708 ], [ -101.288282888586252, 19.69622845064638 ], [ -101.288252940006316, 19.696146289793273 ], [ -101.288198689116783, 19.696064031019326 ], [ -101.288155769156603, 19.695953750785321 ], [ -101.288138878795635, 19.695883909647726 ], [ -101.28811175034275, 19.695840630544794 ], [ -101.288057940069848, 19.695799950268793 ], [ -101.288003219121009, 19.695730380772517 ], [ -101.287963180475629, 19.695645859636443 ], [ -101.287922689344171, 19.695516970401759 ], [ -101.287860580421466, 19.695393580309783 ], [ -101.28782757995134, 19.695308479622046 ], [ -101.287797399363967, 19.695223939589475 ], [ -101.287783539804437, 19.6951396612045 ], [ -101.28778439938074, 19.695042880164728 ], [ -101.287765968699347, 19.694962830738497 ], [ -101.287744140052865, 19.694876419574481 ], [ -101.287703968622949, 19.694812919843177 ], [ -101.287674089761339, 19.694716860642906 ], [ -101.287626180381309, 19.694582350257662 ], [ -101.287602480045521, 19.694467150546366 ], [ -101.287590748766689, 19.694386520020299 ], [ -101.287547029215986, 19.694227110361517 ], [ -101.287502909368555, 19.694144400710638 ], [ -101.287468270776671, 19.694096971731341 ], [ -101.287369505143758, 19.694106040991809 ], [ -101.287290620366122, 19.694047443218235 ], [ -101.287233190107727, 19.693948439429253 ], [ -101.287151516314069, 19.693800661670114 ], [ -101.287072839232707, 19.69371712765977 ], [ -101.287069842890688, 19.693612008988552 ], [ -101.287025249814533, 19.693561580414961 ], [ -101.286894780250023, 19.693470139888973 ], [ -101.286825819850208, 19.693359200415259 ], [ -101.28555263376596, 19.693754724592022 ], [ -101.285292750341142, 19.693835460079626 ], [ -101.285250030078799, 19.693851110132083 ], [ -101.285028109701543, 19.693929709731158 ], [ -101.285173199783785, 19.694115079551505 ], [ -101.285178259644539, 19.694157819919369 ], [ -101.285230770186075, 19.694693979725486 ], [ -101.283330139703082, 19.694775029552321 ], [ -101.281587689917828, 19.694846199913385 ], [ -101.281593680270106, 19.694966089982856 ], [ -101.282089570407464, 19.69591747975598 ], [ -101.282430079801088, 19.696568150287376 ], [ -101.28278803004531, 19.697243429752689 ], [ -101.282876720394469, 19.69741052022459 ], [ -101.282761720305032, 19.697766259923156 ], [ -101.282689379569547, 19.698003199773911 ], [ -101.283042860156968, 19.697925450031107 ], [ -101.283151799711618, 19.698455979958283 ], [ -101.282072799858554, 19.69814854994133 ], [ -101.2814873397529, 19.697985509959775 ], [ -101.281338599838151, 19.698304770387693 ], [ -101.280557179985934, 19.70103671984679 ], [ -101.28035982030454, 19.700966919885314 ], [ -101.279261710431456, 19.700578539585251 ], [ -101.278663250037127, 19.700459680259726 ], [ -101.278050219802708, 19.700348380024501 ], [ -101.277373260131355, 19.700162290259993 ], [ -101.2773799802562, 19.700215399722691 ], [ -101.277406629980547, 19.700322649600132 ], [ -101.277416149869126, 19.700484619813455 ], [ -101.277429860398314, 19.700607860072139 ], [ -101.277458519788013, 19.70068902040952 ], [ -101.277524230079962, 19.700850399618496 ], [ -101.277560249933472, 19.700940780262545 ], [ -101.27760001958876, 19.70104670978715 ], [ -101.277644419751155, 19.701135919611275 ], [ -101.277684750030062, 19.701196550278187 ], [ -101.277727149817224, 19.701235650241372 ], [ -101.27777574959498, 19.70128822993124 ], [ -101.277851420044755, 19.701483829871755 ], [ -101.277843940252012, 19.701557000250567 ], [ -101.278445079824607, 19.701589850242399 ], [ -101.279024689623043, 19.701624379819069 ], [ -101.279257429900014, 19.701660260065147 ], [ -101.279435630394389, 19.701715660109667 ], [ -101.279456080268019, 19.701775459834167 ], [ -101.279616829587269, 19.702245489967307 ], [ -101.279789650025151, 19.702674140369915 ], [ -101.279929180445734, 19.703083380233878 ], [ -101.280038260227499, 19.703401620159248 ], [ -101.280208109915392, 19.703840629819513 ], [ -101.280956919791237, 19.703598420397054 ], [ -101.281133600021917, 19.704031180051999 ], [ -101.281295620421616, 19.704126230118781 ], [ -101.281438600426299, 19.70440731024345 ], [ -101.281744740034242, 19.704855880401333 ], [ -101.281993080303423, 19.705177169806852 ], [ -101.282289860399203, 19.705600259844232 ], [ -101.282842450344305, 19.706364150302779 ], [ -101.282902570038658, 19.706438819583138 ], [ -101.282701569527731, 19.706624910333758 ], [ -101.282652350216964, 19.706835680394835 ], [ -101.282371630105018, 19.706774400232845 ], [ -101.282244020180769, 19.706581859686505 ], [ -101.281964076762449, 19.706683697316912 ], [ -101.281419859583423, 19.70589491020554 ], [ -101.28128431039643, 19.705728719744464 ], [ -101.279967939850181, 19.706218084100993 ], [ -101.279552570335269, 19.705555319887303 ], [ -101.279352350135724, 19.705113769773984 ], [ -101.279129950097897, 19.704681089883412 ], [ -101.278917769704748, 19.704260119714124 ], [ -101.278712949550211, 19.703853909830642 ], [ -101.278565660325185, 19.703577449641013 ], [ -101.278355720370001, 19.703119259587993 ], [ -101.278164420313288, 19.703060379965173 ], [ -101.27845428955537, 19.703586800267395 ], [ -101.277769049953733, 19.703482259806073 ], [ -101.276801920308728, 19.703616710231987 ], [ -101.276736709553646, 19.70362721985445 ], [ -101.276628910260683, 19.703665250232888 ], [ -101.276761739793685, 19.703954539755298 ], [ -101.276916090455543, 19.704373079761435 ], [ -101.2773028204616, 19.705138520392143 ], [ -101.277068200340807, 19.705215319551169 ], [ -101.276823799916713, 19.70475257019897 ], [ -101.2766462000844, 19.704820659649656 ], [ -101.276502350231794, 19.704496260104801 ], [ -101.276064909818913, 19.704626049787414 ], [ -101.275913710344199, 19.70425497978011 ], [ -101.275685120078364, 19.703797659869341 ], [ -101.275360659802871, 19.703843170181244 ], [ -101.274147720060725, 19.703939030252105 ], [ -101.273995369811985, 19.703504909936004 ], [ -101.273611630113919, 19.703573030515425 ], [ -101.272828201903963, 19.703614775231543 ], [ -101.272702452628465, 19.703624504822027 ], [ -101.272733298607122, 19.703954039330295 ], [ -101.272745369436819, 19.704080928563524 ], [ -101.272307020398316, 19.704108924198646 ], [ -101.272251171608303, 19.704112491222677 ], [ -101.272011379916549, 19.704135746788896 ], [ -101.271802248795822, 19.704158580268121 ], [ -101.271195378878573, 19.704225399616934 ], [ -101.270971654914916, 19.704249874604283 ], [ -101.270971605126192, 19.704249879802294 ], [ -101.270946774255833, 19.704252594221035 ], [ -101.270930288938416, 19.704254400838483 ], [ -101.27101132044865, 19.704607110244925 ], [ -101.270912629984224, 19.704642966391859 ], [ -101.270446048620173, 19.704812480789968 ], [ -101.269953339702454, 19.704974140817736 ], [ -101.269915280011148, 19.704990183515189 ], [ -101.269522849930794, 19.705155600021047 ], [ -101.269019340295912, 19.70533862963941 ], [ -101.269018584908935, 19.705338695777353 ], [ -101.268781660127672, 19.705359327342517 ], [ -101.26832591946669, 19.705404881132182 ], [ -101.267876750434624, 19.705430620322481 ], [ -101.267441708875225, 19.705466430138067 ], [ -101.266595249882059, 19.705564690233537 ], [ -101.266670289266813, 19.70656731079314 ], [ -101.266267230343843, 19.706534319830713 ], [ -101.266253342645342, 19.706533855586944 ], [ -101.265351629953429, 19.706503689958236 ], [ -101.265367940374787, 19.706723599652182 ], [ -101.264856079973427, 19.706801140201208 ], [ -101.264500850439873, 19.706834419877875 ], [ -101.264401629994452, 19.705784170036779 ], [ -101.263983510215681, 19.705827710280818 ], [ -101.263551800123409, 19.705862319774663 ], [ -101.263112720361164, 19.705887750439885 ], [ -101.263158381671104, 19.706279636466647 ], [ -101.263162258645139, 19.706312910721813 ], [ -101.26231491008447, 19.706423980285134 ], [ -101.262254858741656, 19.705958599892156 ], [ -101.262005119385975, 19.705971970668926 ], [ -101.261942919730757, 19.705802854847576 ], [ -101.261847429073867, 19.705514149624126 ], [ -101.261732369614904, 19.705077140028287 ], [ -101.261562748629402, 19.705084630920197 ], [ -101.261402049515823, 19.705096819835354 ], [ -101.261148459910046, 19.705113539981983 ], [ -101.260948540081671, 19.705132981307663 ], [ -101.260748400279752, 19.70513550995085 ], [ -101.260448539831955, 19.70516637134148 ], [ -101.260266920358077, 19.705235380877475 ], [ -101.260685658896705, 19.705914030330238 ], [ -101.260887250299163, 19.706056460772576 ], [ -101.261286709924079, 19.706764659767206 ], [ -101.261405500797409, 19.707015968004818 ], [ -101.261730229522641, 19.707702940096091 ], [ -101.26194499275185, 19.708166373074562 ], [ -101.26194500504927, 19.708166399416967 ], [ -101.262083350285934, 19.708449220282414 ], [ -101.262459689947519, 19.709216159840814 ], [ -101.262777544957245, 19.709140734313316 ], [ -101.263127326178662, 19.709968787099847 ], [ -101.262689698441477, 19.710197431930919 ], [ -101.262689231088032, 19.71019784836302 ], [ -101.26252905030546, 19.710340490239894 ], [ -101.262584394053079, 19.710457964331344 ], [ -101.26258444892683, 19.710458080604123 ], [ -101.262703289167575, 19.710619180145827 ], [ -101.262826879694927, 19.710950339794341 ], [ -101.262845888563405, 19.711147250397325 ], [ -101.26292421968607, 19.711484820282088 ], [ -101.262668709046025, 19.711610680659604 ], [ -101.262327048801112, 19.711764509789354 ], [ -101.261933889092319, 19.711960780939052 ], [ -101.261562428767292, 19.712169779801808 ], [ -101.260644419505169, 19.712614580387545 ], [ -101.260517109981294, 19.712628999677275 ], [ -101.260517115535578, 19.712629034143621 ], [ -101.260562999918875, 19.712902349573099 ], [ -101.261298547341198, 19.712625780526917 ], [ -101.261299769058382, 19.712625320650186 ], [ -101.26149677986146, 19.713095030388128 ], [ -101.260756579433689, 19.713434339758273 ], [ -101.260878419896684, 19.713613280911623 ], [ -101.260974539237353, 19.713699880797673 ], [ -101.261137289959393, 19.713777920394183 ], [ -101.261317419512892, 19.713795540219323 ], [ -101.26147802928007, 19.713781260877973 ], [ -101.261618428665571, 19.713701549717037 ], [ -101.261708848936294, 19.71355640125811 ], [ -101.26184447861344, 19.71341006112295 ], [ -101.26202173936332, 19.713355340051958 ], [ -101.262193058933889, 19.713392220009926 ], [ -101.262465277859661, 19.713500575044741 ], [ -101.262799830110382, 19.713633741112108 ], [ -101.26293426029936, 19.713749139832803 ], [ -101.263013271338949, 19.713864901358669 ], [ -101.263027823200474, 19.713909947149343 ], [ -101.263079943988316, 19.714071290508535 ], [ -101.263097260429618, 19.714140549695866 ], [ -101.262598230203167, 19.714544690105892 ], [ -101.262220200277028, 19.714850830600447 ], [ -101.261857318913428, 19.7151446912506 ], [ -101.262086227057026, 19.71562725231103 ], [ -101.261489200399552, 19.716097279568633 ], [ -101.261128731869917, 19.716381056281744 ], [ -101.260454859806799, 19.715478059872073 ], [ -101.259608970197164, 19.71578143024967 ], [ -101.259438696891053, 19.7158600946074 ], [ -101.259259558168239, 19.715942854485867 ], [ -101.258998629780081, 19.716063399993832 ], [ -101.258588179670781, 19.716245429672814 ], [ -101.258059888899254, 19.716438509742737 ], [ -101.258067415321563, 19.716455960249686 ], [ -101.258228570313719, 19.716829630271057 ], [ -101.258221311041311, 19.716832998776965 ], [ -101.257842620476509, 19.717008710263592 ], [ -101.257467849842456, 19.717170599951857 ], [ -101.256998089928743, 19.717375020352335 ], [ -101.256790017264777, 19.717015363781194 ], [ -101.256780620077009, 19.716999120273641 ], [ -101.256943824993257, 19.716930406102787 ], [ -101.25700810930617, 19.716903340365622 ], [ -101.256844379178901, 19.716622749632872 ], [ -101.256394909922932, 19.715686489800898 ], [ -101.256116610086053, 19.715821435836574 ], [ -101.255802980364805, 19.715978720241541 ], [ -101.255848435322704, 19.716063916378577 ], [ -101.255907980428262, 19.716175519696943 ], [ -101.255898790107793, 19.716178493424422 ], [ -101.254613980085068, 19.716594219847895 ], [ -101.254043581421655, 19.716781584770207 ], [ -101.253776150178751, 19.716869429963605 ], [ -101.25363472389661, 19.716866199029177 ], [ -101.253127225648512, 19.716854604186761 ], [ -101.253041720154073, 19.716852650835602 ], [ -101.252562369077239, 19.716835679902349 ], [ -101.252077508676166, 19.716813289572137 ], [ -101.251535600055931, 19.716795401023699 ], [ -101.2508926192275, 19.716752290394329 ], [ -101.250891448748092, 19.716751429057656 ], [ -101.250185569913427, 19.716231549917367 ], [ -101.250185029679884, 19.716231462050533 ], [ -101.249760908712233, 19.716162230202169 ], [ -101.249467328817317, 19.716246647426146 ], [ -101.24946669042987, 19.716246830053791 ], [ -101.249474050470411, 19.716418881262925 ], [ -101.249474053797599, 19.716418971909398 ], [ -101.249475120040358, 19.71644388955594 ], [ -101.249483219033607, 19.716466980516095 ], [ -101.249476319065053, 19.716512321118785 ], [ -101.249527539352528, 19.716540681109201 ], [ -101.249689399035844, 19.716769401180684 ], [ -101.249972829562907, 19.717290171276591 ], [ -101.249981923757559, 19.717335489643791 ], [ -101.249988880424439, 19.717370150209288 ], [ -101.249992252154172, 19.717370477768231 ], [ -101.250279355337739, 19.717398351508148 ], [ -101.250312384922566, 19.717401558371225 ], [ -101.250321554510066, 19.717401511319455 ], [ -101.250629333292949, 19.717399945878334 ], [ -101.250927819890208, 19.717445120706145 ], [ -101.250870241508764, 19.717957566470588 ], [ -101.2508700603439, 19.717959179696479 ], [ -101.251643066903043, 19.718021935422211 ], [ -101.252162949536711, 19.718064139634865 ], [ -101.252162700527549, 19.718065215090895 ], [ -101.251907450174528, 19.719166079663061 ], [ -101.251425762062027, 19.719105443362675 ], [ -101.251425657762951, 19.71910578724189 ], [ -101.251242346464579, 19.719712321115981 ], [ -101.250947305910501, 19.720509788158623 ], [ -101.25014326693487, 19.720246037445857 ], [ -101.250090246548496, 19.720371122088835 ], [ -101.250001043143058, 19.720436684621209 ], [ -101.249924619875827, 19.720412013589247 ], [ -101.249922568741525, 19.720411350892338 ], [ -101.249921444462885, 19.720414423130098 ], [ -101.24961719984249, 19.721245549881253 ], [ -101.249413029310887, 19.721793649818864 ], [ -101.24932628929264, 19.721945230767844 ], [ -101.249253372019879, 19.722004696322028 ], [ -101.249182969710873, 19.722062109750592 ], [ -101.248922319748459, 19.722149490226094 ], [ -101.248549379986457, 19.722157770048746 ], [ -101.247959060309896, 19.722157150093608 ], [ -101.247453510463373, 19.722148479655118 ], [ -101.247449769596457, 19.722068109882805 ], [ -101.246516180438064, 19.722026460000361 ], [ -101.246534230473912, 19.722836089774148 ], [ -101.246544940391985, 19.723315450172915 ], [ -101.246554909872373, 19.723763020234774 ], [ -101.246703889952599, 19.723768459600109 ], [ -101.246707940261572, 19.723933080432058 ], [ -101.246450049660069, 19.724262199837536 ], [ -101.246168710151721, 19.724390109858593 ], [ -101.245927950334789, 19.724437709623114 ], [ -101.245472570041699, 19.724527739967524 ], [ -101.244988950108109, 19.724585799570775 ], [ -101.244765079758878, 19.724616599907222 ], [ -101.244451689738611, 19.724469289929988 ], [ -101.244020279964445, 19.724318170162658 ], [ -101.243788680405146, 19.724242579856988 ], [ -101.243788301416942, 19.72424206136964 ], [ -101.243472309693772, 19.723808060704304 ], [ -101.243457840784814, 19.723804589779274 ], [ -101.243370511175058, 19.723783647426757 ], [ -101.242961579801587, 19.723685580740014 ], [ -101.242489448806438, 19.723469230207971 ], [ -101.241984880147427, 19.723227861357259 ], [ -101.241858177938511, 19.723169740161683 ], [ -101.241462944949092, 19.722988437648965 ], [ -101.241452420082481, 19.723012588743046 ], [ -101.241434670541679, 19.72305331261569 ], [ -101.241360385424272, 19.723272108919382 ], [ -101.241267181275234, 19.723546631687697 ], [ -101.241228448192658, 19.723603371817092 ], [ -101.241211454030676, 19.723628266297492 ], [ -101.241523190654519, 19.723765445715003 ], [ -101.241441740922909, 19.723935519534184 ], [ -101.241193412025339, 19.723867594943194 ], [ -101.240980940746681, 19.724221374829281 ], [ -101.240492277500437, 19.724445356869147 ], [ -101.240472513357673, 19.724455694790226 ], [ -101.24014927946132, 19.724624763771128 ], [ -101.240292916153493, 19.724882864837976 ], [ -101.240417189376004, 19.725113284332132 ], [ -101.240085651179925, 19.725268485014229 ], [ -101.239925664316402, 19.725313459827351 ], [ -101.239765207635656, 19.725358566249398 ], [ -101.239655602800511, 19.725192226898816 ], [ -101.239655481321662, 19.725192043214658 ], [ -101.239355573544458, 19.725391384247807 ], [ -101.238732682495638, 19.7268342017355 ], [ -101.238446623267023, 19.726716679871842 ], [ -101.2384441075355, 19.726723250654768 ], [ -101.238308327437352, 19.727077921027671 ], [ -101.238166312067065, 19.727488551896357 ], [ -101.238288970416107, 19.727502250509094 ], [ -101.238492828234598, 19.727514468557231 ], [ -101.238770574588145, 19.727531116175903 ], [ -101.238894685070903, 19.727522423043812 ], [ -101.239264904228563, 19.727496490126651 ], [ -101.239529397787379, 19.727445933949372 ], [ -101.239649894505717, 19.727249469041315 ], [ -101.240059128711309, 19.726444499551175 ], [ -101.240534028316929, 19.72664991308006 ], [ -101.240676992357749, 19.726374240005622 ], [ -101.241209603139851, 19.726613500451968 ], [ -101.240737574121525, 19.72748709142121 ], [ -101.240737925444222, 19.727487250880436 ], [ -101.240879934542534, 19.727551672701505 ], [ -101.241179540058823, 19.727621680253502 ], [ -101.241183847942935, 19.727623915046486 ], [ -101.241412460056765, 19.727742490885834 ], [ -101.242388381732965, 19.728143555839861 ], [ -101.243361429119858, 19.728543431141944 ], [ -101.243060738928207, 19.728708680871112 ], [ -101.242686379156623, 19.729094620138074 ], [ -101.242522980058652, 19.729399451237715 ], [ -101.24215161970227, 19.729645540558845 ], [ -101.241907978615174, 19.729760200528816 ], [ -101.241566318975515, 19.730098580160444 ], [ -101.241310380194278, 19.730575630300692 ], [ -101.241427830355676, 19.73063485976332 ], [ -101.241645311978459, 19.730695259793407 ], [ -101.241777230063207, 19.730728820323652 ], [ -101.242133749839155, 19.73079593989867 ], [ -101.242522350241245, 19.730789230386836 ], [ -101.242910950458793, 19.73068519997036 ], [ -101.243620430465569, 19.730376460115263 ], [ -101.24388782985433, 19.730383169696843 ], [ -101.243834340245954, 19.730785880225984 ], [ -101.243897380432273, 19.731231820170418 ], [ -101.243897379642448, 19.731930949815222 ], [ -101.243531659759839, 19.732494460006269 ], [ -101.243221490218659, 19.732762919891822 ], [ -101.242413126741596, 19.732652518130308 ], [ -101.242005031094479, 19.732622298103696 ], [ -101.241826524044129, 19.732615005159751 ], [ -101.241666534399769, 19.732608469048202 ], [ -101.24166361961511, 19.732608350228208 ], [ -101.241663677101855, 19.732776487360923 ], [ -101.241695265228827, 19.733163263300064 ], [ -101.241699250128889, 19.733212060244018 ], [ -101.241727341757183, 19.733544883081112 ], [ -101.241739659914074, 19.733690819917062 ], [ -101.241673999582886, 19.733698020862086 ], [ -101.241512108785102, 19.733839710305642 ], [ -101.241332420253826, 19.733846419789593 ], [ -101.241198370432897, 19.733885339794181 ], [ -101.24111280003072, 19.733924279637716 ], [ -101.241001570337744, 19.733929649598728 ], [ -101.240940249463875, 19.733861180071987 ], [ -101.240846119023445, 19.733788690612737 ], [ -101.240749898709353, 19.73375412901272 ], [ -101.240655177207515, 19.733720104155349 ], [ -101.240445479508537, 19.733809950767988 ], [ -101.240397324820492, 19.733830583546254 ], [ -101.240312489411934, 19.733906633926118 ], [ -101.240300700433423, 19.733917201353307 ], [ -101.240159408130268, 19.733896476604365 ], [ -101.240156652844618, 19.733892309134717 ], [ -101.240123988074643, 19.733842899665497 ], [ -101.239984294754763, 19.733762065922399 ], [ -101.239936769306027, 19.733734563638759 ], [ -101.239929950071968, 19.73373397112778 ], [ -101.239909310608553, 19.73373217636717 ], [ -101.239636902051529, 19.733708492857929 ], [ -101.239066301572308, 19.733697511217784 ], [ -101.238680019836124, 19.73377466518636 ], [ -101.238111490216056, 19.733840660166457 ], [ -101.237792075794729, 19.733767929939695 ], [ -101.237401659778129, 19.733727030295782 ], [ -101.237245810457992, 19.73370160188551 ], [ -101.236956020151709, 19.733654319804032 ], [ -101.236840211699018, 19.733631041272023 ], [ -101.23661375002753, 19.733585519562681 ], [ -101.236685090225222, 19.732929539765188 ], [ -101.236737340281863, 19.732449020091355 ], [ -101.236801458512033, 19.731996931712377 ], [ -101.236850535639661, 19.731958099624972 ], [ -101.2368090589421, 19.731957111203872 ], [ -101.236571447926437, 19.731966343590237 ], [ -101.236502320926334, 19.732402817089568 ], [ -101.236432252714266, 19.732845230532945 ], [ -101.236377442823851, 19.733191305397781 ], [ -101.236360777795312, 19.733296531638153 ], [ -101.236323220169581, 19.73353366652638 ], [ -101.236320193388153, 19.73355277997068 ], [ -101.236114300862013, 19.733475479749796 ], [ -101.235199319094775, 19.733131953703868 ], [ -101.234823665073264, 19.733028323360223 ], [ -101.23431447972817, 19.732887855120349 ], [ -101.234375778969806, 19.732750673325658 ], [ -101.234165859792114, 19.732720619933598 ], [ -101.234112880448137, 19.732716319847412 ], [ -101.233747750005776, 19.732686689970226 ], [ -101.23367944971983, 19.73267917002676 ], [ -101.233650149712858, 19.732675950277347 ], [ -101.233342509834046, 19.732594489921865 ], [ -101.233297019630655, 19.732582150377347 ], [ -101.232949490324245, 19.732487829704407 ], [ -101.232893902299253, 19.732470419727388 ], [ -101.232523572548644, 19.732347654823048 ], [ -101.232689147972877, 19.731372751858032 ], [ -101.232707766857146, 19.731283510805643 ], [ -101.232824903788327, 19.73048289029202 ], [ -101.232136430213743, 19.730238281357035 ], [ -101.231847088335186, 19.730883591118197 ], [ -101.231512060159574, 19.730702752365005 ], [ -101.231308378027904, 19.730649451666192 ], [ -101.231060913935522, 19.730649451673379 ], [ -101.2312988604655, 19.730116453122506 ], [ -101.231531480313762, 19.729726613977977 ], [ -101.231633796749819, 19.72953387824807 ], [ -101.231702800557656, 19.729410145979237 ], [ -101.231755149421105, 19.729212650570645 ], [ -101.231597620245722, 19.729254311264185 ], [ -101.231554598661418, 19.729253830162705 ], [ -101.231475364191297, 19.72924005459064 ], [ -101.230937228902405, 19.729151890428529 ], [ -101.22996731983875, 19.728938581301012 ], [ -101.229188739123927, 19.728787600775057 ], [ -101.228697489913159, 19.728690401158556 ], [ -101.228653290461679, 19.728614230769427 ], [ -101.228517318956833, 19.728596089915012 ], [ -101.228357140408107, 19.729549690348044 ], [ -101.228305080004745, 19.729872049765397 ], [ -101.2283516900183, 19.730225259905676 ], [ -101.228328490303568, 19.730386289640222 ], [ -101.228283249760182, 19.730506909681534 ], [ -101.228742820064028, 19.730561050036918 ], [ -101.229052540006379, 19.730602909787823 ], [ -101.22871832012207, 19.73202561958799 ], [ -101.229552749732093, 19.732183000139859 ], [ -101.229480310407126, 19.732455999834198 ], [ -101.229419980075278, 19.732441649552033 ], [ -101.229271739668818, 19.734021149580432 ], [ -101.229212480163056, 19.734198290343926 ], [ -101.228486569730094, 19.734038739699717 ], [ -101.228322849809359, 19.734463600002822 ], [ -101.227431369638396, 19.734249230347945 ], [ -101.225926619580008, 19.733887850156101 ], [ -101.225867340145783, 19.734289199630204 ], [ -101.226201380120315, 19.734806149743665 ], [ -101.226021229638121, 19.735123279713868 ], [ -101.225983140158561, 19.73534400006567 ], [ -101.226083909816097, 19.73568480030956 ], [ -101.226307350141212, 19.735874910128057 ], [ -101.226207979611459, 19.736206290053588 ], [ -101.226237029989619, 19.736778890443766 ], [ -101.226276029928627, 19.736989380254808 ], [ -101.226790780359167, 19.736941980025708 ], [ -101.226858119924529, 19.737378140281809 ], [ -101.227504279843302, 19.737284340407353 ], [ -101.227602080040924, 19.737668020374063 ], [ -101.227587570012233, 19.73799166042237 ], [ -101.227287782412986, 19.738423019080567 ], [ -101.226856310182711, 19.739043849643387 ], [ -101.226729509857648, 19.738984849756285 ], [ -101.226653279860301, 19.738914549656101 ], [ -101.226524250353492, 19.738920940180751 ], [ -101.226418429979688, 19.738908630276146 ], [ -101.226305849857567, 19.738872150432446 ], [ -101.226159049522479, 19.738790649997732 ], [ -101.226004150206862, 19.738630629694843 ], [ -101.225879679988779, 19.73846038015385 ], [ -101.225709002482787, 19.738494717415644 ], [ -101.225085029542086, 19.73862025027675 ], [ -101.224281230117995, 19.738751339933383 ], [ -101.224241619843198, 19.737929829995569 ], [ -101.223750769533922, 19.737969319558971 ], [ -101.223020020387935, 19.738077549593331 ], [ -101.222276619854966, 19.738286580139402 ], [ -101.220962490134497, 19.737738000268742 ], [ -101.220952630330018, 19.738159780177902 ], [ -101.220258599907368, 19.738177689639105 ], [ -101.220224743391881, 19.737980843735748 ], [ -101.219553739918595, 19.73798172001084 ], [ -101.21985055593035, 19.737464102398903 ], [ -101.21960203616041, 19.737298013270433 ], [ -101.218917460390713, 19.737813449933576 ], [ -101.219116150232381, 19.738027860361388 ], [ -101.218772920118681, 19.738504400447034 ], [ -101.218436630210107, 19.738521229750464 ], [ -101.218261630462081, 19.738726079727076 ], [ -101.217864600390811, 19.738776229670858 ], [ -101.217720000210093, 19.739679019723546 ], [ -101.218385709536065, 19.741075860030328 ], [ -101.218772630112468, 19.740914290113118 ], [ -101.218802079683584, 19.741102910170728 ], [ -101.219054459883068, 19.740990910283024 ], [ -101.219080229965371, 19.741191919806322 ], [ -101.219442280083044, 19.741022519811761 ], [ -101.219510579877607, 19.74118211010191 ], [ -101.219613510315867, 19.741471310019911 ], [ -101.219352059639903, 19.741605549751718 ], [ -101.219330629850475, 19.741619019664881 ], [ -101.219368369748636, 19.741683090082297 ], [ -101.219312419923327, 19.741753230362313 ], [ -101.21912677012152, 19.742075969863944 ], [ -101.218754379610417, 19.742771679589868 ], [ -101.218654720473936, 19.742973460063979 ], [ -101.218259309633424, 19.7432538299912 ], [ -101.217768800050635, 19.743487739950393 ], [ -101.217144890440068, 19.743725350139073 ], [ -101.216953819621551, 19.743788979931271 ], [ -101.216644698996049, 19.743849869156751 ], [ -101.216633629568562, 19.743852049628892 ], [ -101.21654975008812, 19.743868343869885 ], [ -101.216461019703232, 19.743885580022027 ], [ -101.216460056336743, 19.743887640556327 ], [ -101.21626578146018, 19.744302987371988 ], [ -101.216210677589331, 19.74442079571778 ], [ -101.216037626426299, 19.744790766453402 ], [ -101.215658200187761, 19.745601941166033 ], [ -101.215932430368127, 19.745747109961673 ], [ -101.216354710459825, 19.745960020126439 ], [ -101.215524616742798, 19.747370198292291 ], [ -101.215852344055961, 19.747548366653284 ], [ -101.215530975977089, 19.748082485081508 ], [ -101.215197165587853, 19.747896671242966 ], [ -101.215222771582972, 19.747849701934189 ], [ -101.214796548117747, 19.747639637221923 ], [ -101.215092088676585, 19.74710338014123 ], [ -101.214734867008133, 19.746895411278668 ], [ -101.215097078151132, 19.746258406515526 ], [ -101.214752799990521, 19.746056820229754 ], [ -101.214625280437161, 19.746005259707751 ], [ -101.214254953849789, 19.7466185006476 ], [ -101.214039639292338, 19.746496243673018 ], [ -101.213709658735439, 19.747082319987939 ], [ -101.21346870183703, 19.746969229786739 ], [ -101.212613554684665, 19.746573631691838 ], [ -101.211795405892772, 19.746220574167946 ], [ -101.210701429530275, 19.748238769652978 ], [ -101.211521979743523, 19.748939029954109 ], [ -101.211716519584897, 19.749832509885813 ], [ -101.211750370250968, 19.749989999908479 ], [ -101.212030650413226, 19.75129466039315 ], [ -101.212079779642764, 19.751304709786009 ], [ -101.212191829661421, 19.751312580401738 ], [ -101.212346140311055, 19.751352649752192 ], [ -101.212447479839085, 19.751347250145873 ], [ -101.211925690241259, 19.752419879814653 ], [ -101.212196339883633, 19.752521420361717 ], [ -101.211913910200238, 19.753198340133622 ], [ -101.211885468110836, 19.754120500042823 ], [ -101.211902848039585, 19.75516944015865 ], [ -101.211925338414389, 19.75656062038798 ], [ -101.211917516787679, 19.757043630896447 ], [ -101.211942268851303, 19.757493472324995 ], [ -101.211986249585607, 19.757733200341292 ], [ -101.211673979558498, 19.757704600236522 ], [ -101.210232880246792, 19.757487150400234 ], [ -101.209994219591294, 19.757458150222686 ], [ -101.20995243924375, 19.757418038906891 ], [ -101.209885218625473, 19.755876505231384 ], [ -101.209855527563022, 19.755158469572155 ], [ -101.209820158139522, 19.754162099780963 ], [ -101.209777548534362, 19.752858753811349 ], [ -101.209003090393779, 19.752695940006028 ], [ -101.208129890203296, 19.752585539679469 ], [ -101.207600060345527, 19.752463519871075 ], [ -101.207185250229529, 19.752375660007413 ], [ -101.206972850409912, 19.752314579672795 ], [ -101.20670974958135, 19.752258059764127 ], [ -101.206392365291819, 19.752235478203577 ], [ -101.205566215885767, 19.75214220278384 ], [ -101.20354665702051, 19.751894120039484 ], [ -101.201919539608312, 19.751532339667573 ], [ -101.201496198004918, 19.751474267618356 ], [ -101.201842120407889, 19.74978417985205 ], [ -101.201938429936362, 19.749520920160879 ], [ -101.201417050349889, 19.749187400184983 ], [ -101.20091230515547, 19.748879825717232 ], [ -101.200522073588417, 19.748649017635373 ], [ -101.200257820349663, 19.748494169947822 ], [ -101.200032708669923, 19.748358030379762 ], [ -101.199875339468946, 19.748244110852465 ], [ -101.199625889753989, 19.748111181072836 ], [ -101.199026858820588, 19.747755569892654 ], [ -101.198787720032399, 19.747603879705991 ], [ -101.19857261675908, 19.747456979401242 ], [ -101.198373043750138, 19.747674847461123 ], [ -101.197859836153782, 19.748235095243686 ], [ -101.197586624894228, 19.748533347443548 ], [ -101.197382470822447, 19.748793049108631 ], [ -101.197197477209357, 19.749228781103596 ], [ -101.197013859939929, 19.749661270261591 ], [ -101.196608914259627, 19.749520352737036 ], [ -101.196401702744311, 19.749440119926941 ], [ -101.196061805732583, 19.749282113649706 ], [ -101.196037419215713, 19.749291548742221 ], [ -101.195997678504185, 19.749306924005445 ], [ -101.195980629905847, 19.749313520432505 ], [ -101.195460749906914, 19.749098660274264 ], [ -101.195250218599838, 19.748985541067871 ], [ -101.195245748677948, 19.748983200736422 ], [ -101.195201479564247, 19.748959910272312 ], [ -101.195042380137139, 19.748876180852658 ], [ -101.194217449219465, 19.748493220173323 ], [ -101.194089168701851, 19.748355949973082 ], [ -101.193989119872199, 19.748163821048024 ], [ -101.193978089904149, 19.748142621278383 ], [ -101.193898659787223, 19.74814283121847 ], [ -101.193677338736421, 19.748143281032736 ], [ -101.193622278850711, 19.748143401219409 ], [ -101.193473779132177, 19.748143950168465 ], [ -101.193079538682795, 19.74814498100481 ], [ -101.192669399905611, 19.748146060218492 ], [ -101.192272850257282, 19.748151001061572 ], [ -101.191983950358789, 19.748148030068702 ], [ -101.191970955335321, 19.748031459140861 ], [ -101.19196648876742, 19.747985779797009 ], [ -101.192761352017527, 19.746671974266864 ], [ -101.192987383903741, 19.746346205779346 ], [ -101.193035659395406, 19.746244720248963 ], [ -101.193493395959521, 19.745648264955832 ], [ -101.193761281131501, 19.7456357689355 ], [ -101.193752829899537, 19.745183030079637 ], [ -101.193719518139076, 19.744726173979988 ], [ -101.193671262352979, 19.744283677238002 ], [ -101.193616059084064, 19.743823014433783 ], [ -101.1935838799061, 19.743511650339467 ], [ -101.193664650144925, 19.743470519811147 ], [ -101.1937036231907, 19.743381386121857 ], [ -101.193800979610103, 19.743146679969502 ], [ -101.19421565999275, 19.742316709765177 ], [ -101.194439909570633, 19.741939430112339 ], [ -101.194510735762989, 19.741860434432255 ], [ -101.194604019892409, 19.741768519748192 ], [ -101.19469254978695, 19.741713350252336 ], [ -101.194789849694772, 19.741652340749003 ], [ -101.194723309907332, 19.74160531127367 ], [ -101.194694370607749, 19.741523981520452 ], [ -101.194525848877902, 19.741050370084107 ], [ -101.194436715354414, 19.740607430390327 ], [ -101.194358278915587, 19.740060451039621 ], [ -101.194304999934076, 19.739644480637885 ], [ -101.194296174283238, 19.739339305554907 ], [ -101.194295489718499, 19.739315619697688 ], [ -101.194293108741789, 19.739123230967724 ], [ -101.194279859470612, 19.738827663097453 ], [ -101.190632575198762, 19.738866785994741 ], [ -101.190589660601688, 19.738612432928459 ], [ -101.190426046087126, 19.738199026061004 ], [ -101.190383130801479, 19.738097410072577 ], [ -101.190354967163017, 19.738009679841895 ], [ -101.190297299928559, 19.737778678277092 ], [ -101.190608435385798, 19.73776857897958 ], [ -101.190589659915744, 19.737990744962509 ], [ -101.194502749647398, 19.737987254313495 ], [ -101.194583158005358, 19.737792056036 ], [ -101.194758413610089, 19.737362980137632 ], [ -101.194928803211994, 19.736929152812106 ], [ -101.195086889524447, 19.736482841713453 ], [ -101.195238153625198, 19.736077625015675 ], [ -101.195406124316534, 19.735628915815234 ], [ -101.195661550048754, 19.734882780419696 ], [ -101.195617310391725, 19.734843969840032 ], [ -101.195577017908747, 19.734952229507318 ], [ -101.193726370286811, 19.734922820138799 ], [ -101.19378539955639, 19.732940650195147 ], [ -101.192892336752294, 19.733324194555799 ], [ -101.192650862801941, 19.733431612206743 ], [ -101.19230733338604, 19.733623535946688 ], [ -101.191394001806643, 19.73290129626238 ], [ -101.191353935549387, 19.732841537332718 ], [ -101.190626112919759, 19.732233725662127 ], [ -101.190419561868794, 19.731952183945594 ], [ -101.190337122180452, 19.731831223172559 ], [ -101.189960256013435, 19.732244331717261 ], [ -101.189922158712449, 19.732262832518607 ], [ -101.189873494673492, 19.732269765667176 ], [ -101.189824350065919, 19.732272380350729 ], [ -101.186951080388795, 19.731227969703717 ], [ -101.186283479770537, 19.730985000288864 ], [ -101.186002720306533, 19.731349170022334 ], [ -101.185887910018636, 19.73149242967007 ], [ -101.185621889756263, 19.73195197002449 ], [ -101.185523220474096, 19.732330980324623 ], [ -101.185501320286505, 19.732449689736455 ], [ -101.185502579882552, 19.732542090068883 ], [ -101.185536799627116, 19.732642629647383 ], [ -101.185499319741695, 19.732907399857933 ], [ -101.185480060009013, 19.73317167991652 ], [ -101.185473429629823, 19.73335715023364 ], [ -101.185482619817861, 19.733543119852488 ], [ -101.185477119731189, 19.733753180193531 ], [ -101.185446830052939, 19.733964089713901 ], [ -101.185356120301392, 19.734106019795625 ], [ -101.185323059949866, 19.734255250371262 ], [ -101.185325119585841, 19.734406850470361 ], [ -101.185303509964243, 19.73463259972835 ], [ -101.185224489409777, 19.73485078059683 ], [ -101.185113719441901, 19.735098980155808 ], [ -101.184972949991831, 19.735299289679826 ], [ -101.184837709576314, 19.735482550186777 ], [ -101.184809148875559, 19.735566570003058 ], [ -101.184761649785429, 19.735706380629498 ], [ -101.184693970389048, 19.735896780361809 ], [ -101.184630169591941, 19.736049180851374 ], [ -101.18461559925133, 19.736176770302411 ], [ -101.184594119802654, 19.736320340880354 ], [ -101.184565079190094, 19.736532049639951 ], [ -101.184567459198277, 19.736707950292303 ], [ -101.184550479070623, 19.736799750741387 ], [ -101.184481648563434, 19.737059601219709 ], [ -101.18438074972336, 19.737227149686518 ], [ -101.184265260442771, 19.737387521229209 ], [ -101.184081879810222, 19.737627620459069 ], [ -101.183953419542647, 19.737752399585748 ], [ -101.183826080273661, 19.737878230556671 ], [ -101.183769168975047, 19.737966980882476 ], [ -101.183610889596721, 19.738017951342368 ], [ -101.183483449726467, 19.738067451073992 ], [ -101.183319548873513, 19.738092751079662 ], [ -101.183152619937005, 19.738124969755585 ], [ -101.183006819517203, 19.738165179967833 ], [ -101.182746889113616, 19.73819034019564 ], [ -101.18256307966044, 19.738224049583263 ], [ -101.182431860460014, 19.738233450476709 ], [ -101.182220880217614, 19.738236020192826 ], [ -101.182058578623341, 19.738230289562843 ], [ -101.181864060129357, 19.738216630251177 ], [ -101.181002677106164, 19.738179800646428 ], [ -101.180617972147374, 19.73816145695951 ], [ -101.180449099609532, 19.738139714221912 ], [ -101.180365749877197, 19.738102339643827 ], [ -101.18031601989172, 19.738065650879069 ], [ -101.180278920396674, 19.737989400614097 ], [ -101.180251539065992, 19.737930771088134 ], [ -101.180225768908883, 19.737864970397972 ], [ -101.180185920422701, 19.737764950549984 ], [ -101.180181740198108, 19.737752779585737 ], [ -101.179969279641881, 19.737848910449873 ], [ -101.179592769840966, 19.738049420053592 ], [ -101.179421690214781, 19.738136680277954 ], [ -101.178733992296529, 19.738474052045238 ], [ -101.179285496770703, 19.738437909066203 ], [ -101.179482870587378, 19.738465356012192 ], [ -101.179672516238199, 19.738514343106516 ], [ -101.180091719050452, 19.738713246846718 ], [ -101.180286038756478, 19.738827004374944 ], [ -101.180376400632085, 19.738901275307708 ], [ -101.180777355158895, 19.739246911888927 ], [ -101.180905948028112, 19.739341128121172 ], [ -101.181087825561889, 19.739410487310501 ], [ -101.180421460056976, 19.742971389827161 ], [ -101.180228041944318, 19.742929744250148 ], [ -101.178795313601029, 19.742656963551259 ], [ -101.177606806015504, 19.742430670445977 ], [ -101.177385509879571, 19.742388534548969 ], [ -101.176725144468591, 19.742230765247676 ], [ -101.176719128776284, 19.742233703487987 ], [ -101.176668220025689, 19.742258570077372 ], [ -101.176658620077689, 19.742514970177997 ], [ -101.17674631985733, 19.74279475042335 ], [ -101.176919399809336, 19.743033949842161 ], [ -101.177064979624262, 19.743249280226937 ], [ -101.174601049444874, 19.748551341276958 ], [ -101.174546399073421, 19.74852752053124 ], [ -101.173056338935979, 19.748602890020795 ], [ -101.172926509188272, 19.748485820830972 ], [ -101.172460880258384, 19.749268881307454 ], [ -101.17205654889213, 19.750024680016516 ], [ -101.171773691742388, 19.750543473561649 ], [ -101.171639949575919, 19.750788771196245 ], [ -101.171396619695727, 19.751250180316436 ], [ -101.171261362574199, 19.751189334079683 ], [ -101.170357828846861, 19.750782860202811 ], [ -101.170489878622135, 19.750518031078443 ], [ -101.170307778777044, 19.750452629670004 ], [ -101.169394969091684, 19.750141949737333 ], [ -101.169121932654349, 19.750013542047256 ], [ -101.169119317918984, 19.750012363066197 ], [ -101.167947678677152, 19.749484200111901 ], [ -101.167479970327477, 19.749307909795576 ], [ -101.16724542982179, 19.749241921080813 ], [ -101.166720419995698, 19.748963890246539 ], [ -101.166436779471894, 19.748817340892533 ], [ -101.165711179677672, 19.748525830351156 ], [ -101.165163549461681, 19.748343970221509 ], [ -101.165071570032097, 19.748339111054751 ], [ -101.164859279594097, 19.748373090148117 ], [ -101.16474836969364, 19.74835606131758 ], [ -101.16429654962127, 19.748286710944811 ], [ -101.163859769980988, 19.748184620336332 ], [ -101.163337019863761, 19.748041879572806 ], [ -101.16261325959843, 19.747900550968549 ], [ -101.162538369550461, 19.74774510977959 ], [ -101.162543909745324, 19.747687429733073 ], [ -101.162612939807602, 19.747675950198317 ], [ -101.162614370443919, 19.747553549855446 ], [ -101.162602109740021, 19.746871850230789 ], [ -101.162571889850199, 19.746103629571426 ], [ -101.162462780144054, 19.74507015020221 ], [ -101.162468147031007, 19.744644489771371 ], [ -101.162423090048932, 19.744400420051583 ], [ -101.162371659640229, 19.744119170168048 ], [ -101.162357380131937, 19.743563419574045 ], [ -101.162266739851773, 19.742889890282498 ], [ -101.162125399857942, 19.742172619870757 ], [ -101.162056800406802, 19.741838490187014 ], [ -101.161991059732358, 19.741759480023727 ], [ -101.161837170330045, 19.741279679637863 ], [ -101.161819889522079, 19.740852660228956 ], [ -101.1620333701334, 19.740687630408335 ], [ -101.162270690225199, 19.74053377030279 ], [ -101.162865550068616, 19.740262340259825 ], [ -101.163070340370751, 19.740159220136452 ], [ -101.163296950331528, 19.739967279929612 ], [ -101.163700674920378, 19.739463080001656 ], [ -101.16394862018052, 19.73917028957154 ], [ -101.164250940387987, 19.738809510109579 ], [ -101.163895219985093, 19.738723110213829 ], [ -101.163585450362902, 19.738648259654024 ], [ -101.16308716956577, 19.738339770018531 ], [ -101.162636539819232, 19.738066309719432 ], [ -101.162229649857139, 19.737728049656972 ], [ -101.161949629605829, 19.737310429750313 ], [ -101.161872800309794, 19.73671003044409 ], [ -101.161813119616383, 19.736398339805412 ], [ -101.161539879774921, 19.735452140246245 ], [ -101.161427320098497, 19.73526260006879 ], [ -101.160770619553048, 19.734148619635128 ], [ -101.159841430065242, 19.734140249940893 ], [ -101.159263980334757, 19.734135119803536 ], [ -101.158713260409613, 19.734130250132218 ], [ -101.158204259656301, 19.734125739934459 ], [ -101.157693429991525, 19.734121199728758 ], [ -101.157681550315189, 19.732977179902587 ], [ -101.158192369835135, 19.732979419874866 ], [ -101.158701369827654, 19.732981659799755 ], [ -101.159248350287186, 19.732984059905121 ], [ -101.159844740247095, 19.732986659612646 ], [ -101.160100220365919, 19.732987780181638 ], [ -101.160370370288319, 19.732952580280852 ], [ -101.160680909593651, 19.732759120423662 ], [ -101.161186139589717, 19.73202746038853 ], [ -101.159812170052916, 19.729707429816841 ], [ -101.157956770459478, 19.730497520379235 ], [ -101.157429629924195, 19.730657080378659 ], [ -101.157045980021209, 19.730712890050246 ], [ -101.156612370322577, 19.730739750158342 ], [ -101.156256420413811, 19.730707089760713 ], [ -101.15586829045337, 19.730626170014073 ], [ -101.155240650440817, 19.730415630006437 ], [ -101.152446969523282, 19.729138319897075 ], [ -101.150322889663727, 19.728154769792891 ], [ -101.149261519853582, 19.727802540010199 ], [ -101.148654800109455, 19.727788400053225 ], [ -101.147922340426263, 19.727905419883413 ], [ -101.147368910018486, 19.728158109737954 ], [ -101.146847509819935, 19.72858850967636 ], [ -101.146335539568625, 19.729269550055214 ], [ -101.145298980278341, 19.730718600388009 ], [ -101.144985690288337, 19.731251019822956 ], [ -101.144663880228947, 19.731700320449267 ], [ -101.144298819744677, 19.732061199687767 ], [ -101.143916449849769, 19.732323149981124 ], [ -101.143330849732564, 19.73261657025617 ], [ -101.142684110134581, 19.732779179550516 ], [ -101.141828740439294, 19.73279417025315 ], [ -101.140151199713713, 19.732867420196339 ], [ -101.136468489006958, 19.733134910911676 ], [ -101.136489619911728, 19.7342420501612 ], [ -101.137917578404853, 19.734014158772268 ], [ -101.138333126053155, 19.733933102084183 ], [ -101.138465985491635, 19.733909131645717 ], [ -101.138921260087315, 19.733723911232627 ], [ -101.139233418640615, 19.733518720253674 ], [ -101.139609818894257, 19.733211891024435 ], [ -101.139706320427379, 19.732946280472845 ], [ -101.139931055691861, 19.732937328081729 ], [ -101.142661120686512, 19.732838577337006 ], [ -101.143095333519909, 19.732740576393851 ], [ -101.143317749189904, 19.733291321175379 ], [ -101.143891429283485, 19.733281939866572 ], [ -101.143734309538161, 19.732993520200651 ], [ -101.144165179499993, 19.732717249786035 ], [ -101.145121579960559, 19.732571460722806 ], [ -101.145274678972129, 19.732346979618629 ], [ -101.145944948906461, 19.732913919669738 ], [ -101.148350800305835, 19.731941570189708 ], [ -101.148787739989544, 19.734681339721902 ], [ -101.15019809032222, 19.735218050067676 ], [ -101.150793379465171, 19.73616006010305 ], [ -101.150840320144425, 19.736583580935154 ], [ -101.150780580115949, 19.737166301162095 ], [ -101.150870019872187, 19.737682579943517 ], [ -101.150799089789658, 19.738111659797958 ], [ -101.150780679899526, 19.738574430498772 ], [ -101.150623509363172, 19.738791849999643 ], [ -101.150616580054702, 19.739369890096004 ], [ -101.150737139015234, 19.739379870434899 ], [ -101.15072736870998, 19.739840139776796 ], [ -101.150899079249811, 19.740111490024368 ], [ -101.15125428849322, 19.740333329973566 ], [ -101.151736715430047, 19.740551957251601 ], [ -101.152713985939712, 19.741776372196835 ], [ -101.151647906667705, 19.741650505273793 ], [ -101.151292089889679, 19.741632120167559 ], [ -101.151030263571826, 19.741691768298168 ], [ -101.150558599466876, 19.741799220874942 ], [ -101.150321029901065, 19.743578999712181 ], [ -101.150802048829917, 19.743723149723802 ], [ -101.152678828677693, 19.744285619569585 ], [ -101.152220349208491, 19.745577979819817 ], [ -101.151235231956832, 19.745000967597331 ], [ -101.151203021450215, 19.745169678031075 ], [ -101.151196343400187, 19.745204657569992 ], [ -101.151102114077375, 19.745698222619357 ], [ -101.150929514751041, 19.746367713327889 ], [ -101.150925087352604, 19.746384885234392 ], [ -101.150535461881361, 19.746344167149065 ], [ -101.150110192961165, 19.746288137728303 ], [ -101.149916576163406, 19.746261184573381 ], [ -101.150045324199269, 19.745657830454675 ], [ -101.150136517653408, 19.745200895571529 ], [ -101.150161208492207, 19.745077923692339 ], [ -101.149560060129289, 19.745206230415562 ], [ -101.149427708754203, 19.74519868979916 ], [ -101.149050619181622, 19.745177219881846 ], [ -101.148711939274236, 19.745157940695041 ], [ -101.148299110112475, 19.745134430005805 ], [ -101.148010449060067, 19.745117980900694 ], [ -101.147968919280132, 19.745304909885551 ], [ -101.147968430166046, 19.745393540783116 ], [ -101.147889319480825, 19.745929750324585 ], [ -101.147786097999912, 19.745930466577896 ], [ -101.146417811124863, 19.745939958003024 ], [ -101.146382924637379, 19.746151766691025 ], [ -101.146907161129604, 19.746152254856845 ], [ -101.147314855577051, 19.746176237112895 ], [ -101.14770942060288, 19.746247508346546 ], [ -101.147713164907927, 19.746248184691684 ], [ -101.147589782601969, 19.746975236396484 ], [ -101.147520044651358, 19.747369054782297 ], [ -101.147450306934729, 19.747778018112893 ], [ -101.147402027420128, 19.748020366150534 ], [ -101.144988038372702, 19.74757101111673 ], [ -101.143705943047365, 19.747338760946896 ], [ -101.143770315910899, 19.747106509283043 ], [ -101.143869681353181, 19.746737343767037 ], [ -101.14387223968896, 19.746727838119885 ], [ -101.145953635198197, 19.74708631224216 ], [ -101.146076897518881, 19.746201349186503 ], [ -101.143588450931233, 19.745705565492095 ], [ -101.143554185880845, 19.745810261406781 ], [ -101.143478042750331, 19.746149095893955 ], [ -101.143388635872157, 19.746650115971423 ], [ -101.143386969774284, 19.746659450827263 ], [ -101.143359350166975, 19.746829289811181 ], [ -101.143338866795673, 19.746924924290379 ], [ -101.143338679391135, 19.746925800559652 ], [ -101.143300169794813, 19.746906020499328 ], [ -101.14324695003981, 19.746894919643459 ], [ -101.143194109228418, 19.746899920989513 ], [ -101.143174679912107, 19.746919511114591 ], [ -101.143156908571498, 19.746999169600375 ], [ -101.143081579531128, 19.747386820341578 ], [ -101.142999849193558, 19.747788231179687 ], [ -101.142926418653047, 19.74817403129531 ], [ -101.142870549277006, 19.748477371191456 ], [ -101.142853259793043, 19.748592549887633 ], [ -101.142786980025832, 19.748951519740555 ], [ -101.142706889208, 19.749369819917622 ], [ -101.142658289336438, 19.749770030395542 ], [ -101.142613340335345, 19.750167490116123 ], [ -101.142570636732373, 19.750585279106012 ], [ -101.142693573629231, 19.750637371389203 ], [ -101.144603306417238, 19.750955449819671 ], [ -101.14431899260623, 19.752858847039036 ], [ -101.145354324677356, 19.753035554595719 ], [ -101.1468134462894, 19.753323332415231 ], [ -101.147070376258611, 19.752685213352276 ], [ -101.147381512147405, 19.751730991984161 ], [ -101.147472706874865, 19.751392722330475 ], [ -101.147665825405781, 19.750983766563238 ], [ -101.147639004871067, 19.750872692892887 ], [ -101.147901860518516, 19.750549567822681 ], [ -101.147904455001495, 19.750552268794067 ], [ -101.148711888941875, 19.751392721704786 ], [ -101.149429516083813, 19.752123572830083 ], [ -101.14943072031744, 19.752124799520679 ], [ -101.149141040488672, 19.752427727112938 ], [ -101.148797718002854, 19.752639775332781 ], [ -101.148239818522867, 19.753169895470112 ], [ -101.148068158293754, 19.753296114663236 ], [ -101.146823611780434, 19.753720209717919 ], [ -101.146678773449011, 19.753755551330983 ], [ -101.146582775801477, 19.754045303375282 ], [ -101.146577412428584, 19.75440881275 ], [ -101.146529132566116, 19.754696589689065 ], [ -101.145939634855367, 19.75472041660483 ], [ -101.145654731380304, 19.754731931107948 ], [ -101.145499162929099, 19.754721832542003 ], [ -101.145327503040832, 19.754691540431018 ], [ -101.14521485075241, 19.754646102652011 ], [ -101.145188027953324, 19.754853098687125 ], [ -101.145384763610409, 19.755243548505184 ], [ -101.146200155697244, 19.75625328463601 ], [ -101.146479104501751, 19.756717760964438 ], [ -101.147187208719956, 19.756939901664868 ], [ -101.148034787121006, 19.756354258902274 ], [ -101.148447847437922, 19.755687833036106 ], [ -101.148088431732006, 19.755682784998267 ], [ -101.147401785207961, 19.755708028059509 ], [ -101.14737278550291, 19.755234666773351 ], [ -101.147358870187873, 19.754799262892771 ], [ -101.148480033808653, 19.754738677969396 ], [ -101.149086213200349, 19.754718483192061 ], [ -101.149145221841025, 19.755167818607735 ], [ -101.149169361311706, 19.755639870625032 ], [ -101.148898457257118, 19.755677736508417 ], [ -101.148898457102035, 19.755869585071192 ], [ -101.149139855823137, 19.756051337256672 ], [ -101.148742889063968, 19.756657177990725 ], [ -101.148581958116409, 19.757237770981781 ], [ -101.14838347405211, 19.757348840370653 ], [ -101.148544406532423, 19.757586126091915 ], [ -101.148549771383145, 19.757727487517919 ], [ -101.148388837305802, 19.758050598230358 ], [ -101.148378109698029, 19.758171764783174 ], [ -101.148485397200744, 19.758292931329471 ], [ -101.148378109285332, 19.75872710968822 ], [ -101.148281549394952, 19.759072938362216 ], [ -101.148171579292551, 19.759322842281918 ], [ -101.147653912707113, 19.75908051092167 ], [ -101.147659276612686, 19.759322842835818 ], [ -101.147788022820265, 19.759504591097585 ], [ -101.147476887665135, 19.759640901902596 ], [ -101.147023592606999, 19.759691387613437 ], [ -101.146865344095033, 19.759661096510712 ], [ -101.146908259660563, 19.758520118330356 ], [ -101.146870708087604, 19.75753059113611 ], [ -101.146559571731032, 19.757187285646644 ], [ -101.145350633491006, 19.756810456107612 ], [ -101.145198484908093, 19.756681013248361 ], [ -101.145327231933379, 19.756994028511084 ], [ -101.145605611851408, 19.757447206051978 ], [ -101.1457241989972, 19.75764025400035 ], [ -101.145917318361441, 19.758074434754029 ], [ -101.146008512344437, 19.758422786693714 ], [ -101.14626064084311, 19.758912499892698 ], [ -101.146271369160772, 19.759023569223469 ], [ -101.146206997249678, 19.759498133836381 ], [ -101.146088978873749, 19.759689979591574 ], [ -101.145268223713103, 19.760018134892562 ], [ -101.144527933660171, 19.75976570860669 ], [ -101.144211433241878, 19.759992892373472 ], [ -101.143900297880009, 19.760134251512788 ], [ -101.143567703270492, 19.76021502831621 ], [ -101.143717906291783, 19.760558328706342 ], [ -101.143594525552487, 19.760608814328567 ], [ -101.142215869102216, 19.761204538183375 ], [ -101.141389748778849, 19.761557933365015 ], [ -101.141228816742895, 19.761214636537389 ], [ -101.140182754102199, 19.761663952905323 ], [ -101.14037050998094, 19.762163751526945 ], [ -101.140113017221353, 19.762335400445838 ], [ -101.140145204014289, 19.762557532842127 ], [ -101.140048643708099, 19.762779665000423 ], [ -101.139909169419425, 19.762890730867419 ], [ -101.139061591386195, 19.76313305716462 ], [ -101.13875045497511, 19.762981603611109 ], [ -101.138460777718862, 19.762608017170528 ], [ -101.138289116253958, 19.762608017853928 ], [ -101.137977979136366, 19.762234429999928 ], [ -101.137443616494849, 19.762414209274471 ], [ -101.13723976882433, 19.761939652998947 ], [ -101.138199999057363, 19.761576161647163 ], [ -101.138698890408818, 19.761374221088996 ], [ -101.138816908153728, 19.761172282192746 ], [ -101.13761527909503, 19.759375002978434 ], [ -101.137937143170234, 19.759173059948985 ], [ -101.138280465969615, 19.758839853047597 ], [ -101.138763263975505, 19.75832489748694 ], [ -101.138945653373852, 19.75848645302186 ], [ -101.139342620360111, 19.759405293633151 ], [ -101.139600112113243, 19.760253450089653 ], [ -101.139267518253362, 19.760970340908983 ], [ -101.139353350449682, 19.761081408097866 ], [ -101.140801743098066, 19.760435198294338 ], [ -101.141660049584829, 19.760081800608091 ], [ -101.142475441493531, 19.759768790302665 ], [ -101.142679289169919, 19.759354807949997 ], [ -101.14286167922495, 19.759405293775661 ], [ -101.143001153557094, 19.759536556456084 ], [ -101.143687799565953, 19.759213448904568 ], [ -101.143548325053715, 19.758849951028068 ], [ -101.143162086193499, 19.757961398421614 ], [ -101.143473222982038, 19.757860425925646 ], [ -101.143687798225812, 19.757446440267699 ], [ -101.143811180682675, 19.757320222681916 ], [ -101.144015028786384, 19.757284883577952 ], [ -101.144218876742926, 19.757282359194665 ], [ -101.144460274676462, 19.757320222912558 ], [ -101.144438818451505, 19.756790116949656 ], [ -101.144385172706379, 19.756002526707839 ], [ -101.144369080498748, 19.75500288634294 ], [ -101.14265602205667, 19.755055047400287 ], [ -101.142625041174057, 19.756179786644413 ], [ -101.142564827757568, 19.756534308971073 ], [ -101.14239048450851, 19.756516639936468 ], [ -101.142196023443063, 19.757345879652497 ], [ -101.142248998287897, 19.757588843517699 ], [ -101.141234788113238, 19.757912271666363 ], [ -101.140615028494906, 19.756695709535222 ], [ -101.140725629240691, 19.756325933605659 ], [ -101.140852321501356, 19.755617897749829 ], [ -101.141279420051859, 19.755712599385603 ], [ -101.141447373380871, 19.755106146072748 ], [ -101.141432935624152, 19.755014658103612 ], [ -101.141398072582859, 19.754934122587233 ], [ -101.141373926064233, 19.754878341930784 ], [ -101.141883546330973, 19.753893842508955 ], [ -101.140998418244322, 19.753616161213273 ], [ -101.140730710265117, 19.752545050344601 ], [ -101.140386350405194, 19.752599459862424 ], [ -101.140065770058285, 19.752650109972972 ], [ -101.140075685870357, 19.752531863888201 ], [ -101.13907391947609, 19.751936249934687 ], [ -101.138365719049588, 19.751516089759178 ], [ -101.137963149626302, 19.751262456027771 ], [ -101.137948397667472, 19.75125316188992 ], [ -101.137337829312031, 19.750868481111681 ], [ -101.137001888948575, 19.75068425998052 ], [ -101.136409349706966, 19.750931979674782 ], [ -101.13632908936215, 19.750961280710406 ], [ -101.135867178571445, 19.751173620176424 ], [ -101.135529539566448, 19.751312940721942 ], [ -101.135182289349189, 19.751464200121234 ], [ -101.134803279638717, 19.751629291130154 ], [ -101.13447970952268, 19.75177025048103 ], [ -101.134141948866016, 19.75191617997314 ], [ -101.134488149411268, 19.752807030502126 ], [ -101.134808948808711, 19.753655680035259 ], [ -101.133983629531258, 19.753834780239782 ], [ -101.134180514691337, 19.75454301315262 ], [ -101.134389549161824, 19.755294939685236 ], [ -101.134650085416894, 19.755292795625326 ], [ -101.134675543582546, 19.75569543216676 ], [ -101.134706773106473, 19.756189317770854 ], [ -101.134701555158898, 19.756189413040136 ], [ -101.133199980670909, 19.756216844507012 ], [ -101.133087801617208, 19.755736356875786 ], [ -101.131853742482036, 19.755797198884775 ], [ -101.131819695639564, 19.755798877164427 ], [ -101.131662800830711, 19.755315027249381 ], [ -101.131314348725198, 19.755320280147338 ], [ -101.130892750028053, 19.755328060011564 ], [ -101.129683089452413, 19.755350369777734 ], [ -101.129562604615387, 19.754035704565819 ], [ -101.128859893399976, 19.754204770339793 ], [ -101.128857868661683, 19.754198512207015 ], [ -101.128819749753873, 19.754080690061851 ], [ -101.128668168821946, 19.753553619722393 ], [ -101.128427459854649, 19.752716631101283 ], [ -101.128314479955804, 19.752323710869508 ], [ -101.128208519054098, 19.751955311265935 ], [ -101.128173972399011, 19.751835189558218 ], [ -101.128173360934923, 19.751833065210693 ], [ -101.12811655025304, 19.751635521152512 ], [ -101.128036228732853, 19.751356180858348 ], [ -101.127952088936212, 19.751063580671559 ], [ -101.127863879949487, 19.750756850882869 ], [ -101.127792119156226, 19.750507351246394 ], [ -101.127726742975966, 19.750280004801727 ], [ -101.126748698303714, 19.750476379152261 ], [ -101.126322633682022, 19.750576196890925 ], [ -101.12607583192819, 19.749842936318874 ], [ -101.126067892900949, 19.749819352992379 ], [ -101.126558709281383, 19.749693529657414 ], [ -101.126454023782756, 19.74935083897115 ], [ -101.126330168096018, 19.748910646703823 ], [ -101.12611490493434, 19.748145583007016 ], [ -101.127042088585739, 19.747899140751922 ], [ -101.127863770272683, 19.747696220293161 ], [ -101.128646519792241, 19.747513630737249 ], [ -101.128849889687672, 19.747474180453519 ], [ -101.128797944228893, 19.747211043401169 ], [ -101.128782636634156, 19.747133500179157 ], [ -101.12874756807922, 19.746974583350472 ], [ -101.12937016908937, 19.746844549840478 ], [ -101.129341199042798, 19.746696449978685 ], [ -101.129302339512904, 19.746530030698633 ], [ -101.129204049926486, 19.746190880066621 ], [ -101.129158888660811, 19.746029770149395 ], [ -101.129127619236783, 19.745887419603303 ], [ -101.129130079338879, 19.745742340985508 ], [ -101.129160948937965, 19.745604921080119 ], [ -101.129166749078465, 19.7455139805413 ], [ -101.129032109174858, 19.745507860882366 ], [ -101.128604580020337, 19.745470450240504 ], [ -101.12819539994014, 19.744615001199691 ], [ -101.12777344744363, 19.743529544292056 ], [ -101.127733081769961, 19.743417875957082 ], [ -101.127637062740519, 19.743152244417121 ], [ -101.127870821911131, 19.742987003669072 ], [ -101.128669689949831, 19.742348030157171 ], [ -101.128573520035658, 19.742220449599284 ], [ -101.128490799257818, 19.742086881232812 ], [ -101.128327347918628, 19.741833660747858 ], [ -101.1282763970204, 19.74175472004643 ], [ -101.12812606044038, 19.74150206069401 ], [ -101.128055019474303, 19.741325400113293 ], [ -101.12804828949794, 19.741188679996537 ], [ -101.12805305950225, 19.741037630003753 ], [ -101.12807262899544, 19.740947820533176 ], [ -101.128098081031226, 19.740895641175797 ], [ -101.128111119375205, 19.740868910708794 ], [ -101.128175980367573, 19.740826121147879 ], [ -101.128252119987422, 19.740801379807067 ], [ -101.128426719872991, 19.740823969659392 ], [ -101.128513818826804, 19.740867630092485 ], [ -101.12868430920976, 19.740940549705339 ], [ -101.12890425894156, 19.740999370173046 ], [ -101.129204179210177, 19.741029859718601 ], [ -101.129545858775202, 19.741064201275936 ], [ -101.129864890436522, 19.741076830504877 ], [ -101.130104178694964, 19.741081801249745 ], [ -101.130263738697124, 19.741082719343691 ], [ -101.130328318866518, 19.741083090150795 ], [ -101.130636319281123, 19.741038089976286 ], [ -101.13088354890165, 19.740989149625506 ], [ -101.131111628872091, 19.740968880335576 ], [ -101.131270880075533, 19.741016551180387 ], [ -101.131346568669116, 19.741060149982086 ], [ -101.131432318915174, 19.741155311185938 ], [ -101.131501579634474, 19.741126680496127 ], [ -101.131962261072673, 19.740936181235732 ], [ -101.132009383312479, 19.740916696982097 ], [ -101.132520509866566, 19.740705349609193 ], [ -101.132944858785606, 19.740519660420343 ], [ -101.133408049022435, 19.740316970305276 ], [ -101.133480980125697, 19.740291430371538 ], [ -101.133772530617776, 19.740187681416057 ], [ -101.13388137928554, 19.740149861153323 ], [ -101.133871750328581, 19.740129381134263 ], [ -101.133760709703751, 19.739865889934073 ], [ -101.133640619777353, 19.739709289731078 ], [ -101.133585510246007, 19.739609980210169 ], [ -101.133533709522666, 19.739464060986659 ], [ -101.133437849534801, 19.739241020652429 ], [ -101.133411619592678, 19.738923490122147 ], [ -101.133418480133741, 19.738658090467297 ], [ -101.133449889381879, 19.738416569775886 ], [ -101.133503319670083, 19.738191519764069 ], [ -101.133923179518305, 19.736695949922421 ], [ -101.134255709846158, 19.735862540917466 ], [ -101.133861689344926, 19.735651370203151 ], [ -101.133790059618406, 19.735981539637713 ], [ -101.133481919787258, 19.73742531004017 ], [ -101.13324891022063, 19.738369180068407 ], [ -101.132964249827864, 19.739053310433196 ], [ -101.132681659783714, 19.739477580128625 ], [ -101.132048829822509, 19.73997153963083 ], [ -101.131284379526932, 19.740334250005581 ], [ -101.130585950443702, 19.740499539889456 ], [ -101.12989488991002, 19.740525179550659 ], [ -101.12927731952125, 19.740532540121812 ], [ -101.128718619596029, 19.740442949941549 ], [ -101.128191260405131, 19.740300970269917 ], [ -101.127685580305737, 19.740089199638746 ], [ -101.127398340021898, 19.73988911956533 ], [ -101.126869710021452, 19.739426219897528 ], [ -101.12636905002752, 19.738863600181961 ], [ -101.125624769654664, 19.738025520419971 ], [ -101.125044650419994, 19.737425579984553 ], [ -101.124409580268136, 19.736876539960502 ], [ -101.12401424965303, 19.736686659731379 ], [ -101.123087629648808, 19.736515429867289 ], [ -101.122630319698629, 19.736504020126109 ], [ -101.122142950200214, 19.736570289738371 ], [ -101.120826680144717, 19.737057749643458 ], [ -101.120445420104588, 19.737300060437938 ], [ -101.12042436887144, 19.737268587549835 ], [ -101.120253800723219, 19.737013585266116 ], [ -101.120188339885388, 19.736915719987952 ], [ -101.120153550051029, 19.736844419555279 ], [ -101.121215379601651, 19.73606556964355 ], [ -101.122064029691998, 19.735231980011729 ], [ -101.122649380061162, 19.734788370412396 ], [ -101.123155890382691, 19.734490480154903 ], [ -101.12349591962699, 19.734306750371406 ], [ -101.124022689623089, 19.734231229811225 ], [ -101.124651570175615, 19.734329309680213 ], [ -101.125083200016547, 19.734458690319567 ], [ -101.126740520430204, 19.734934320332052 ], [ -101.126753819685362, 19.73489777981813 ], [ -101.126973889524507, 19.734340420318858 ], [ -101.125929860083588, 19.734233720313163 ], [ -101.124528080453771, 19.734090460189975 ], [ -101.124513820370026, 19.733647489828318 ], [ -101.124684949964987, 19.733392449846487 ], [ -101.126781280050224, 19.73296290983285 ], [ -101.127009460121982, 19.733473000407766 ], [ -101.128364230207083, 19.733110569561422 ], [ -101.128133689625187, 19.732559709583779 ], [ -101.127622680041355, 19.731338679709527 ], [ -101.128673969924506, 19.731004630154064 ], [ -101.129861620034106, 19.730627230136388 ], [ -101.130661020185755, 19.732145249892881 ], [ -101.131359739933117, 19.733472059550028 ], [ -101.132880480183445, 19.732634109941532 ], [ -101.134024949972428, 19.732011340084686 ], [ -101.134226080102778, 19.731816220377997 ], [ -101.134373950356647, 19.731613349756071 ], [ -101.13494185966492, 19.73048029003219 ], [ -101.135089689800822, 19.730234780206597 ], [ -101.13525251992624, 19.730066910340934 ], [ -101.135482770439495, 19.729904910205899 ], [ -101.13664647985, 19.729299125124339 ], [ -101.136464392823413, 19.72903369489342 ], [ -101.134784582740338, 19.724396048410878 ], [ -101.134892294739487, 19.724333905291051 ], [ -101.137607957197162, 19.722767138501418 ], [ -101.13759427381332, 19.722731130852793 ], [ -101.137323028728957, 19.722017355792119 ], [ -101.137450179542469, 19.721989875674254 ], [ -101.137487343774751, 19.721981843545517 ], [ -101.137339330815109, 19.721858041636086 ], [ -101.137288344975218, 19.721815395785118 ], [ -101.137181054173013, 19.721724956715715 ], [ -101.137099970986483, 19.721507515460683 ], [ -101.13707923791938, 19.721443522535228 ], [ -101.13700828779838, 19.721113222113573 ], [ -101.137070009234009, 19.721077301547005 ], [ -101.137020418878365, 19.720941016613583 ], [ -101.136837430300091, 19.720408591193046 ], [ -101.136666842590131, 19.720038189942315 ], [ -101.136425634726379, 19.719741868061419 ], [ -101.136442272761471, 19.719696614972047 ], [ -101.136559236494492, 19.719556855088374 ], [ -101.13649844151692, 19.719560343958758 ], [ -101.136318679336085, 19.719476830522265 ], [ -101.136047700593053, 19.719402387084056 ], [ -101.135956842071167, 19.71938583074575 ], [ -101.135891312148885, 19.719337498761874 ], [ -101.135838594252505, 19.719265258993797 ], [ -101.135811168501661, 19.719197959708747 ], [ -101.135781029735327, 19.71918552721797 ], [ -101.135811244584616, 19.719014237391985 ], [ -101.135819413886338, 19.718967921017168 ], [ -101.135735255115151, 19.71894804038595 ], [ -101.135504055725946, 19.718873108842523 ], [ -101.135553964394134, 19.718697996357651 ], [ -101.136022221406876, 19.718822064435471 ], [ -101.136094875634299, 19.718788809635129 ], [ -101.136108250055088, 19.718782688607547 ], [ -101.136220004659208, 19.718729373658981 ], [ -101.136325278947467, 19.718699998899218 ], [ -101.136350833490241, 19.718691949813579 ], [ -101.136396321100378, 19.71867762312241 ], [ -101.136489681069037, 19.718541221747209 ], [ -101.136657910988703, 19.718429717405694 ], [ -101.136893216683859, 19.718288581969478 ], [ -101.137007538706627, 19.71838657427644 ], [ -101.136866694732433, 19.718554585533987 ], [ -101.136866668899629, 19.718555638513795 ], [ -101.136864964318562, 19.718626278945308 ], [ -101.13700246736137, 19.718737954484567 ], [ -101.137009540254553, 19.718709286648387 ], [ -101.137017477916061, 19.718655377689856 ], [ -101.137040770953021, 19.718576379061915 ], [ -101.137094150608377, 19.7184782439336 ], [ -101.137113826498464, 19.718436515542614 ], [ -101.137144691416793, 19.718361156278235 ], [ -101.137198367427146, 19.718282330752185 ], [ -101.137364607408401, 19.718502967979813 ], [ -101.13740938605828, 19.718561362529524 ], [ -101.137677049515901, 19.718802379893397 ], [ -101.13778841721782, 19.718671824404851 ], [ -101.138462149272655, 19.718249584451428 ], [ -101.138471794409583, 19.718243539885496 ], [ -101.138492708795766, 19.718275655058388 ], [ -101.138659876304629, 19.718532361646343 ], [ -101.138713565808885, 19.718690931502653 ], [ -101.138721657216308, 19.718771133003418 ], [ -101.138775924912593, 19.718920048568968 ], [ -101.138794031686032, 19.719179130272419 ], [ -101.138797906313272, 19.719766166926355 ], [ -101.138776421565424, 19.719859265643993 ], [ -101.138744125069351, 19.720020107323066 ], [ -101.138768297873597, 19.720122813352322 ], [ -101.138773306674537, 19.720502004487987 ], [ -101.138773429510891, 19.720511309337372 ], [ -101.138742145877913, 19.720651554703668 ], [ -101.138838895107298, 19.720728519274004 ], [ -101.138929818679955, 19.720765805147739 ], [ -101.138828090571678, 19.72115465266824 ], [ -101.138582229520296, 19.721432469840771 ], [ -101.138606095525745, 19.721502385879386 ], [ -101.138617010872807, 19.721577983319676 ], [ -101.138620238056035, 19.721667925590587 ], [ -101.138631062181361, 19.721757909264685 ], [ -101.138657102991004, 19.721844383256549 ], [ -101.138687101012607, 19.721905702502578 ], [ -101.138781533329109, 19.72198896737412 ], [ -101.13886488001252, 19.722041291222123 ], [ -101.138995120042892, 19.722067690208092 ], [ -101.139316289578232, 19.721974059677418 ], [ -101.139623370212163, 19.721754800241047 ], [ -101.139780199791986, 19.721901710086861 ], [ -101.139861770138538, 19.722038260149397 ], [ -101.140024449520723, 19.722170420201522 ], [ -101.140053020140115, 19.722228889810211 ], [ -101.140100829810621, 19.722274059812122 ], [ -101.140185000076585, 19.722335179724546 ], [ -101.140215890424415, 19.722381000438073 ], [ -101.140240080067869, 19.722434119680553 ], [ -101.140255490303403, 19.722600659897797 ], [ -101.140276980433882, 19.722655540187915 ], [ -101.140451739706251, 19.722845089782037 ], [ -101.140657229759228, 19.722963320255417 ], [ -101.140696369711819, 19.722973249814164 ], [ -101.141469449876467, 19.722558219559549 ], [ -101.141411200402658, 19.72056823016511 ], [ -101.141397660135638, 19.720162180394826 ], [ -101.141381260238475, 19.719682110125152 ], [ -101.14136691042593, 19.719383550382496 ], [ -101.141350880156011, 19.718876080437077 ], [ -101.141326780274383, 19.718305630263881 ], [ -101.141312550003789, 19.717771139640437 ], [ -101.141317570301155, 19.717217020062265 ], [ -101.141310219843547, 19.716673819591577 ], [ -101.141297379601809, 19.716153679995358 ], [ -101.141287890334056, 19.715556139682693 ], [ -101.141261020097659, 19.715039979551008 ], [ -101.141236510196009, 19.714529399577795 ], [ -101.141209920168293, 19.713984879784302 ], [ -101.141156229864279, 19.713348179940137 ], [ -101.142435860065888, 19.712160860186639 ], [ -101.142378744072488, 19.711958736525695 ], [ -101.142608700377849, 19.711855165304325 ], [ -101.143179862074987, 19.711600488787386 ], [ -101.143926783297417, 19.711349423048279 ], [ -101.143594822658315, 19.71107996153998 ], [ -101.143045286446082, 19.710614450515585 ], [ -101.142462063623654, 19.710018084240293 ], [ -101.142428909928654, 19.71002049757389 ], [ -101.142127536552294, 19.710235013286326 ], [ -101.141574606656818, 19.709709091483088 ], [ -101.141431879187891, 19.709573334741034 ], [ -101.141354803945532, 19.709336272702465 ], [ -101.141176791397342, 19.708089029916572 ], [ -101.140708655153503, 19.706814102894281 ], [ -101.14213477993421, 19.706676400119939 ], [ -101.143173538772771, 19.706616511237158 ], [ -101.145812909708596, 19.706544461140727 ], [ -101.14595790890219, 19.706538880518256 ], [ -101.146311029099508, 19.706507800912537 ], [ -101.146523879537682, 19.706481659592956 ], [ -101.147071049728893, 19.706438689989145 ], [ -101.147587779075494, 19.706404200360041 ], [ -101.148064524859649, 19.706375757403869 ], [ -101.148206682108992, 19.706370706044087 ], [ -101.14820400044664, 19.706279802394068 ], [ -101.148037174064072, 19.705924925524542 ], [ -101.147882135107608, 19.705615694211726 ], [ -101.147368908606211, 19.704543867843061 ], [ -101.14723664315936, 19.704279609645887 ], [ -101.146974475243965, 19.703719141531113 ], [ -101.146533071648818, 19.70283183543469 ], [ -101.144731627442312, 19.703179138239737 ], [ -101.144707049783179, 19.703042319902686 ], [ -101.143818279628235, 19.703198581010259 ], [ -101.142354749870734, 19.703443319450823 ], [ -101.142312577307948, 19.703423666029348 ], [ -101.1422908517156, 19.703068641238552 ], [ -101.14220898192805, 19.70265226623637 ], [ -101.142287325998069, 19.702631959573448 ], [ -101.142241164721682, 19.702365384706546 ], [ -101.142271890396927, 19.702330140925017 ], [ -101.142330550259089, 19.702105541050329 ], [ -101.142255918978435, 19.702112879805661 ], [ -101.142166349726821, 19.702147540111909 ], [ -101.142154310052902, 19.701799289868685 ], [ -101.142091219288545, 19.699974651080609 ], [ -101.142068319551385, 19.698481579907682 ], [ -101.142011998964207, 19.698066970140136 ], [ -101.141979399959553, 19.697961429673988 ], [ -101.141870968714798, 19.697759249997034 ], [ -101.141637479604, 19.69744825969757 ], [ -101.141564678589674, 19.697319921184175 ], [ -101.141393030258513, 19.696729460265669 ], [ -101.141309060135839, 19.696563120404875 ], [ -101.140873180027441, 19.696042320360242 ], [ -101.140834139692004, 19.695912119575826 ], [ -101.140267246740009, 19.694757794971125 ], [ -101.139988087592471, 19.694489658335542 ], [ -101.139837468297102, 19.694325475258655 ], [ -101.139676854218493, 19.694079201299655 ], [ -101.139566208543783, 19.693775819947291 ], [ -101.139448425923874, 19.69342247007274 ], [ -101.139269966310536, 19.693040566421391 ], [ -101.139219997724396, 19.692901367559653 ], [ -101.139145044882142, 19.692715770071363 ], [ -101.139037628267033, 19.692604382799452 ], [ -101.13896267490621, 19.692529430397759 ], [ -101.138894859933288, 19.692475892289309 ], [ -101.138809199614343, 19.692433061874087 ], [ -101.138694985051629, 19.692393801059687 ], [ -101.138580771252151, 19.692372385741592 ], [ -101.138289153413481, 19.692305312945294 ], [ -101.137908010909669, 19.692191387257946 ], [ -101.137460673194283, 19.692096208810248 ], [ -101.137451155453732, 19.692029583749907 ], [ -101.136052032019677, 19.691705977092525 ], [ -101.137514999841827, 19.690223749991095 ], [ -101.13709069001024, 19.690030599812399 ], [ -101.136882200306232, 19.689874910048122 ], [ -101.136739829914632, 19.689710769835809 ], [ -101.136647740229932, 19.68955200043257 ], [ -101.136597579586635, 19.688896279676705 ], [ -101.136558199549683, 19.688518370316228 ], [ -101.136236309504255, 19.688064060178888 ], [ -101.136202629315477, 19.68815701519183 ], [ -101.13615971373639, 19.688252980735559 ], [ -101.135773475116252, 19.688904534462953 ], [ -101.135172661729669, 19.689843977810085 ], [ -101.134604033043928, 19.690712707251873 ], [ -101.134781057622249, 19.690924838515347 ], [ -101.134754236444579, 19.691263236961657 ], [ -101.13457720990273, 19.691056157186665 ], [ -101.134351904255695, 19.69075311262781 ], [ -101.134164149261579, 19.690636947088112 ], [ -101.133944209236091, 19.690566235662185 ], [ -101.133697446496598, 19.690576337461795 ], [ -101.133574064470139, 19.690601590987509 ], [ -101.13337021605733, 19.690732909802254 ], [ -101.133236105900153, 19.690889483202373 ], [ -101.133161004044297, 19.691071309773637 ], [ -101.133150275314478, 19.691222830924556 ], [ -101.133182462252734, 19.691419808470666 ], [ -101.133214648155146, 19.691566279039677 ], [ -101.133177097167035, 19.69172285059118 ], [ -101.133107361062514, 19.691844066963831 ], [ -101.133026893138336, 19.691940030896635 ], [ -101.132994706837493, 19.691131917648157 ], [ -101.132951791152649, 19.691116765423089 ], [ -101.13287669034348, 19.689667202120653 ], [ -101.132259781856447, 19.688076202816447 ], [ -101.132139382793156, 19.68768848180364 ], [ -101.131917438519153, 19.68776581455862 ], [ -101.131505058795554, 19.686865810237848 ], [ -101.131101689704849, 19.687155681288615 ], [ -101.131342308709549, 19.687611030254455 ], [ -101.131505059024107, 19.688085178129811 ], [ -101.13088860026653, 19.688476660115459 ], [ -101.130495539744047, 19.68870345068261 ], [ -101.129965768616486, 19.689085660911914 ], [ -101.129632369305185, 19.68931277044469 ], [ -101.129429749180233, 19.689374860239244 ], [ -101.129250658768896, 19.689516770523781 ], [ -101.129315856217318, 19.69010310725767 ], [ -101.130276052498189, 19.690020495274993 ], [ -101.130342481021131, 19.690038937140219 ], [ -101.130398178849745, 19.690064955470227 ], [ -101.130415699988205, 19.69012961941274 ], [ -101.130401033506516, 19.690198069823655 ], [ -101.129975989044766, 19.690524107337332 ], [ -101.129273791159491, 19.691059394502002 ], [ -101.128611554521072, 19.691602302148816 ], [ -101.127670370796224, 19.692433095723878 ], [ -101.12717248626717, 19.691631488559043 ], [ -101.126667711529166, 19.691241996896196 ], [ -101.126071649004231, 19.69127422001247 ], [ -101.126163618654985, 19.691537970883754 ], [ -101.126210798780633, 19.691798061136303 ], [ -101.12620933414604, 19.691807383751886 ], [ -101.126149205602601, 19.692190486071329 ], [ -101.125948848653181, 19.693467002143251 ], [ -101.125943440726545, 19.693466956426708 ], [ -101.125624105615017, 19.693464184763112 ], [ -101.125622523048364, 19.693464170187021 ], [ -101.125599293758128, 19.693171984773443 ], [ -101.125524909984492, 19.692236308756627 ], [ -101.124444932961694, 19.692287953935466 ], [ -101.124137656784654, 19.691942128977256 ], [ -101.124069439892722, 19.691865354826852 ], [ -101.124068831921434, 19.691864669786614 ], [ -101.123633721573881, 19.69186564316195 ], [ -101.123112550124873, 19.691577488222606 ], [ -101.122887405951133, 19.691453002563641 ], [ -101.122886942001998, 19.691452242225612 ], [ -101.122866390329449, 19.691418511042574 ], [ -101.122754599538808, 19.691235021340141 ], [ -101.122747487284073, 19.691148636991141 ], [ -101.122736059652368, 19.691009801149143 ], [ -101.121662249226603, 19.691079540571138 ], [ -101.121617339088701, 19.691750050981092 ], [ -101.121585578858557, 19.691779090675233 ], [ -101.121550049116578, 19.691811601302547 ], [ -101.121389309086993, 19.691857980201551 ], [ -101.121310849540777, 19.691880629655618 ], [ -101.120870199678151, 19.692018679660784 ], [ -101.120439619209705, 19.692150771003153 ], [ -101.119930829401696, 19.692306859896963 ], [ -101.120406910430091, 19.693691041260184 ], [ -101.120855183419764, 19.694894156449458 ], [ -101.121287363070934, 19.694587138270833 ], [ -101.121481170880358, 19.695452926665997 ], [ -101.121093937476033, 19.695719151874144 ], [ -101.120884227230647, 19.695003764300679 ], [ -101.12033119297908, 19.695333849470853 ], [ -101.12030688862221, 19.695252812431161 ], [ -101.119892997860134, 19.693872766488266 ], [ -101.119451275076031, 19.692452801827958 ], [ -101.118542848886491, 19.692729861287699 ], [ -101.118358870424359, 19.692557873588822 ], [ -101.11832839936605, 19.692528059848751 ], [ -101.11824019990658, 19.692572829550134 ], [ -101.118048949696274, 19.692663050833268 ], [ -101.117895020288245, 19.692751279784762 ], [ -101.117681739924592, 19.692967419826299 ], [ -101.117364479826094, 19.693137050356651 ], [ -101.117143999581486, 19.693389540454376 ], [ -101.116938310179222, 19.69367465030415 ], [ -101.116762709157413, 19.693923939713201 ], [ -101.116309679551676, 19.694509400224234 ], [ -101.116046378593978, 19.694867179610654 ], [ -101.115630569247429, 19.695430311234883 ], [ -101.114684170266742, 19.694820120737504 ], [ -101.113225508773539, 19.693879661203219 ], [ -101.113632119431813, 19.693328090885334 ], [ -101.113879799441662, 19.692992120620627 ], [ -101.114675679757283, 19.691912511226555 ], [ -101.114890308817067, 19.69181558125284 ], [ -101.116226249971476, 19.691306430845092 ], [ -101.116721969042345, 19.691117490895749 ], [ -101.117113450023936, 19.690963770512212 ], [ -101.11754174954585, 19.690798880844991 ], [ -101.11792068040802, 19.690651371253626 ], [ -101.118350349393893, 19.690486880667439 ], [ -101.118840079945699, 19.690293860728996 ], [ -101.119229909996164, 19.690142260620533 ], [ -101.119464547750354, 19.690051016192445 ], [ -101.119634659513068, 19.689984860902971 ], [ -101.120617629209249, 19.689605920716318 ], [ -101.121882969970486, 19.689119510703751 ], [ -101.121996049279375, 19.688061911107226 ], [ -101.120998350254808, 19.688074520041873 ], [ -101.119944523799177, 19.68814908284207 ], [ -101.119473561167837, 19.688182402896746 ], [ -101.119013276639407, 19.688214969779864 ], [ -101.117728160945148, 19.68830213070202 ], [ -101.117252174290542, 19.688335526057521 ], [ -101.116785655942877, 19.688363076184569 ], [ -101.116245697684434, 19.688399876215886 ], [ -101.116114544918702, 19.688410555162104 ], [ -101.115866698710235, 19.688432838169589 ], [ -101.115393887280007, 19.688464695591797 ], [ -101.115151193679452, 19.688481059629524 ], [ -101.114810039327097, 19.688506173311787 ], [ -101.114656069144502, 19.688514731043234 ], [ -101.113670822535099, 19.688582962893133 ], [ -101.113462963538268, 19.688598514911273 ], [ -101.113500888837365, 19.688414332903282 ], [ -101.113555141943152, 19.688364380186758 ], [ -101.114371165833631, 19.688028690191356 ], [ -101.114552033958518, 19.686944877058899 ], [ -101.114668586395396, 19.686209809921092 ], [ -101.115084072680901, 19.686516112182652 ], [ -101.115548821085596, 19.686607977072462 ], [ -101.116005539178047, 19.686682984044282 ], [ -101.116125878785269, 19.686665157738933 ], [ -101.116665143200393, 19.686474591742545 ], [ -101.116936327298205, 19.686388725144223 ], [ -101.11703023429196, 19.686358991381915 ], [ -101.117073065149881, 19.686367557129195 ], [ -101.117114467125944, 19.686393254931943 ], [ -101.11716427714029, 19.686437433590878 ], [ -101.117967925197277, 19.686548808505453 ], [ -101.118009783552225, 19.686345978519736 ], [ -101.118099449945561, 19.685911490232851 ], [ -101.118257400046701, 19.685770430270825 ], [ -101.118535490389775, 19.685717519742614 ], [ -101.118835049636004, 19.685782149778511 ], [ -101.119145819945643, 19.685733490234188 ], [ -101.119260919970174, 19.68571724958878 ], [ -101.119392540075793, 19.685751820103881 ], [ -101.119625490169653, 19.685899569925994 ], [ -101.119816820242036, 19.685938629821926 ], [ -101.119983950193557, 19.685926949653844 ], [ -101.120155740403277, 19.685885779895191 ], [ -101.120300450091932, 19.685897159780769 ], [ -101.120629819905417, 19.685867379646915 ], [ -101.120849109773701, 19.685815150173894 ], [ -101.121464679587547, 19.685531219924805 ], [ -101.121725580235122, 19.685323619597973 ], [ -101.122474050368595, 19.685149480170086 ], [ -101.123121779583244, 19.685120219834907 ], [ -101.123538000259302, 19.685120400255485 ], [ -101.123541309920356, 19.684864579935841 ], [ -101.123833749851556, 19.684539229788907 ], [ -101.124040339932293, 19.684565279656994 ], [ -101.12401414964485, 19.684231970066286 ], [ -101.124212169813504, 19.684170659702239 ], [ -101.124552715070365, 19.684167260288167 ], [ -101.124734420431253, 19.68422995006447 ], [ -101.125050019727709, 19.684205949822228 ], [ -101.125178339577602, 19.684171169870712 ], [ -101.125682260140195, 19.683992310142951 ], [ -101.126208799524477, 19.683585349820188 ], [ -101.126220539780121, 19.683336139948182 ], [ -101.126303580371115, 19.683117280295811 ], [ -101.126399880060433, 19.682945120335489 ], [ -101.126567919964998, 19.682569520054262 ], [ -101.12671956988612, 19.682364370157011 ], [ -101.126768569793825, 19.682252320365588 ], [ -101.126876660300283, 19.682242779873611 ], [ -101.126978460386979, 19.682240310018216 ], [ -101.127060979716433, 19.682241489963783 ], [ -101.127158679559884, 19.682244740298394 ], [ -101.127637220193165, 19.682227230309731 ], [ -101.128045750459989, 19.682173060251003 ], [ -101.12808655018452, 19.682177480366036 ], [ -101.128119459111588, 19.682181031231504 ], [ -101.128223309630144, 19.681740510636491 ], [ -101.128258983364148, 19.681588284844338 ], [ -101.127957966185633, 19.681315717817434 ], [ -101.127981568406028, 19.680632420648823 ], [ -101.128685466437346, 19.680297636734011 ], [ -101.129518109595097, 19.680240660107852 ], [ -101.129996799952821, 19.681661951201864 ], [ -101.130049569833332, 19.681818629683235 ], [ -101.130554910226834, 19.681721110222625 ], [ -101.131018028733138, 19.681635579621815 ], [ -101.131178029991375, 19.682231580933969 ], [ -101.131681119778506, 19.682133310674306 ], [ -101.131784021832914, 19.682116928110485 ], [ -101.132149258794826, 19.682058780310705 ], [ -101.132413338767392, 19.68200952076506 ], [ -101.132597629109569, 19.682001481292524 ], [ -101.13291354999437, 19.682078949953489 ], [ -101.133146909696421, 19.682079089868665 ], [ -101.133617338999727, 19.682072850194103 ], [ -101.133719310439886, 19.682058619730974 ], [ -101.13400317924355, 19.68200798072326 ], [ -101.134018519597859, 19.682452369867242 ], [ -101.134092570032365, 19.682469089947496 ], [ -101.13408214487022, 19.682519819607261 ], [ -101.134577970026044, 19.682177579703062 ], [ -101.134613480168127, 19.68217173964544 ], [ -101.134749579651569, 19.682200109791477 ], [ -101.134806779717977, 19.682264049658329 ], [ -101.134910600337648, 19.68253307961346 ], [ -101.134953080089005, 19.682588050252804 ], [ -101.134985909732634, 19.682630539859773 ], [ -101.135159769893548, 19.682754739771152 ], [ -101.135395710301282, 19.68283619986239 ], [ -101.135607880452724, 19.682937199965622 ], [ -101.135848819946844, 19.683005090194506 ], [ -101.136233169912728, 19.683142939546613 ], [ -101.13656536979488, 19.683225799743841 ], [ -101.136738220235642, 19.683261710342947 ], [ -101.136675819943576, 19.683020970382692 ], [ -101.137121579911948, 19.682987539601537 ], [ -101.137204319729719, 19.683312919663525 ], [ -101.137481739734113, 19.684377460434654 ], [ -101.137541179961346, 19.684741150367039 ], [ -101.138407680154003, 19.684761379566176 ], [ -101.13973131953928, 19.684757490240496 ], [ -101.139863749901551, 19.684765090394887 ], [ -101.143548169863053, 19.684784379578883 ], [ -101.143547050191287, 19.68457043018239 ], [ -101.144033480298845, 19.684625710233945 ], [ -101.144540850317043, 19.684665520035001 ], [ -101.145045569826536, 19.68470540017222 ], [ -101.145322169527532, 19.684721140371959 ], [ -101.145330539772814, 19.684449969932967 ], [ -101.145536879931896, 19.684451860419102 ], [ -101.147351119815184, 19.684126949768405 ], [ -101.147402220364071, 19.684296369783244 ], [ -101.148156769907629, 19.684143279572702 ], [ -101.148542909897699, 19.683898490368712 ], [ -101.148971649628876, 19.683793649726255 ], [ -101.149401319652711, 19.683577720449065 ], [ -101.149921020135451, 19.683055509799136 ], [ -101.150660799753496, 19.68316757020273 ], [ -101.151917090089114, 19.683264519637135 ], [ -101.152086420072834, 19.683538119881998 ], [ -101.153038050192549, 19.682926380096291 ], [ -101.152998719680554, 19.682851739799705 ], [ -101.152896850292109, 19.682710220254936 ], [ -101.155667459904279, 19.681346719800935 ], [ -101.157478309779876, 19.680289599733051 ], [ -101.157631650063678, 19.680261369845336 ], [ -101.165162859944232, 19.678702140352758 ], [ -101.16510267965505, 19.676050780096293 ], [ -101.164925090149012, 19.676010090018359 ], [ -101.164342149675875, 19.676126769790766 ], [ -101.163560510373728, 19.676448550383157 ], [ -101.163007260137306, 19.67667568972249 ], [ -101.162514540391271, 19.676941519613877 ], [ -101.162410880353775, 19.676509340115292 ], [ -101.162071630303359, 19.676517060336266 ], [ -101.161778080260163, 19.676501050318201 ], [ -101.16149494020587, 19.676439540348149 ], [ -101.161363540421334, 19.676402830243074 ], [ -101.16127527954653, 19.676347199654998 ], [ -101.1613239702491, 19.675841519945568 ], [ -101.161180860159476, 19.675604369802283 ], [ -101.160835020428536, 19.675448980276233 ], [ -101.160580259853489, 19.675267940191066 ], [ -101.160233118791581, 19.674946907934473 ], [ -101.159977019858118, 19.674607380316466 ], [ -101.159774140422684, 19.674258570344627 ], [ -101.159727430185725, 19.674035319703567 ], [ -101.159780110378676, 19.673702310430546 ], [ -101.159861890071809, 19.673575679980122 ], [ -101.160345150229261, 19.673204310183237 ], [ -101.160764420039612, 19.672945259823013 ], [ -101.160985650194363, 19.672783450394508 ], [ -101.161162249770243, 19.672427650155072 ], [ -101.160937600407323, 19.672323290036104 ], [ -101.160620259608237, 19.672062569673017 ], [ -101.164331860059974, 19.668335000140157 ], [ -101.164829849566715, 19.668180799723171 ], [ -101.164890718988019, 19.66816195274647 ], [ -101.165033556556651, 19.668117725874971 ], [ -101.165085090010081, 19.66810176994958 ], [ -101.165661259736098, 19.671341320196351 ], [ -101.165740049819206, 19.671392709743255 ], [ -101.165802819790372, 19.67147697982022 ], [ -101.165826019737565, 19.67159279991095 ], [ -101.165790980370531, 19.671690450334435 ], [ -101.165728310298434, 19.671758310169658 ], [ -101.166104830028246, 19.673792310229015 ], [ -101.166245029732707, 19.674728779579937 ], [ -101.166506150462041, 19.676285830145684 ], [ -101.16713990975073, 19.676469149581745 ], [ -101.167350849935744, 19.676497649972628 ], [ -101.167631139710053, 19.67651308961981 ], [ -101.168535230033115, 19.676449720320061 ], [ -101.168787600088223, 19.676410110233935 ], [ -101.169329879577319, 19.676277849911063 ], [ -101.170101980112307, 19.67618857015249 ], [ -101.170481620448356, 19.676203600193762 ], [ -101.170943879709654, 19.67623994028321 ], [ -101.17115308975167, 19.676177769546534 ], [ -101.171699459981383, 19.676120339826078 ], [ -101.172484979984645, 19.67607428037681 ], [ -101.17284588960014, 19.676044600321742 ], [ -101.173411540371902, 19.676062080060827 ], [ -101.173683280064964, 19.676083709604988 ], [ -101.173893629720467, 19.676156260208391 ], [ -101.173590204845652, 19.67439854225665 ], [ -101.170206406405981, 19.674290399014115 ], [ -101.17017349867109, 19.674332060800996 ], [ -101.170126318972677, 19.674347627367542 ], [ -101.170079211475098, 19.674351686591965 ], [ -101.170021611849052, 19.674332667401657 ], [ -101.16997028256668, 19.674282032249124 ], [ -101.169967560522934, 19.67423022441962 ], [ -101.169987603734327, 19.674181417872767 ], [ -101.170025775348932, 19.674148537671499 ], [ -101.16999034312127, 19.674029008610376 ], [ -101.169958157068052, 19.673945662654358 ], [ -101.169923288952603, 19.673811805064972 ], [ -101.169853550482003, 19.673324355854071 ], [ -101.16977576571864, 19.672814175391505 ], [ -101.169722123181089, 19.672533828428897 ], [ -101.169684571695072, 19.672276211792404 ], [ -101.169636292789278, 19.671998388398748 ], [ -101.169441832663367, 19.671817804269292 ], [ -101.169295651953334, 19.671720567132454 ], [ -101.169311074615919, 19.671570288695637 ], [ -101.169519448140861, 19.671614172860021 ], [ -101.169721117348004, 19.671654268056066 ], [ -101.169884312244704, 19.671698309962302 ], [ -101.17001532186238, 19.671734772925102 ], [ -101.170242890164019, 19.671783867192957 ], [ -101.17045390392029, 19.67181662117116 ], [ -101.170734656187079, 19.671812754239188 ], [ -101.170786271935768, 19.671813528134546 ], [ -101.171324053589558, 19.671792014397635 ], [ -101.171880068636938, 19.671769159342389 ], [ -101.172103745680062, 19.67182548504627 ], [ -101.171808453038807, 19.670840063467097 ], [ -101.171382739589433, 19.670499641488803 ], [ -101.170840946924102, 19.670101037139332 ], [ -101.17041756091426, 19.669794794994797 ], [ -101.169465665008218, 19.669196116711813 ], [ -101.169446869801533, 19.668844945710653 ], [ -101.169752640870982, 19.668799482924854 ], [ -101.169876023287898, 19.669153081557145 ], [ -101.169940396188949, 19.669294520715329 ], [ -101.170187158939854, 19.669372818327062 ], [ -101.170912530756553, 19.669155491391358 ], [ -101.172048612801916, 19.668895459072335 ], [ -101.172080950874573, 19.668907718138438 ], [ -101.17138342433509, 19.669572348822442 ], [ -101.171873076384898, 19.669996985382635 ], [ -101.172081804352118, 19.669806302847338 ], [ -101.172820403064676, 19.66906222228296 ], [ -101.173049559406209, 19.668841676669956 ], [ -101.173114805843909, 19.668726938360301 ], [ -101.173131195825505, 19.668529208256764 ], [ -101.172804493515329, 19.66751794624134 ], [ -101.172718445860752, 19.667395662580009 ], [ -101.172669221902041, 19.667325711579437 ], [ -101.172881491076566, 19.667097784433412 ], [ -101.173075813581619, 19.66688912570509 ], [ -101.172597075359903, 19.666478272912634 ], [ -101.173289410778935, 19.665695634369264 ], [ -101.173352467551481, 19.665633575822781 ], [ -101.174215837519952, 19.666329315666058 ], [ -101.174371404895737, 19.666187873045111 ], [ -101.174682541619319, 19.666096946621831 ], [ -101.174805924045785, 19.666081792340723 ], [ -101.175090238487272, 19.666197975707618 ], [ -101.175310178055256, 19.666187872925278 ], [ -101.175500348696545, 19.666153030079233 ], [ -101.175748689140391, 19.6659882042295 ], [ -101.175899135290109, 19.665821697847804 ], [ -101.176017152831506, 19.665695410232399 ], [ -101.17610566612322, 19.665649946668118 ], [ -101.176030563893505, 19.665596906328961 ], [ -101.175909864667545, 19.665591854047499 ], [ -101.175864268161817, 19.665538812919653 ], [ -101.175842810259027, 19.665430279127214 ], [ -101.176072318724422, 19.665160890116308 ], [ -101.176468939342811, 19.664979740164359 ], [ -101.176885078728944, 19.664850690716506 ], [ -101.177174218804268, 19.664652680097994 ], [ -101.177354909389408, 19.664277951281015 ], [ -101.177624820405725, 19.663556369561743 ], [ -101.177935030301882, 19.66271574044281 ], [ -101.178256659992726, 19.662615749869499 ], [ -101.178649949695, 19.662479860217115 ], [ -101.177905779828023, 19.661160349560131 ], [ -101.178166619604184, 19.660983740238827 ], [ -101.178103644620151, 19.660926099825016 ], [ -101.178025226121136, 19.660854324139706 ], [ -101.177417119567025, 19.660297719779695 ], [ -101.177413731082353, 19.660289202564808 ], [ -101.177279460430753, 19.65995169092124 ], [ -101.177054369524342, 19.659384950352568 ], [ -101.176842459885819, 19.658805419981231 ], [ -101.17675753923595, 19.658455141248634 ], [ -101.176761770602056, 19.658452418328935 ], [ -101.177629720119469, 19.657893779869045 ], [ -101.177858429499892, 19.657742691079267 ], [ -101.177925860246432, 19.657788079589505 ], [ -101.179665175814691, 19.657427190442348 ], [ -101.179676895606235, 19.657424759052393 ], [ -101.180309321354073, 19.657293531856691 ], [ -101.180393719783282, 19.65727601975977 ], [ -101.180462710304283, 19.657357109874976 ], [ -101.180664219972698, 19.657450970309078 ], [ -101.180759520189298, 19.657468489954379 ], [ -101.180910020454448, 19.657516219774262 ], [ -101.180966649933595, 19.657549879646272 ], [ -101.181055770112778, 19.657574769703807 ], [ -101.181070065592337, 19.657578762925507 ], [ -101.181092830073879, 19.657585120135547 ], [ -101.181143340213907, 19.657653850295571 ], [ -101.181200749872559, 19.657709980153374 ], [ -101.181293910194753, 19.657794049884394 ], [ -101.181358479868933, 19.657872309983961 ], [ -101.181405149781085, 19.65796337007156 ], [ -101.181444770396965, 19.658080319758497 ], [ -101.181518740240804, 19.658227619589379 ], [ -101.181668829810263, 19.658382949706748 ], [ -101.181750480095801, 19.658481119825296 ], [ -101.181813849948568, 19.658564279721578 ], [ -101.181852969616529, 19.658641230345612 ], [ -101.181898220246168, 19.658714379764302 ], [ -101.181917800170893, 19.658754450175753 ], [ -101.181945910157722, 19.65879533970886 ], [ -101.181958229812167, 19.658837080069201 ], [ -101.181976710293711, 19.658877680129439 ], [ -101.182031710211504, 19.65904391033801 ], [ -101.182091230145758, 19.659208579947542 ], [ -101.182517177631127, 19.658716399278532 ], [ -101.1824077798437, 19.658566249610594 ], [ -101.182213284796916, 19.658285534872046 ], [ -101.18195251917048, 19.657909150103333 ], [ -101.181823756631516, 19.657807185743838 ], [ -101.181525488783009, 19.657557399706338 ], [ -101.181270368737117, 19.657382910860495 ], [ -101.180859490331557, 19.657183951263146 ], [ -101.180618599473163, 19.657007720441356 ], [ -101.180479519840503, 19.656816150331043 ], [ -101.179531689289504, 19.657029709816317 ], [ -101.176330279434964, 19.657768860850609 ], [ -101.176302364599323, 19.65777530554006 ], [ -101.175015533302997, 19.655896775792066 ], [ -101.174758248141046, 19.655551132790254 ], [ -101.173617031177756, 19.656183920737238 ], [ -101.173470547078864, 19.655719921078088 ], [ -101.173436717537726, 19.655619650700658 ], [ -101.172130515250913, 19.655934148671378 ], [ -101.172100773275275, 19.655699176137471 ], [ -101.170999450474369, 19.65572517958185 ], [ -101.170241817933899, 19.65574974051755 ], [ -101.169318042825694, 19.655869703647273 ], [ -101.169077120831588, 19.656232572473385 ], [ -101.170951279623281, 19.65675207972135 ], [ -101.171756168588033, 19.656905109744656 ], [ -101.172361910428307, 19.656921180674253 ], [ -101.172910978051135, 19.656895926489682 ], [ -101.173731263268991, 19.656773451611979 ], [ -101.17390380601843, 19.657240210960108 ], [ -101.174234984652117, 19.658155668498292 ], [ -101.174212784563153, 19.658169967608909 ], [ -101.174145278872871, 19.658220490584906 ], [ -101.174041889668402, 19.65792839955397 ], [ -101.173311018653806, 19.658049280220911 ], [ -101.173118944147006, 19.658360366343388 ], [ -101.172861010096369, 19.658840066027999 ], [ -101.172394635489937, 19.65770744132325 ], [ -101.170803620189517, 19.658663310443192 ], [ -101.170736324315854, 19.658582660974929 ], [ -101.170587683721749, 19.658452729976329 ], [ -101.170205900250565, 19.658097833913473 ], [ -101.169753802154361, 19.657711885824753 ], [ -101.168724566263563, 19.656783535714762 ], [ -101.168584772382459, 19.656884662722014 ], [ -101.167980939734008, 19.65742920025184 ], [ -101.168225028651236, 19.657998370495047 ], [ -101.168551828975779, 19.65893522110569 ], [ -101.169219579364537, 19.660706451139109 ], [ -101.169546858981377, 19.661235280071068 ], [ -101.169690049314681, 19.661552339596174 ], [ -101.169849550154169, 19.661880200410657 ], [ -101.169985583661301, 19.662157581195864 ], [ -101.170097892340749, 19.662248363437484 ], [ -101.170364742633978, 19.662379120874995 ], [ -101.170696827836537, 19.662877470103396 ], [ -101.171064738762311, 19.663560459105799 ], [ -101.171233769823402, 19.663855690018753 ], [ -101.171875170359044, 19.663480350039375 ], [ -101.172370320859713, 19.663855529259859 ], [ -101.17261196489082, 19.664106896065302 ], [ -101.172293260325588, 19.664446550368179 ], [ -101.172105478734565, 19.664654451248147 ], [ -101.171834080001474, 19.66482409110208 ], [ -101.171479278923997, 19.665026279865007 ], [ -101.171315330136849, 19.66520901496607 ], [ -101.171247015673046, 19.665310447784606 ], [ -101.171062656114231, 19.665512711280748 ], [ -101.171257965211396, 19.665669359016409 ], [ -101.171162814511064, 19.665747486517272 ], [ -101.171042805366255, 19.66584602446062 ], [ -101.170826568080656, 19.666023575488566 ], [ -101.17044382426144, 19.666337841496176 ], [ -101.169349598776506, 19.666355821421213 ], [ -101.169318609834491, 19.665214296270413 ], [ -101.166018744870698, 19.665383834390095 ], [ -101.165934755803463, 19.664587729692276 ], [ -101.165958217642952, 19.664585446499032 ], [ -101.165876648964186, 19.664123551041747 ], [ -101.164719188708318, 19.664221401300512 ], [ -101.164357110995724, 19.664254170704467 ], [ -101.164363967553442, 19.664790904587978 ], [ -101.164363968697543, 19.664791029657305 ], [ -101.164238139637433, 19.664829420000153 ], [ -101.164067578576621, 19.664972320776489 ], [ -101.162501241068554, 19.663933335420079 ], [ -101.160766781150727, 19.662505838904085 ], [ -101.160423094657546, 19.662222971754822 ], [ -101.1604230603986, 19.66222294256481 ], [ -101.159653851928724, 19.665244976122427 ], [ -101.159328152535636, 19.666596190423899 ], [ -101.15929173306543, 19.665747234788046 ], [ -101.159289848396995, 19.665703332586205 ], [ -101.15917948062436, 19.664920917484896 ], [ -101.159169735958017, 19.664867135184632 ], [ -101.159045605833768, 19.664181975841654 ], [ -101.159021652481314, 19.664049758171689 ], [ -101.159015112251566, 19.66405169384862 ], [ -101.158436279939465, 19.6642230308493 ], [ -101.156962739801685, 19.66238723099924 ], [ -101.156408397944062, 19.662242479659746 ], [ -101.156119609177537, 19.662710366685548 ], [ -101.15611952026812, 19.662710511190308 ], [ -101.156287460244599, 19.662979180404328 ], [ -101.156468457552364, 19.663278626096464 ], [ -101.156468489745521, 19.663278679744725 ], [ -101.154249200259201, 19.665158119802616 ], [ -101.153153249955338, 19.663210939557363 ], [ -101.153153358691782, 19.663210837759021 ], [ -101.153517279675228, 19.662869490258 ], [ -101.153517262817445, 19.662869432163614 ], [ -101.153210919726874, 19.661791509563663 ], [ -101.153211008508862, 19.661791385903825 ], [ -101.153797169555816, 19.66097346043265 ], [ -101.154571859882779, 19.660191769708163 ], [ -101.154597005833494, 19.66017087788612 ], [ -101.153819818051886, 19.658578379773385 ], [ -101.153664884428451, 19.658264963223093 ], [ -101.153655031611649, 19.658245247997456 ], [ -101.153062738892999, 19.658039291337367 ], [ -101.152625922467465, 19.657678812085475 ], [ -101.152546160434028, 19.657819207351942 ], [ -101.152546077240856, 19.657819355510828 ], [ -101.151810079166793, 19.657457780711564 ], [ -101.151607859072385, 19.657441779698445 ], [ -101.15116285944805, 19.657406580584098 ], [ -101.150702769593693, 19.657314279867901 ], [ -101.150099349936511, 19.657006851183539 ], [ -101.149628179431701, 19.656653710712625 ], [ -101.14916204943286, 19.655990380106768 ], [ -101.148915205554246, 19.655658680466296 ], [ -101.148888304466126, 19.655614933374334 ], [ -101.149095197845398, 19.655250223365805 ], [ -101.149133756234335, 19.655203815581494 ], [ -101.149236687248504, 19.655132150014364 ], [ -101.148960110072395, 19.655198420653374 ], [ -101.148663110317216, 19.655269710732206 ], [ -101.148433229374234, 19.654989910526389 ], [ -101.148367998812731, 19.654998799969324 ], [ -101.148295518682872, 19.655008679905031 ], [ -101.148183909267146, 19.654784600932601 ], [ -101.147256679818184, 19.654780909611315 ], [ -101.147219139661587, 19.654368111210484 ], [ -101.147219234366545, 19.654368110837694 ], [ -101.148091289746702, 19.654362309856655 ], [ -101.148145799221737, 19.654706369685211 ], [ -101.148605660358001, 19.654716860908511 ], [ -101.148776030160576, 19.654692079807738 ], [ -101.148776111454154, 19.654691929828221 ], [ -101.149478938729374, 19.653390859571552 ], [ -101.148149649800672, 19.652735200390172 ], [ -101.147956718715363, 19.652640050242326 ], [ -101.147331750293901, 19.652305651321534 ], [ -101.14760208890192, 19.651630151018015 ], [ -101.147271630191966, 19.651320290984799 ], [ -101.147271762831025, 19.651320190232894 ], [ -101.147699519960696, 19.650998170157415 ], [ -101.14829375042909, 19.650812829727354 ], [ -101.14901641945562, 19.650677251205394 ], [ -101.149016355171909, 19.650677129407743 ], [ -101.148675509071097, 19.650015540496813 ], [ -101.148359369483273, 19.650045420891505 ], [ -101.148265978575211, 19.650054249678035 ], [ -101.148119690261964, 19.649995260400161 ], [ -101.147572059005057, 19.649774449844973 ], [ -101.147275489659663, 19.649654859614383 ], [ -101.147379319957764, 19.649106449848471 ], [ -101.14745405017851, 19.648711860961029 ], [ -101.147454099837873, 19.648711873928026 ], [ -101.148121769639417, 19.64887146047349 ], [ -101.148985380457788, 19.648998859567708 ], [ -101.149270488891901, 19.6490312905404 ], [ -101.149510600305689, 19.649058349739999 ], [ -101.149510601292675, 19.649058192059901 ], [ -101.149514489516719, 19.648722780339522 ], [ -101.149644199777825, 19.647130490758013 ], [ -101.149486620323884, 19.64689374995336 ], [ -101.14945236973837, 19.646883781026222 ], [ -101.149110548677058, 19.646784149556336 ], [ -101.149102419599316, 19.646781771208477 ], [ -101.149062879175546, 19.646781920503994 ], [ -101.1488564801585, 19.646782674114149 ], [ -101.148638049581521, 19.646783461275657 ], [ -101.148263679738974, 19.64645960129527 ], [ -101.147754848923739, 19.645095490821351 ], [ -101.147849708670577, 19.644674380687192 ], [ -101.147811249488015, 19.644066649650135 ], [ -101.147772000231512, 19.644010740568621 ], [ -101.147599138709055, 19.643764540226588 ], [ -101.147526380083093, 19.643660890475903 ], [ -101.147488909085823, 19.643041679956482 ], [ -101.147488997343387, 19.643041638766814 ], [ -101.147861909079708, 19.642863490419298 ], [ -101.148472029097192, 19.642791490697576 ], [ -101.148471976375006, 19.64279135627843 ], [ -101.148895580366144, 19.642833533108266 ], [ -101.149377143936405, 19.642900997564681 ], [ -101.150987612445547, 19.643581652191077 ], [ -101.151530035873236, 19.64392258653773 ], [ -101.152863016786952, 19.642941053720353 ], [ -101.153434249373646, 19.64430375089006 ], [ -101.154093820276032, 19.644170110918136 ], [ -101.155701180442932, 19.643700801253814 ], [ -101.155718879434133, 19.643695631124608 ], [ -101.155878368735529, 19.643746800251645 ], [ -101.155931248567271, 19.643763780699754 ], [ -101.157081079062152, 19.64413274126731 ], [ -101.15718173984753, 19.644165050766894 ], [ -101.157248120320062, 19.644186350729814 ], [ -101.157594838207956, 19.644158831614263 ], [ -101.157618497692354, 19.644143254610569 ], [ -101.157628077131022, 19.644136946153029 ], [ -101.157697757038662, 19.644091068814493 ], [ -101.157831978154007, 19.643942852444624 ], [ -101.15784682738942, 19.643926454282205 ], [ -101.157856371809956, 19.643936903698879 ], [ -101.15932433870266, 19.645544150954827 ], [ -101.159660499888375, 19.645914677806633 ], [ -101.159679816666667, 19.645826735154603 ], [ -101.160088396904769, 19.645173158202411 ], [ -101.160993952386036, 19.646131301545434 ], [ -101.161665306360376, 19.64684163079216 ], [ -101.162211821715275, 19.645230581215184 ], [ -101.16222255080234, 19.645099225620271 ], [ -101.162083075851399, 19.645099225760582 ], [ -101.16168610881725, 19.645124486831556 ], [ -101.161568091085343, 19.643497679 ], [ -101.161911415028982, 19.643270328505121 ], [ -101.162131357075992, 19.643098553372102 ], [ -101.162136721165339, 19.642992455911539 ], [ -101.162925289886516, 19.642285141355316 ], [ -101.162506864486502, 19.641118063476885 ], [ -101.161664651608589, 19.64141614983831 ], [ -101.160570309275968, 19.64182033272516 ], [ -101.160087513075354, 19.641284790359151 ], [ -101.159325765149632, 19.641486881741379 ], [ -101.157748626494509, 19.641365625920891 ], [ -101.157716439493598, 19.639410379014215 ], [ -101.158086585813379, 19.638748519955641 ], [ -101.158478187060197, 19.638420114226761 ], [ -101.158842967464167, 19.638187705795776 ], [ -101.158247517424414, 19.637743093308263 ], [ -101.158483552119492, 19.637490473331376 ], [ -101.158553288337274, 19.637364163093476 ], [ -101.158655212264279, 19.637318691458155 ], [ -101.158746408337421, 19.637273219946838 ], [ -101.158977077919673, 19.637045860515283 ], [ -101.159438418935338, 19.637844141900409 ], [ -101.159695910519417, 19.638354433341373 ], [ -101.159765647488911, 19.638475691441496 ], [ -101.16006605434292, 19.638945561904748 ], [ -101.160350369133241, 19.639481111451762 ], [ -101.160988734472497, 19.640284433637532 ], [ -101.161042379769455, 19.640355165020662 ], [ -101.161085295431775, 19.640390531991905 ], [ -101.161138938828685, 19.640395583363276 ], [ -101.161224770191737, 19.640350113098631 ], [ -101.161514448875991, 19.640137914637922 ], [ -101.161572725493556, 19.640089940793747 ], [ -101.161618323968355, 19.640067205911631 ], [ -101.161669285247342, 19.640072258551015 ], [ -101.161722930453195, 19.640077309724305 ], [ -101.161787303058674, 19.640105097789029 ], [ -101.161854357409965, 19.640135412746474 ], [ -101.161937506817779, 19.640173304060681 ], [ -101.162012608065567, 19.640213722658544 ], [ -101.162066253051435, 19.640238984460836 ], [ -101.162122577876119, 19.640249088967568 ], [ -101.162176222057042, 19.640246563888301 ], [ -101.162237913883018, 19.640228880407495 ], [ -101.162278146104583, 19.640208671194113 ], [ -101.162307651647652, 19.640175831381402 ], [ -101.16234251972395, 19.640084888376112 ], [ -101.162361296055991, 19.640009102743868 ], [ -101.162369341618273, 19.639923213081161 ], [ -101.162372024679172, 19.639769118066905 ], [ -101.162361295638433, 19.639635230284586 ], [ -101.162331791733152, 19.639420506244633 ], [ -101.162154766348635, 19.638576760474884 ], [ -101.162063570962772, 19.638283723229971 ], [ -101.161967010166819, 19.637973001174441 ], [ -101.161865085956464, 19.637783535398075 ], [ -101.161629052501198, 19.637563756658789 ], [ -101.161631734691838, 19.637424814161129 ], [ -101.161953599048516, 19.637285873819234 ], [ -101.162142559586371, 19.637082659807739 ], [ -101.162166700329294, 19.637034661879241 ], [ -101.16225253056767, 19.636958876084336 ], [ -101.162496610812383, 19.636643097987712 ], [ -101.162587806992505, 19.636579941904667 ], [ -101.162783608662124, 19.636380370072086 ], [ -101.163059876102068, 19.635963543810519 ], [ -101.163371012454334, 19.635546714222073 ], [ -101.163499757411131, 19.635392615197382 ], [ -101.163486347497951, 19.634637267465628 ], [ -101.163344188513619, 19.633919810279405 ], [ -101.16329590883754, 19.633422136930044 ], [ -101.163173341677151, 19.632931163372405 ], [ -101.163226985256486, 19.632943795446003 ], [ -101.16370709893414, 19.633067583725676 ], [ -101.1637096547705, 19.633293825702232 ], [ -101.163709782703648, 19.633305052708867 ], [ -101.163725875705438, 19.633365682807327 ], [ -101.163750016030292, 19.633408629815968 ], [ -101.163776837179498, 19.633522311535636 ], [ -101.163782202687287, 19.633782516299487 ], [ -101.163900218869685, 19.633800201621032 ], [ -101.163913631154372, 19.63374967577154 ], [ -101.163940451598279, 19.633731991235631 ], [ -101.164122842116825, 19.633752201436781 ], [ -101.164195262828969, 19.633767360109736 ], [ -101.164248906608591, 19.633782516571625 ], [ -101.164364241900913, 19.633790096828562 ], [ -101.164506398282498, 19.633835569282549 ], [ -101.164672694775319, 19.633974512305532 ], [ -101.164895318075821, 19.634078089691041 ], [ -101.165029428685827, 19.634108405075974 ], [ -101.165179633652428, 19.634126089340686 ], [ -101.165227912855883, 19.634131142281564 ], [ -101.165281557517474, 19.634161455897949 ], [ -101.165466629201021, 19.634199350648732 ], [ -101.165600738977588, 19.634219561121519 ], [ -101.165600919880504, 19.63422062965126 ], [ -101.165744057301595, 19.63423014375044 ], [ -101.165895739269473, 19.634281170011477 ], [ -101.166019739749558, 19.634362431134846 ], [ -101.166143740054707, 19.634446550394738 ], [ -101.166336970461984, 19.634628879653306 ], [ -101.166450800392454, 19.634739799553191 ], [ -101.166484539160578, 19.634809519991343 ], [ -101.166475319837289, 19.634865820114602 ], [ -101.166499045929044, 19.634951691447718 ], [ -101.167971149841904, 19.635022551031756 ], [ -101.168216738678836, 19.635051020471085 ], [ -101.168443149591994, 19.635104049796972 ], [ -101.168715949798553, 19.635188030127086 ], [ -101.168917798770451, 19.635286970077303 ], [ -101.169109379966216, 19.63540695124264 ], [ -101.169304680322753, 19.635584490672024 ], [ -101.169419279866659, 19.635715550808367 ], [ -101.169515519171938, 19.635867619770309 ], [ -101.169569309492871, 19.636011780082928 ], [ -101.169563980351853, 19.636220829925787 ], [ -101.169522480419175, 19.636387490181662 ], [ -101.169576779602281, 19.636417429845061 ], [ -101.169670429011845, 19.636415551148005 ], [ -101.170073259108847, 19.63633983028982 ], [ -101.170157460028449, 19.636318921293682 ], [ -101.170211779817734, 19.636333600892659 ], [ -101.170267259565364, 19.636365081019015 ], [ -101.170260509196751, 19.636434569712094 ], [ -101.170210338886051, 19.636479660391608 ], [ -101.170069050055787, 19.636615550205811 ], [ -101.169604399840907, 19.637074570452228 ], [ -101.169258139858343, 19.637417941310066 ], [ -101.168939199412662, 19.637712115587355 ], [ -101.168923437698552, 19.637726655567128 ], [ -101.168817564745098, 19.637815135602537 ], [ -101.168822749432891, 19.637852566816349 ], [ -101.16882065844564, 19.637891836691146 ], [ -101.168812447657075, 19.637924426687128 ], [ -101.168795479350862, 19.637954518154107 ], [ -101.168777218553444, 19.637973867345242 ], [ -101.168752219279426, 19.637994326815207 ], [ -101.168726137889678, 19.638008117750029 ], [ -101.168671076638176, 19.63802137072183 ], [ -101.168606354632075, 19.638044213786273 ], [ -101.168581113008685, 19.638103493806572 ], [ -101.168545578105295, 19.638186945299545 ], [ -101.168492722484118, 19.638388064214059 ], [ -101.168488813297685, 19.638530467426612 ], [ -101.168498562951058, 19.638674384782412 ], [ -101.168540196826456, 19.638818479110835 ], [ -101.168705220685183, 19.639065488264663 ], [ -101.168873464870586, 19.639335139902943 ], [ -101.168972408534415, 19.639235983413187 ], [ -101.16902505778728, 19.639177719166042 ], [ -101.169112544520999, 19.639080899402078 ], [ -101.169618617809448, 19.638574158331355 ], [ -101.169723354421862, 19.638517786357482 ], [ -101.169794410454386, 19.638278403455065 ], [ -101.169936452791475, 19.638110932103352 ], [ -101.169966470891254, 19.638075539943284 ], [ -101.1702463554671, 19.637828309407464 ], [ -101.170793302802437, 19.637330420090034 ], [ -101.170927092978758, 19.63720862919547 ], [ -101.170990077824058, 19.637188669232795 ], [ -101.171066550087801, 19.637164435027177 ], [ -101.171176934508907, 19.637218988995645 ], [ -101.171548056417549, 19.637571688931825 ], [ -101.171553212899752, 19.637763534734827 ], [ -101.171532700249713, 19.63801518525505 ], [ -101.171362721394772, 19.638396891565208 ], [ -101.171386862089491, 19.63975850229917 ], [ -101.171335899694, 19.640678025122785 ], [ -101.171443188933935, 19.640940745077973 ], [ -101.171721182073938, 19.641327893098961 ], [ -101.171807472417314, 19.641287604771062 ], [ -101.171896074347629, 19.641283293728513 ], [ -101.171971731904733, 19.641326866859448 ], [ -101.172004089980604, 19.64141576117192 ], [ -101.171993455355832, 19.64149962364116 ], [ -101.17195520280076, 19.641547368533335 ], [ -101.171899367909404, 19.641573438052081 ], [ -101.171833526625363, 19.641580271512677 ], [ -101.171777969363546, 19.641560786254662 ], [ -101.171722455977104, 19.641534105739751 ], [ -101.171615816570835, 19.641591069703171 ], [ -101.171460013472029, 19.641825195581941 ], [ -101.171403783604632, 19.641916002144406 ], [ -101.171327482532234, 19.641977924147753 ], [ -101.171190476519911, 19.642034721600872 ], [ -101.170942015419726, 19.642107690151086 ], [ -101.170845469299323, 19.642169502857165 ], [ -101.170771700562199, 19.642231440282497 ], [ -101.170657087238766, 19.64235069964494 ], [ -101.170573297439148, 19.642395796849954 ], [ -101.170489683217951, 19.642412123911896 ], [ -101.170383364672247, 19.642416337044708 ], [ -101.170205091653429, 19.642434060911942 ], [ -101.170179041078242, 19.642472762847685 ], [ -101.170315889795233, 19.642684676001632 ], [ -101.170394743947853, 19.642793163724669 ], [ -101.169579053303465, 19.643312783750854 ], [ -101.169552230967597, 19.643416354992308 ], [ -101.169560278370298, 19.643537607841978 ], [ -101.169624651007993, 19.643626021484291 ], [ -101.169892872151905, 19.643762432560447 ], [ -101.170056485993555, 19.643883684762091 ], [ -101.17021205506181, 19.644138821375144 ], [ -101.170276427176702, 19.644292913193052 ], [ -101.170308613921492, 19.644457108924286 ], [ -101.170322025286012, 19.644558153237945 ], [ -101.170295203715909, 19.644772870779121 ], [ -101.170346164552612, 19.644911805790414 ], [ -101.170418585467914, 19.644982537376379 ], [ -101.170504414466379, 19.64506589738145 ], [ -101.170571469960393, 19.645166942059234 ], [ -101.170625114247002, 19.645285668195349 ], [ -101.170611703511696, 19.645417024174169 ], [ -101.170592928929253, 19.645497857168294 ], [ -101.17066266561946, 19.645497858625866 ], [ -101.170971119235347, 19.645457440899353 ], [ -101.170992577890189, 19.645459967190771 ], [ -101.171014034491364, 19.645555958938743 ], [ -101.171153509104343, 19.645528170831479 ], [ -101.171266162822647, 19.64587171794043 ], [ -101.171252752206811, 19.646061172823273 ], [ -101.171062314496112, 19.646371878871918 ], [ -101.171086454995518, 19.646841727794829 ], [ -101.171126687808552, 19.647144854049742 ], [ -101.170955026372525, 19.647205478310628 ], [ -101.170638524732951, 19.647235790966583 ], [ -101.170485639024605, 19.647397457864844 ], [ -101.170343481762941, 19.647392406815491 ], [ -101.170123541216213, 19.647410089029346 ], [ -101.169919692844786, 19.647478293071323 ], [ -101.169713163461012, 19.647594490961499 ], [ -101.169450308027706, 19.647791522243153 ], [ -101.169192816286454, 19.64798602696073 ], [ -101.169005060944983, 19.648130010740253 ], [ -101.168688559011528, 19.648314412423289 ], [ -101.168460571514814, 19.648405350023964 ], [ -101.168111884921586, 19.648546806573677 ], [ -101.167876836281351, 19.648643845188722 ], [ -101.168037769662917, 19.648921708822076 ], [ -101.168284532947922, 19.649730034300912 ], [ -101.168348905490546, 19.649947270988985 ], [ -101.168493744490988, 19.650412055931636 ], [ -101.168670770144288, 19.651149647489465 ], [ -101.1687403497329, 19.651643615483515 ], [ -101.170135307416956, 19.650654759494497 ], [ -101.170792038711753, 19.651582748944822 ], [ -101.170746361650885, 19.651604815830428 ], [ -101.171342628420717, 19.652303703595738 ], [ -101.171436934090764, 19.652389882280456 ], [ -101.171460522891579, 19.65241143856592 ], [ -101.171677030927654, 19.652624191884026 ], [ -101.171710019490988, 19.652640044024864 ], [ -101.172383082705267, 19.653035517190812 ], [ -101.172509393090934, 19.653119790407086 ], [ -101.172635687729766, 19.65320667522926 ], [ -101.172764740269287, 19.653293575023596 ], [ -101.172899210194757, 19.653396175060895 ], [ -101.173039019982298, 19.653527536584718 ], [ -101.173211238601539, 19.65370159501073 ], [ -101.173247406310963, 19.653506479989069 ], [ -101.173262634547498, 19.65337703751419 ], [ -101.173277864471942, 19.653216184700877 ], [ -101.173304911444262, 19.652836571580671 ], [ -101.173309224574666, 19.652736123704162 ], [ -101.173313240834588, 19.652642646842164 ], [ -101.173287381881494, 19.65187807095214 ], [ -101.173255329376005, 19.651319606196175 ], [ -101.17323848175208, 19.651026031823545 ], [ -101.174291858033826, 19.651240408494967 ], [ -101.174238621807817, 19.651748999493691 ], [ -101.175044226964161, 19.651332656768997 ], [ -101.176495496500522, 19.653414385271553 ], [ -101.176972515586598, 19.653097429294615 ], [ -101.17579695819957, 19.651573497758513 ], [ -101.176012349236913, 19.651234396881708 ], [ -101.175573853435083, 19.650601701315626 ], [ -101.175857053122044, 19.650409126794994 ], [ -101.175554014725918, 19.65000635517314 ], [ -101.17544931891797, 19.64986358876169 ], [ -101.175329106310826, 19.649678539655223 ], [ -101.175086401470537, 19.649799891249334 ], [ -101.174733050954544, 19.649974781679507 ], [ -101.174778261287116, 19.650053303656815 ], [ -101.174333485268775, 19.650334301197869 ], [ -101.174127899144253, 19.650189628679914 ], [ -101.173841348211994, 19.649795608192495 ], [ -101.173558731715971, 19.649416781046778 ], [ -101.173326496524439, 19.649426298164904 ], [ -101.173320930583742, 19.649152377059465 ], [ -101.173444621823066, 19.648490044948336 ], [ -101.173525117104958, 19.648419328454487 ], [ -101.173757284118281, 19.648309681371018 ], [ -101.174316101083775, 19.648067691001078 ], [ -101.176111885425939, 19.64724554602131 ], [ -101.17629244406092, 19.647336425480358 ], [ -101.176836016460143, 19.647727933158187 ], [ -101.177105119677961, 19.64788579464307 ], [ -101.177349641617994, 19.647926836787647 ], [ -101.177502968986246, 19.648051235402054 ], [ -101.177447128872231, 19.647886397363635 ], [ -101.177534096126919, 19.64776218072415 ], [ -101.177744444310179, 19.647683431383768 ], [ -101.179044727016986, 19.647417968697717 ], [ -101.17898116965884, 19.647051480880176 ], [ -101.17890207269194, 19.646624535446321 ], [ -101.178410094184187, 19.646665854780274 ], [ -101.178336359182921, 19.646226965130232 ], [ -101.178810181679452, 19.646130158458138 ], [ -101.178713672667001, 19.645688727864457 ], [ -101.1799116536952, 19.645455447414506 ], [ -101.179950739049673, 19.645452645017922 ], [ -101.180006361837542, 19.645958788602542 ], [ -101.178875458539665, 19.646171441776012 ], [ -101.179034203994945, 19.647010326320476 ], [ -101.180104898674003, 19.646838786011198 ], [ -101.180158304213464, 19.647274094971166 ], [ -101.180211932560212, 19.647711215978291 ], [ -101.180268877163485, 19.648175363716145 ], [ -101.180309127754811, 19.648517849467368 ], [ -101.180291389118281, 19.648638732532813 ], [ -101.180473631357088, 19.648634575439953 ], [ -101.180753674461627, 19.648768554225239 ], [ -101.181070749857327, 19.648806394310505 ], [ -101.181412385432409, 19.648811279794735 ], [ -101.181505956753696, 19.648809773903022 ], [ -101.181434197790509, 19.649651678256067 ], [ -101.18053713354206, 19.64962860949263 ], [ -101.180697202965575, 19.650472073512233 ], [ -101.180881542425723, 19.650641202088391 ], [ -101.180813019245932, 19.651118867434494 ], [ -101.180685656184011, 19.651126772954818 ], [ -101.180435836717407, 19.650758571088328 ], [ -101.17997909835114, 19.650019863262575 ], [ -101.179629646874886, 19.649210424156635 ], [ -101.179380080903456, 19.648810175334777 ], [ -101.179159428237426, 19.648456296634176 ], [ -101.179066000477235, 19.648315652136077 ], [ -101.177778158215744, 19.648769780053851 ], [ -101.178126081184232, 19.650208494572322 ], [ -101.177626445552505, 19.650068223081266 ], [ -101.177195798958977, 19.650060487253199 ], [ -101.17631185901746, 19.650734772690324 ], [ -101.178507096773686, 19.650969533040012 ], [ -101.178688881625433, 19.651691339439129 ], [ -101.178866142874753, 19.652586460258036 ], [ -101.178852849350392, 19.652953187716658 ], [ -101.178946843805377, 19.653643237384401 ], [ -101.179037995511067, 19.653690642473663 ], [ -101.179102944188813, 19.653748541995622 ], [ -101.179140586379631, 19.65380197609014 ], [ -101.179181152680499, 19.653874129072921 ], [ -101.179236993091294, 19.654018929549011 ], [ -101.179468848608096, 19.654012361915235 ], [ -101.179658657225602, 19.654014829700426 ], [ -101.179838113522933, 19.653971203113766 ], [ -101.17989590561227, 19.653957129596961 ], [ -101.180141366749893, 19.653914382205642 ], [ -101.180192341400414, 19.653905504301648 ], [ -101.180379295061442, 19.653877743399327 ], [ -101.180578361247711, 19.653855802472542 ], [ -101.18064495955845, 19.653856162942684 ], [ -101.180677066366698, 19.653856336713588 ], [ -101.180700017497571, 19.653861299357573 ], [ -101.180786261955419, 19.653879946226446 ], [ -101.180866769684997, 19.65391399985231 ], [ -101.180856979288478, 19.653747035084891 ], [ -101.181181141528825, 19.653548955036435 ], [ -101.181544008928626, 19.653319932431483 ], [ -101.181568724509063, 19.654634312161214 ], [ -101.181754372004931, 19.654665509926108 ], [ -101.181851522665113, 19.654089318105424 ], [ -101.181985116903974, 19.653238340594992 ], [ -101.182007651386016, 19.653030468932378 ], [ -101.182393213211327, 19.650913339986772 ], [ -101.183759983201767, 19.651074975815554 ], [ -101.183429299155449, 19.652659409267287 ], [ -101.183491138349751, 19.653046182417988 ], [ -101.183641427031162, 19.653986126465163 ], [ -101.183688851100655, 19.65453697923699 ], [ -101.18366117525774, 19.654865548076341 ], [ -101.184594479552345, 19.654900754071395 ], [ -101.185538511987488, 19.654824819565111 ], [ -101.185654152698788, 19.655214573663621 ], [ -101.185744098053576, 19.655685708115012 ], [ -101.185772971226996, 19.655733736676066 ], [ -101.184666768985863, 19.656118711542742 ], [ -101.185934049814222, 19.656117155966314 ], [ -101.185934200001483, 19.656117155867687 ], [ -101.186626735003884, 19.656116311730187 ], [ -101.186778805386936, 19.65611612729575 ], [ -101.187234230225641, 19.656115569760647 ], [ -101.187041450397032, 19.65589356955298 ], [ -101.186943540169196, 19.655777059853463 ], [ -101.187233251595785, 19.655697561943509 ], [ -101.188172542620322, 19.65504202072632 ], [ -101.188032076200713, 19.654850887369641 ], [ -101.187984050654805, 19.654785538838876 ], [ -101.187977585958294, 19.65477674169539 ], [ -101.187668663810456, 19.654516232263674 ], [ -101.187551206927722, 19.654417182132622 ], [ -101.187393399173473, 19.654134860607083 ], [ -101.187393300769898, 19.654134679736568 ], [ -101.187382383597267, 19.65413861494709 ], [ -101.186939290368443, 19.654298340034561 ], [ -101.186786472632193, 19.653910533588292 ], [ -101.187297943867478, 19.653715241792451 ], [ -101.187147029666889, 19.653358085307374 ], [ -101.186982585895635, 19.652988379911164 ], [ -101.186827446811549, 19.652619295388661 ], [ -101.186707014045481, 19.652323891645135 ], [ -101.186542308377128, 19.651918451680217 ], [ -101.187217800430162, 19.65182986087293 ], [ -101.187189878840258, 19.651152060709464 ], [ -101.188500697761214, 19.651133290670913 ], [ -101.189224466405165, 19.651122920857226 ], [ -101.1891723588909, 19.650352131562354 ], [ -101.189601141185946, 19.650309255191214 ], [ -101.189658373054783, 19.65059622677823 ], [ -101.189690573232085, 19.651121313060351 ], [ -101.189706179594566, 19.651462170031881 ], [ -101.192533909929125, 19.65052603040369 ], [ -101.192608940017024, 19.650677489802376 ], [ -101.192604778949445, 19.650840721201902 ], [ -101.192574019660654, 19.651017781356 ], [ -101.192603519430975, 19.651161820564315 ], [ -101.19255488979357, 19.651340431194541 ], [ -101.192522659983297, 19.651566599993142 ], [ -101.192412030164448, 19.651760450955809 ], [ -101.192338398908987, 19.651908511195785 ], [ -101.192327600330344, 19.652023539791855 ], [ -101.19233586047504, 19.652241890004124 ], [ -101.192415260131412, 19.652423579905864 ], [ -101.19245315028472, 19.652691369664694 ], [ -101.192560080322721, 19.652810029623421 ], [ -101.192710719599944, 19.65272937098154 ], [ -101.193427919759657, 19.6523585411543 ], [ -101.193464748787861, 19.652535340181537 ], [ -101.193844369139399, 19.652285340242972 ], [ -101.19415265006748, 19.652075109770749 ], [ -101.194461946275752, 19.651864173632337 ], [ -101.19477739034869, 19.651649042911011 ], [ -101.195160489430833, 19.651387770310627 ], [ -101.195572298969708, 19.651104591513775 ], [ -101.195419095449722, 19.650696812385064 ], [ -101.195156050144377, 19.650415436958301 ], [ -101.194412982939625, 19.650835521093565 ], [ -101.194272118461711, 19.650626247556737 ], [ -101.194348305782981, 19.650937143338329 ], [ -101.192553854580723, 19.652299499915365 ], [ -101.19271155590782, 19.651493995371172 ], [ -101.192794169855659, 19.651072020270163 ], [ -101.19287356113847, 19.650666866964574 ], [ -101.192952697156528, 19.650262738294387 ], [ -101.193031633430238, 19.649859628210987 ], [ -101.19309828864607, 19.649519230636781 ], [ -101.193105400939956, 19.649488093046902 ], [ -101.193189750475725, 19.64911880023919 ], [ -101.19323901925668, 19.647642050376962 ], [ -101.193658029228587, 19.647666540033711 ], [ -101.194032539144416, 19.647688429959789 ], [ -101.194394710318264, 19.647709580868412 ], [ -101.194336664260035, 19.648732217691872 ], [ -101.194798968040615, 19.648446368906942 ], [ -101.194982620100191, 19.648729803492479 ], [ -101.195691353126364, 19.648313267028151 ], [ -101.196012911931632, 19.648757833351148 ], [ -101.196284442356884, 19.648602256916373 ], [ -101.196663260815697, 19.649244905107349 ], [ -101.196707174579046, 19.649231916129441 ], [ -101.196923893205764, 19.649167539548955 ], [ -101.196899539477542, 19.649042579735021 ], [ -101.198285033296443, 19.648914562600133 ], [ -101.198857530029343, 19.648867447731071 ], [ -101.198978800834013, 19.648901658322277 ], [ -101.199117489677235, 19.648986318772131 ], [ -101.199802652301273, 19.649312885300805 ], [ -101.19960420549215, 19.649388551028295 ], [ -101.199669269897853, 19.64983489828025 ], [ -101.200235689898534, 19.64979692076442 ], [ -101.200629339887769, 19.650060719765531 ], [ -101.200784979933047, 19.65006476956346 ], [ -101.200893060214, 19.650249940016234 ], [ -101.201040120370891, 19.650605489696087 ], [ -101.201207679952873, 19.65070145019612 ], [ -101.201791419624755, 19.650783829712669 ], [ -101.20188588955142, 19.650804910306579 ], [ -101.202055510262625, 19.650921419756209 ], [ -101.202250489577239, 19.650975250311717 ], [ -101.202369199718362, 19.651110939936995 ], [ -101.202614619550673, 19.651533089608897 ], [ -101.202670110081343, 19.651602060364869 ], [ -101.202836230052071, 19.65167592015721 ], [ -101.203102740361601, 19.651703319728053 ], [ -101.203259600131332, 19.651739820414647 ], [ -101.203290180472564, 19.651847540267219 ], [ -101.203365019568039, 19.65205348026138 ], [ -101.203370949569248, 19.652142690044666 ], [ -101.203403219661794, 19.652203049623886 ], [ -101.203459719624647, 19.652285310026372 ], [ -101.203589749778871, 19.652408690059932 ], [ -101.203733479778492, 19.652506690287126 ], [ -101.203832020330438, 19.652539549581167 ], [ -101.203946179525147, 19.652626029835353 ], [ -101.204008780013496, 19.652708630268336 ], [ -101.204074650099926, 19.652799569883246 ], [ -101.204112519955828, 19.652889739684539 ], [ -101.204145199793516, 19.652997489558857 ], [ -101.204203860474962, 19.653127770143492 ], [ -101.204286520105455, 19.653156599902257 ], [ -101.204439259904831, 19.653125309939345 ], [ -101.204544890157166, 19.653092019622001 ], [ -101.204807089852764, 19.653105120267185 ], [ -101.204896859852226, 19.653077720335926 ], [ -101.204958650318915, 19.653017050298249 ], [ -101.205020820424281, 19.653013450047542 ], [ -101.205421570105131, 19.653015769694459 ], [ -101.205532739597416, 19.653050860096755 ], [ -101.205761519641214, 19.653229170002987 ], [ -101.205857549941399, 19.653301020362175 ], [ -101.205948379643829, 19.653334200346745 ], [ -101.206084980327887, 19.653345710124928 ], [ -101.206247150355324, 19.653314179603079 ], [ -101.206509570082218, 19.653290030121116 ], [ -101.206656089546371, 19.653316779977786 ], [ -101.206914480063261, 19.653449630407302 ], [ -101.206636519927869, 19.653812319979043 ], [ -101.206544180317138, 19.65441518031303 ], [ -101.207326019840295, 19.654408940438277 ], [ -101.207650769821967, 19.655574230145984 ], [ -101.208776919722169, 19.658960580033213 ], [ -101.208647249825162, 19.659020319928235 ], [ -101.208308339566088, 19.659191199785248 ], [ -101.207615140073287, 19.659572420028493 ], [ -101.206741399830435, 19.660032750211855 ], [ -101.206700259885011, 19.659924630446223 ], [ -101.206552449786244, 19.659553179776196 ], [ -101.205392940143426, 19.656395799661748 ], [ -101.204619379594789, 19.656743620375963 ], [ -101.205112509979045, 19.657906739928137 ], [ -101.205246979894753, 19.658281489876551 ], [ -101.205511150148709, 19.658987830185815 ], [ -101.205607949655956, 19.659314430276861 ], [ -101.205720579576024, 19.659708830093397 ], [ -101.205999739726565, 19.660531889713148 ], [ -101.205853880282007, 19.66062134983267 ], [ -101.205596580112996, 19.660775149642472 ], [ -101.206075030381882, 19.661505340128411 ], [ -101.206764090194326, 19.661139880377458 ], [ -101.208064430259313, 19.663141379937471 ], [ -101.208366461224344, 19.663629211177604 ], [ -101.207054036010447, 19.664367056893862 ], [ -101.206939631323849, 19.664149997599448 ], [ -101.205811350328858, 19.664781600541485 ], [ -101.205620348694609, 19.664447490990444 ], [ -101.205553079893463, 19.664338079653835 ], [ -101.204900690105006, 19.664640020090513 ], [ -101.204912049662411, 19.664670400228573 ], [ -101.204908970397966, 19.664725940039254 ], [ -101.204883680135353, 19.664776109659922 ], [ -101.204840060449953, 19.664813319664411 ], [ -101.204784719794745, 19.664831879950363 ], [ -101.204726120298915, 19.66482894038495 ], [ -101.204673139778308, 19.664804999822447 ], [ -101.204288690167388, 19.664952659987247 ], [ -101.204242879887872, 19.664997970180973 ], [ -101.204164259898263, 19.665021539991979 ], [ -101.204098520323257, 19.665009200154913 ], [ -101.203588580070374, 19.665210340166517 ], [ -101.20349727957452, 19.665241030423161 ], [ -101.203406089584234, 19.665252540365906 ], [ -101.203317509841142, 19.665252059764558 ], [ -101.203196200342305, 19.665217860096082 ], [ -101.203097860202135, 19.665154999554879 ], [ -101.202951579737515, 19.665063110330223 ], [ -101.202845310346035, 19.66505775040066 ], [ -101.202732080157489, 19.665150059564532 ], [ -101.2026112198633, 19.665271310433443 ], [ -101.202637970027411, 19.66534909000903 ], [ -101.202696109874182, 19.665412290161196 ], [ -101.202727860346457, 19.665470879874945 ], [ -101.202746319831647, 19.665617180183613 ], [ -101.202760550201745, 19.665650289862473 ], [ -101.202799679609811, 19.665716369646461 ], [ -101.202831550390471, 19.665785290372064 ], [ -101.202867380311815, 19.665832619609965 ], [ -101.202895579591328, 19.66588146017234 ], [ -101.202919379898503, 19.665944850128458 ], [ -101.203013630299466, 19.666127489691469 ], [ -101.203103629714505, 19.6662716001285 ], [ -101.203141539989247, 19.666308109634766 ], [ -101.203187739614023, 19.666341400246409 ], [ -101.203220120387456, 19.666391279597551 ], [ -101.203323600250229, 19.666485710258563 ], [ -101.203551389625346, 19.665735167723234 ], [ -101.205682180309481, 19.665141319563276 ], [ -101.207044065887672, 19.667115296269408 ], [ -101.207298256091192, 19.666937002334461 ], [ -101.206979519556981, 19.666175859695716 ], [ -101.20790982983732, 19.665450720194372 ], [ -101.20847634003178, 19.664967280055169 ], [ -101.208786349837382, 19.665178570188122 ], [ -101.208900249757676, 19.665116430066529 ], [ -101.209225109828509, 19.665107660013042 ], [ -101.209454680377917, 19.665136350105335 ], [ -101.209508280335754, 19.665138999828958 ], [ -101.209708770371549, 19.665062580062425 ], [ -101.209925309890636, 19.664947380069066 ], [ -101.20998265965585, 19.664845109711692 ], [ -101.210071140012332, 19.664815909761309 ], [ -101.210135740467479, 19.664851480082461 ], [ -101.210191400173841, 19.664991019749277 ], [ -101.210322309998745, 19.665008660422018 ], [ -101.210504939899565, 19.664948290434324 ], [ -101.210721660090826, 19.664893400440768 ], [ -101.211265319551956, 19.664755680379479 ], [ -101.21148543012643, 19.664703820258016 ], [ -101.210841509635486, 19.663484800398422 ], [ -101.210987249758304, 19.66345257973029 ], [ -101.211196510398253, 19.663375749823459 ], [ -101.211649050260576, 19.663360119728534 ], [ -101.21183311012355, 19.663265169553316 ], [ -101.212253841329641, 19.663276349322892 ], [ -101.212415619667595, 19.663205260089541 ], [ -101.212503619989803, 19.663307620304543 ], [ -101.212572170167007, 19.663487819604327 ], [ -101.212694710449171, 19.663635310334477 ], [ -101.212795060448386, 19.663770740310301 ], [ -101.213181620426965, 19.663315950427833 ], [ -101.213269830277795, 19.663267750432386 ], [ -101.212920079696929, 19.66307856976325 ], [ -101.213673089658045, 19.662585139848094 ], [ -101.213511819675119, 19.662362579958998 ], [ -101.213222599996129, 19.662424979579367 ], [ -101.21305421987023, 19.662519750040964 ], [ -101.21290817025735, 19.662565030112191 ], [ -101.212719509684916, 19.662592950371305 ], [ -101.212695369999366, 19.66259651961899 ], [ -101.21233293973367, 19.662590820004997 ], [ -101.212203873107811, 19.662600969977209 ], [ -101.212172909548428, 19.662603399820153 ], [ -101.211679340143334, 19.662863630421956 ], [ -101.211447045329948, 19.66258675749491 ], [ -101.21125290959138, 19.662237970087517 ], [ -101.211055920317349, 19.661884060061926 ], [ -101.210859599590407, 19.661531339670958 ], [ -101.210646339626038, 19.661175510304329 ], [ -101.210433659923993, 19.660826199716549 ], [ -101.210214219532389, 19.660465750332097 ], [ -101.210052319647673, 19.660230520017301 ], [ -101.21152251994485, 19.659404379566556 ], [ -101.212305969536359, 19.660570909773288 ], [ -101.212798939821525, 19.661328780302501 ], [ -101.213283939559389, 19.662065259863514 ], [ -101.213370850389168, 19.662092569986864 ], [ -101.213663890269558, 19.661840889873552 ], [ -101.213121830330294, 19.660833909926502 ], [ -101.213323170056071, 19.660681490394104 ], [ -101.213348808938832, 19.660724260782597 ], [ -101.213354125189994, 19.660718933385905 ], [ -101.213377826523967, 19.660695182336607 ], [ -101.213688909591269, 19.660383449544998 ], [ -101.214058119685006, 19.660106479874528 ], [ -101.213920280442238, 19.65988514099773 ], [ -101.213671460061335, 19.65951974045047 ], [ -101.213408370148642, 19.659145079770564 ], [ -101.213236080100344, 19.658896170181677 ], [ -101.212493545214741, 19.659573236113708 ], [ -101.212398770422851, 19.6594009340516 ], [ -101.21223534893457, 19.659103830781277 ], [ -101.212073999411516, 19.658810492786241 ], [ -101.21253768418913, 19.658404298899988 ], [ -101.212767665052354, 19.658202829400864 ], [ -101.212792790793841, 19.658265369579091 ], [ -101.212933288480826, 19.658479502882454 ], [ -101.213284277588059, 19.658102505598947 ], [ -101.213663370629561, 19.658523418100796 ], [ -101.213806349667138, 19.658403251152286 ], [ -101.213808663819236, 19.658401251304063 ], [ -101.213983689555178, 19.658249949800869 ], [ -101.213919318923814, 19.658178003127105 ], [ -101.213919290414935, 19.658177970354192 ], [ -101.213759880054212, 19.657915090746688 ], [ -101.213759853448096, 19.657915059796142 ], [ -101.213697400045092, 19.657842800385666 ], [ -101.214007540350593, 19.657537339668565 ], [ -101.215567370169211, 19.658480570329811 ], [ -101.216039420341374, 19.658731740213259 ], [ -101.216775539871449, 19.658379249771361 ], [ -101.216915830408055, 19.65831209044833 ], [ -101.217382849868173, 19.658094569601822 ], [ -101.217044480037131, 19.657461350123906 ], [ -101.216653340429218, 19.656733520843229 ], [ -101.217049548770945, 19.656535779887164 ], [ -101.21740036898953, 19.656352645776106 ], [ -101.21854191877145, 19.655740540801464 ], [ -101.218725079886894, 19.656049451233446 ], [ -101.218783660330203, 19.656152420065713 ], [ -101.21958940025975, 19.655655510249865 ], [ -101.220547980145398, 19.657232080419039 ], [ -101.222148739537175, 19.656103820317533 ], [ -101.221244539568957, 19.654609920267315 ], [ -101.222756709704939, 19.65383327959314 ], [ -101.223050980014591, 19.654325819897782 ], [ -101.223847350061121, 19.653919229834614 ], [ -101.22401233953245, 19.654719779582205 ], [ -101.224128140447064, 19.654922689875207 ], [ -101.224255216010391, 19.655039001181947 ], [ -101.224582219921899, 19.655349949870654 ], [ -101.224746950105157, 19.655559429661256 ], [ -101.224717920186222, 19.655776369688351 ], [ -101.224652079609811, 19.655891489680293 ], [ -101.22471984989545, 19.656046569639102 ], [ -101.22490148973516, 19.656307079580809 ], [ -101.225101429578501, 19.65644843042762 ], [ -101.225396720285602, 19.656545000247704 ], [ -101.225760289809941, 19.656595619619363 ], [ -101.226178970177713, 19.656569049575488 ], [ -101.22640376988771, 19.656525120096781 ], [ -101.226678489552313, 19.656424769724872 ], [ -101.227025849802374, 19.656031779546158 ], [ -101.22734763021532, 19.655871820006315 ], [ -101.227900029841507, 19.65580590977536 ], [ -101.228274049821508, 19.655728580429766 ], [ -101.228620489972585, 19.655585320038785 ], [ -101.228972769588225, 19.655556150136071 ], [ -101.22924954026098, 19.655502320382425 ], [ -101.229570449536936, 19.655252880286337 ], [ -101.229987290069303, 19.654810939682811 ], [ -101.230099710069155, 19.654624679721433 ], [ -101.230161029944213, 19.654319520157745 ], [ -101.230160480169658, 19.654149800093268 ], [ -101.230107220139473, 19.653976779719947 ], [ -101.230080430454123, 19.653798599724535 ], [ -101.230089369621695, 19.653646519958684 ], [ -101.230155229845906, 19.653553599995352 ], [ -101.230264400079108, 19.653529090316553 ], [ -101.230374199703633, 19.653524170340447 ], [ -101.230517490324146, 19.653565349708892 ], [ -101.230632020097133, 19.653655569905109 ], [ -101.230669120024857, 19.653628580286391 ], [ -101.230697370472768, 19.65360802984182 ], [ -101.230740320146452, 19.653576769821516 ], [ -101.230862310188044, 19.653190170276918 ], [ -101.231074219588336, 19.652419909634165 ], [ -101.231155579891933, 19.652183289569212 ], [ -101.231117619748957, 19.651792884653688 ], [ -101.231080090179233, 19.651422950382255 ], [ -101.231044919788957, 19.65098927979934 ], [ -101.231024629569006, 19.650925650336735 ], [ -101.230953550223276, 19.650332259829373 ], [ -101.230929170295028, 19.64997517989606 ], [ -101.230876812589983, 19.649678020619564 ], [ -101.230807585923145, 19.649285118792807 ], [ -101.23059654975863, 19.648087349769849 ], [ -101.229506019912591, 19.646863829635286 ], [ -101.228716450308639, 19.645966250284104 ], [ -101.226574958517688, 19.646159958880677 ], [ -101.225103290194781, 19.646293060212177 ], [ -101.223721320244366, 19.643806339868831 ], [ -101.226395510259181, 19.643807719653111 ], [ -101.226150110312275, 19.643506799973068 ], [ -101.224672889988341, 19.64185997959126 ], [ -101.223331819945827, 19.640404879943485 ], [ -101.222594979864283, 19.639633570378646 ], [ -101.223563520395146, 19.639122480251491 ], [ -101.223227079561994, 19.638746709853486 ], [ -101.223487420352527, 19.638200479924901 ], [ -101.223927030258736, 19.63832501971244 ], [ -101.224061549595817, 19.638187249723057 ], [ -101.224104579672044, 19.637803459699303 ], [ -101.224276919604108, 19.63753759995404 ], [ -101.224431970166791, 19.637529400170362 ], [ -101.224612599887536, 19.637473380142925 ], [ -101.224768220328158, 19.637366280199636 ], [ -101.224965180033919, 19.63721742991995 ], [ -101.225568550201444, 19.63680690967016 ], [ -101.226027460323309, 19.636212829638527 ], [ -101.226426221700407, 19.635624430461149 ], [ -101.226794200020848, 19.635443479962106 ], [ -101.227054290182323, 19.635120450111348 ], [ -101.227289750165838, 19.635077357905889 ], [ -101.227455340020683, 19.634883379661105 ], [ -101.227702719804412, 19.63477076967856 ], [ -101.227962519691658, 19.634733569645025 ], [ -101.228154419047016, 19.63471355110898 ], [ -101.228354849539485, 19.634692919715604 ], [ -101.228506919764229, 19.634498460062904 ], [ -101.228755480350571, 19.634462319676185 ], [ -101.229010229602096, 19.634354939632203 ], [ -101.229177548903579, 19.634223061016307 ], [ -101.229239349513207, 19.634174370841482 ], [ -101.229596919526415, 19.634120320755915 ], [ -101.229929859620484, 19.634178200715567 ], [ -101.230271428684844, 19.634335431293994 ], [ -101.230563198608792, 19.634257449892331 ], [ -101.230912320027116, 19.634224180549424 ], [ -101.231193715129777, 19.634241648365204 ], [ -101.231597100708953, 19.634057953741639 ], [ -101.231873919044077, 19.634606193230095 ], [ -101.232056859281798, 19.634616339562424 ], [ -101.232759888993812, 19.634574550040846 ], [ -101.233240828850725, 19.634381551106632 ], [ -101.233714889842119, 19.633904400772526 ], [ -101.233929400342319, 19.633502489797934 ], [ -101.234165090364215, 19.632850519937797 ], [ -101.234308140332061, 19.632714150556048 ], [ -101.234311249199038, 19.632694720598984 ], [ -101.234331339954636, 19.632692031068014 ], [ -101.234402309988369, 19.632624370938608 ], [ -101.234392538674157, 19.632683851148983 ], [ -101.234383799455301, 19.632737031099165 ], [ -101.234349909784456, 19.632943320342463 ], [ -101.234359598734912, 19.633038000568998 ], [ -101.234359659916009, 19.633042419612114 ], [ -101.234605428949706, 19.633388720774622 ], [ -101.234793999044527, 19.633750150965625 ], [ -101.234836140004973, 19.633956350016874 ], [ -101.234922079312881, 19.634163799952606 ], [ -101.234926950089076, 19.634262910897508 ], [ -101.234940378938575, 19.634535680996223 ], [ -101.234952579525228, 19.634548571146215 ], [ -101.235104888831202, 19.63470957008046 ], [ -101.235251880140069, 19.635224490935247 ], [ -101.235379938887291, 19.635636340297612 ], [ -101.235388660311969, 19.63580998053494 ], [ -101.235365020272795, 19.63593478043002 ], [ -101.235499919798983, 19.635993680346438 ], [ -101.236131690031669, 19.636077740348117 ], [ -101.236643889651518, 19.636096320009898 ], [ -101.236992860016571, 19.636108740292812 ], [ -101.237341599622454, 19.636163820003826 ], [ -101.237701780363395, 19.636181620105866 ], [ -101.238062090071125, 19.636183429679154 ], [ -101.238374619562848, 19.636156779992749 ], [ -101.238596139999146, 19.636185229768081 ], [ -101.238874379552655, 19.636163659943211 ], [ -101.239259180212713, 19.636092029814211 ], [ -101.239582199823118, 19.635886919707154 ], [ -101.23982421954473, 19.635696749996747 ], [ -101.240073400083901, 19.635327080409276 ], [ -101.240185280193216, 19.634872120104756 ], [ -101.240202000315051, 19.634804140377447 ], [ -101.240259119825694, 19.634083720382886 ], [ -101.240262779935236, 19.634037739842007 ], [ -101.240382850459454, 19.63393845959963 ], [ -101.240604120086957, 19.634189550228097 ], [ -101.240735599777608, 19.634581919759292 ], [ -101.240733619620698, 19.634624939979759 ], [ -101.240710169593456, 19.635128660342296 ], [ -101.240656419663907, 19.635401509991265 ], [ -101.240677850313872, 19.635549340023655 ], [ -101.24068854981482, 19.635623180204536 ], [ -101.240684020450587, 19.635675140264421 ], [ -101.240639819835565, 19.636182249670814 ], [ -101.240543979920673, 19.636358459851468 ], [ -101.240546139567869, 19.636609180303154 ], [ -101.240451793625809, 19.637240139700079 ], [ -101.240429859616896, 19.637386829914959 ], [ -101.240443074809789, 19.637389286849356 ], [ -101.240944919918618, 19.637482599809626 ], [ -101.241177540410192, 19.637747510269726 ], [ -101.241701289746729, 19.637989910389802 ], [ -101.242404689533274, 19.638012619989674 ], [ -101.243678779981622, 19.638258749625361 ], [ -101.244062480287127, 19.63843330955066 ], [ -101.245002860397179, 19.638620230367106 ], [ -101.245610309626528, 19.638604079572243 ], [ -101.246854150305353, 19.638830859698885 ], [ -101.24731745038919, 19.639255170173818 ], [ -101.247014220473943, 19.639401919852229 ], [ -101.246634680340094, 19.639391039805481 ], [ -101.246269280415959, 19.639679940178109 ], [ -101.246519379985685, 19.63976381960838 ], [ -101.248012719684127, 19.639954369623279 ], [ -101.249302719625518, 19.640074659972399 ], [ -101.24920582032081, 19.641735369713217 ], [ -101.248924683496938, 19.641773540098413 ], [ -101.248766220284111, 19.6417816502147 ], [ -101.248731540429418, 19.642542340038972 ], [ -101.24869454032482, 19.643075950275755 ], [ -101.249640600438141, 19.642722080238482 ], [ -101.250285780155281, 19.642155920196501 ], [ -101.250571110334235, 19.641829579946712 ], [ -101.250781540059677, 19.641512180078617 ], [ -101.251220710308672, 19.641153059774282 ], [ -101.251929149751376, 19.640546249684338 ], [ -101.252117049746886, 19.640454110393815 ], [ -101.252260139585985, 19.640383920391269 ], [ -101.252313600471211, 19.640357709935738 ], [ -101.252134349768014, 19.639984019771738 ], [ -101.252105120161744, 19.639923080210718 ], [ -101.253467090357788, 19.639609859879492 ], [ -101.254746549998984, 19.639325060064881 ], [ -101.254880750071706, 19.639610799632379 ], [ -101.254975339907858, 19.639881679652287 ], [ -101.255092030234778, 19.640131539762113 ], [ -101.255635049801697, 19.640495719559773 ], [ -101.255533350354824, 19.640581544844078 ], [ -101.254445709988147, 19.641401019657444 ], [ -101.254033620437411, 19.641694600281163 ], [ -101.253108259762527, 19.642404819999339 ], [ -101.253206570158596, 19.642477229744646 ], [ -101.253345180145558, 19.642524919621991 ], [ -101.254207110465572, 19.643021979953815 ], [ -101.25410861957269, 19.643074460193443 ], [ -101.253814199926467, 19.64323131034519 ], [ -101.253893260221318, 19.643408649645636 ], [ -101.254654510271024, 19.644081370171858 ], [ -101.255627419664648, 19.645003490103509 ], [ -101.255575449823894, 19.645062339884742 ], [ -101.254316340294849, 19.646442480031787 ], [ -101.254765969656873, 19.646829519865431 ], [ -101.254224279797526, 19.64730879998185 ], [ -101.253968550218843, 19.647559309872218 ], [ -101.253274579893343, 19.648113370203696 ], [ -101.252734855749338, 19.6475673621851 ], [ -101.25180724974291, 19.648810950389844 ], [ -101.251847580329596, 19.648857059609234 ], [ -101.252323430324239, 19.649400800405683 ], [ -101.252274979762461, 19.649440289583154 ], [ -101.251746880454334, 19.649870779600526 ], [ -101.251680620345667, 19.649924690332444 ], [ -101.251686459534753, 19.650008340369514 ], [ -101.251695179836872, 19.650133510299508 ], [ -101.251725920301851, 19.650215229909342 ], [ -101.251676259895532, 19.650332060274202 ], [ -101.25166077039286, 19.650368519555279 ], [ -101.251503690071019, 19.650457550153391 ], [ -101.25112694032849, 19.650791749566928 ], [ -101.250967430231952, 19.651012520078257 ], [ -101.250719969863852, 19.651137050441402 ], [ -101.25043556975416, 19.651260459561946 ], [ -101.250340689839547, 19.651342289739141 ], [ -101.250264770317159, 19.651462709855942 ], [ -101.24970577010096, 19.651723769855881 ], [ -101.249604400087563, 19.651804380276314 ], [ -101.249472780033599, 19.651820620074712 ], [ -101.249271920320567, 19.651728859811978 ], [ -101.249219109826825, 19.651672630440473 ], [ -101.249085120020908, 19.651647750269127 ], [ -101.248940939786621, 19.65188974017023 ], [ -101.248772859737485, 19.651955309908907 ], [ -101.248312430221503, 19.651907600067513 ], [ -101.247995090450047, 19.651877379612081 ], [ -101.247785750066043, 19.651922749851295 ], [ -101.247661689864813, 19.652036350240959 ], [ -101.247322600174002, 19.652187819940377 ], [ -101.246702430087453, 19.652177249665925 ], [ -101.246240179682246, 19.652229289574219 ], [ -101.245670019534103, 19.652323060120146 ], [ -101.245168540329232, 19.652280520113699 ], [ -101.244991490950525, 19.652294115281478 ], [ -101.244981199570176, 19.652294904037767 ], [ -101.244789149590758, 19.652309625827016 ], [ -101.244422850462868, 19.652432289911136 ], [ -101.243871880300105, 19.652484399954805 ], [ -101.243492320049754, 19.652497579863191 ], [ -101.243423749695125, 19.652457580151417 ], [ -101.24324603031215, 19.652471859582004 ], [ -101.242703549859144, 19.652543059688071 ], [ -101.241982600069079, 19.652575219800131 ], [ -101.241300370164112, 19.652600879774539 ], [ -101.241141623844982, 19.652580770319393 ], [ -101.240894399636815, 19.652549430089522 ], [ -101.240446369928364, 19.652447980409541 ], [ -101.239748620456766, 19.652255910364417 ], [ -101.239638512152993, 19.652290941749449 ], [ -101.239546341846648, 19.652320266859252 ], [ -101.239174479674801, 19.652438580249612 ], [ -101.238898280209128, 19.652485170004482 ], [ -101.238184750344928, 19.652574059993245 ], [ -101.237971279873108, 19.652640399847613 ], [ -101.23767577013966, 19.652834119706448 ], [ -101.237351019826406, 19.652985569690664 ], [ -101.237100030024251, 19.653049400261992 ], [ -101.236946180409745, 19.65314888039304 ], [ -101.236840999623368, 19.653260430358532 ], [ -101.236804480452136, 19.653357119719072 ], [ -101.236788880043974, 19.653383940096848 ], [ -101.236745782401954, 19.653498165574902 ], [ -101.236745691121385, 19.653498407987136 ], [ -101.23674559984083, 19.653498650399346 ], [ -101.236740230168621, 19.653512850396133 ], [ -101.236712430130652, 19.65358654980389 ], [ -101.236668459967248, 19.653629260341415 ], [ -101.236624596017066, 19.653719973160783 ], [ -101.236606909887939, 19.653756549569479 ], [ -101.236551080194289, 19.653850450007024 ], [ -101.236457720036952, 19.653993660027229 ], [ -101.236377089579619, 19.654098979940827 ], [ -101.236288090106896, 19.654253430252002 ], [ -101.236202320812552, 19.654361429308668 ], [ -101.236196799525246, 19.654368380416219 ], [ -101.236136769652603, 19.654429650287383 ], [ -101.236097859657704, 19.654479119605899 ], [ -101.236070256897818, 19.654562040070207 ], [ -101.236055479570936, 19.654606430241667 ], [ -101.236033280460163, 19.654655680289885 ], [ -101.235951320115973, 19.654742709915759 ], [ -101.235900830857091, 19.654867794668331 ], [ -101.235818659946844, 19.65494018012329 ], [ -101.235793952266661, 19.654971615274697 ], [ -101.235780165232768, 19.65505675960954 ], [ -101.235777919579107, 19.655070629182205 ], [ -101.235712220230724, 19.655179719895962 ], [ -101.235649570043961, 19.655270509927718 ], [ -101.235607949670921, 19.655340879740912 ], [ -101.235492600065939, 19.655519629946802 ], [ -101.235433769838039, 19.655570710447414 ], [ -101.235370289628818, 19.65575334027853 ], [ -101.235345119888891, 19.655884509599417 ], [ -101.235324320363659, 19.656171280279569 ], [ -101.23536898021429, 19.656507510040782 ], [ -101.23549632043003, 19.656974020383785 ], [ -101.235627290268255, 19.657606769794562 ], [ -101.235732949539951, 19.657878260398014 ], [ -101.23587235021337, 19.658321680124601 ], [ -101.236054050036344, 19.659058689576707 ], [ -101.236172619649878, 19.659408000435313 ], [ -101.236388310238212, 19.659822370389438 ], [ -101.23693050970742, 19.660519979901611 ], [ -101.237068219990917, 19.660665089884702 ], [ -101.237811380371852, 19.661519279580659 ], [ -101.237891619727208, 19.661613710395457 ], [ -101.241599480126311, 19.665974939616685 ], [ -101.242059599950181, 19.666298599995848 ], [ -101.241982829995862, 19.666433170245291 ], [ -101.241443169758, 19.667379259938297 ], [ -101.24134862271228, 19.667436523612434 ], [ -101.242320656052755, 19.668898615561975 ], [ -101.240787065511213, 19.669380085130715 ], [ -101.240913182687606, 19.669674937922352 ], [ -101.241865695824771, 19.671860745279549 ], [ -101.242267260094522, 19.672788939664784 ], [ -101.243697140328663, 19.672219850128535 ], [ -101.243814629656285, 19.672486950294171 ], [ -101.243274000471217, 19.673139169654025 ], [ -101.243798289817178, 19.674306460415618 ], [ -101.243067049677961, 19.674874420170408 ], [ -101.24315288008188, 19.675065220179977 ], [ -101.243184219880703, 19.67510162002036 ], [ -101.243503306345943, 19.67584106985257 ], [ -101.243528400245495, 19.675899221345261 ], [ -101.244283585083437, 19.675377913850735 ], [ -101.244613889465001, 19.675104907088329 ], [ -101.245053772822033, 19.674811935630188 ], [ -101.245643857275226, 19.674357324111686 ], [ -101.244978671500377, 19.672892454971585 ], [ -101.24496525982498, 19.67276617164012 ], [ -101.24489485182356, 19.672733338387498 ], [ -101.244824443282738, 19.672680299161204 ], [ -101.244756718160488, 19.67259821683329 ], [ -101.244705085107867, 19.672516131384061 ], [ -101.246581290861258, 19.670975476373822 ], [ -101.246861581493093, 19.671361905070423 ], [ -101.246974234375969, 19.671599317560275 ], [ -101.247038607356572, 19.671680138750055 ], [ -101.247231726489716, 19.671730651400715 ], [ -101.247233889336258, 19.671732945923168 ], [ -101.247462276505885, 19.671975227366207 ], [ -101.248079303718427, 19.672629787384686 ], [ -101.248401170124595, 19.672245886894604 ], [ -101.248572831608158, 19.672043835082 ], [ -101.24891615317884, 19.672326708759879 ], [ -101.249152186971187, 19.672528760665628 ], [ -101.248572830786983, 19.673306660770848 ], [ -101.247521404330755, 19.673650147411617 ], [ -101.247306828708432, 19.67376127573041 ], [ -101.246469978551872, 19.674094658549599 ], [ -101.246083740015209, 19.67429670768761 ], [ -101.246276859665343, 19.674882652931046 ], [ -101.246641640592003, 19.675761564065922 ], [ -101.24678111491481, 19.67600402316776 ], [ -101.24696350582704, 19.675933304943875 ], [ -101.247435573408453, 19.675761564708353 ], [ -101.247886184863034, 19.675569619208922 ], [ -101.24832606799427, 19.675428184887089 ], [ -101.248701576078005, 19.67628688979223 ], [ -101.248808864055093, 19.676579858344908 ], [ -101.24922729033581, 19.676761701709854 ], [ -101.249313119543245, 19.676660676670316 ], [ -101.249559884305185, 19.676690983707537 ], [ -101.249409679841875, 19.676963747291225 ], [ -101.249044899581563, 19.67748906796507 ], [ -101.248723034142941, 19.67787295567404 ], [ -101.248411897564495, 19.678216431449037 ], [ -101.24779191473408, 19.678812706616096 ], [ -101.246364979720923, 19.680095682447369 ], [ -101.245236043397185, 19.681103024229643 ], [ -101.244315771214588, 19.681924160032541 ], [ -101.242706446312397, 19.683348539469691 ], [ -101.242652801645278, 19.683409150662168 ], [ -101.242051987854538, 19.683934450172536 ], [ -101.241730122111022, 19.684207200813862 ], [ -101.241150764215348, 19.684732497728568 ], [ -101.24064650928382, 19.683530373447795 ], [ -101.24073770382671, 19.683434405576151 ], [ -101.240555313914797, 19.682727268481603 ], [ -101.240448088454528, 19.682340892486557 ], [ -101.240346102151534, 19.681984772310237 ], [ -101.239487795888721, 19.678843012517163 ], [ -101.240431932071161, 19.67817626450254 ], [ -101.24153700396829, 19.680651300169128 ], [ -101.242352394007341, 19.680348236277361 ], [ -101.242019801166634, 19.679550165498402 ], [ -101.242997988043896, 19.679186722420223 ], [ -101.242802086976695, 19.67877783137736 ], [ -101.24210690929101, 19.677289121221072 ], [ -101.242005980022256, 19.677064111105715 ], [ -101.241998630355056, 19.677049351166705 ], [ -101.241715179982336, 19.676369770256041 ], [ -101.241023474421567, 19.674754536782466 ], [ -101.241022229690188, 19.674751629602731 ], [ -101.241051630153606, 19.674321249839572 ], [ -101.2406461237358, 19.6745050044983 ], [ -101.240275059747347, 19.6746731502271 ], [ -101.240082369932608, 19.674843539883263 ], [ -101.239728259922728, 19.675072310378063 ], [ -101.239414649677343, 19.675231799615151 ], [ -101.238793690069883, 19.675503940401629 ], [ -101.238765090344344, 19.67544536994378 ], [ -101.238641232542975, 19.675504868541683 ], [ -101.235882749858149, 19.676829949898 ], [ -101.235714819591166, 19.681600679828382 ], [ -101.235709400014485, 19.681754649943734 ], [ -101.237007910271657, 19.684735520396181 ], [ -101.237458020195888, 19.68577318031118 ], [ -101.238160350010915, 19.687392310203439 ], [ -101.238207859768224, 19.687594880058281 ], [ -101.238267379990859, 19.687737340179552 ], [ -101.238333820212276, 19.687581829907554 ], [ -101.240672459829781, 19.685489369550886 ], [ -101.24116199971229, 19.685240049971938 ], [ -101.24216434985064, 19.685696950211728 ], [ -101.241537019695016, 19.686451309624058 ], [ -101.241829450394192, 19.686837309814596 ], [ -101.241992320139985, 19.687096350257814 ], [ -101.241697630012382, 19.687222219578121 ], [ -101.241725149826181, 19.687284999848483 ], [ -101.241637850310525, 19.687320849789007 ], [ -101.241671829942561, 19.687402939751415 ], [ -101.241143819913489, 19.687453569688369 ], [ -101.241444259973989, 19.688190200192647 ], [ -101.241022450275466, 19.688333400159966 ], [ -101.241185290276107, 19.688710520127128 ], [ -101.242124020371449, 19.68821713995759 ], [ -101.242763059908697, 19.690044550002053 ], [ -101.243734316032274, 19.689605356607519 ], [ -101.244059586448984, 19.689458270246469 ], [ -101.244340994557291, 19.689331017454307 ], [ -101.244625562851724, 19.689202335322751 ], [ -101.245241710290159, 19.688923709754107 ], [ -101.245487482858323, 19.688814022120532 ], [ -101.245586798370567, 19.688769697205945 ], [ -101.245340498022983, 19.68831080720059 ], [ -101.24614767981943, 19.687882339999856 ], [ -101.247032309787215, 19.688724600277673 ], [ -101.247251749758746, 19.688540970142768 ], [ -101.247457400128042, 19.688372049792569 ], [ -101.248063309743202, 19.687871599900863 ], [ -101.248270979620713, 19.687704450396254 ], [ -101.248475880403618, 19.687573709984115 ], [ -101.248815569725323, 19.687398230194379 ], [ -101.249261380115897, 19.687133050145185 ], [ -101.249637119627863, 19.686902939645123 ], [ -101.249694109695199, 19.686866370325717 ], [ -101.249895830245336, 19.686788479716682 ], [ -101.250209050141962, 19.686688250405776 ], [ -101.25019240038587, 19.685365660375723 ], [ -101.250692980162796, 19.685156549694597 ], [ -101.25072648041423, 19.68514378027994 ], [ -101.251950279657876, 19.684645889959661 ], [ -101.252414140471785, 19.6844604598712 ], [ -101.253355290117554, 19.684061689781181 ], [ -101.255750170398784, 19.683019599813445 ], [ -101.255862579681718, 19.682971419559578 ], [ -101.258990719786397, 19.68163018043219 ], [ -101.25901199955166, 19.682319179667299 ], [ -101.259140289834619, 19.686474490290884 ], [ -101.259143419956942, 19.686575999814263 ], [ -101.259077169825716, 19.688120659876962 ], [ -101.260116030187135, 19.687845889996471 ], [ -101.260787650348192, 19.687691749894224 ], [ -101.262646580042713, 19.687284709780776 ], [ -101.263092399932276, 19.687299309636202 ], [ -101.263636860296131, 19.687327519789431 ], [ -101.265835599529552, 19.687336510002673 ], [ -101.266355310368226, 19.687249939766247 ], [ -101.266799519902648, 19.687106459904882 ], [ -101.267088579797417, 19.687113859751399 ], [ -101.267593620436671, 19.687169710051222 ], [ -101.267790519587777, 19.687414820038445 ], [ -101.267978969807828, 19.688007399911729 ], [ -101.268059850421594, 19.688233060296145 ], [ -101.268153689832175, 19.688405579682406 ], [ -101.268237170272414, 19.688527229735357 ], [ -101.268262170031107, 19.688563690273568 ], [ -101.268421689621618, 19.688770850212709 ], [ -101.268742380240923, 19.689139060160251 ], [ -101.268773889741126, 19.689185089694057 ], [ -101.268824569977582, 19.689151199644073 ], [ -101.269123060217964, 19.688881859881565 ], [ -101.269458200112368, 19.68863413975766 ], [ -101.269739339791272, 19.688428149771816 ], [ -101.269938259934193, 19.688321599696064 ], [ -101.27046291021091, 19.688127920413798 ], [ -101.271008250080612, 19.68772014974898 ], [ -101.271205419880616, 19.687584029804768 ], [ -101.271491400402425, 19.687413479924619 ], [ -101.271884740156992, 19.68718668968026 ], [ -101.271649501208316, 19.686964028468427 ], [ -101.271367801493369, 19.686681341275523 ], [ -101.271216083209382, 19.686535437410683 ], [ -101.271025077968346, 19.686336142570084 ], [ -101.270854188482573, 19.686179780172129 ], [ -101.270709159702847, 19.686040951616079 ], [ -101.270702072560425, 19.685984464094286 ], [ -101.270730872732443, 19.685933101284729 ], [ -101.2702199108803, 19.686079577734983 ], [ -101.269797311132592, 19.685180896824466 ], [ -101.269771679433703, 19.685110562705319 ], [ -101.268833327943724, 19.684603600587263 ], [ -101.268678182671906, 19.684536070181363 ], [ -101.268450237358337, 19.684555807800567 ], [ -101.268444957843997, 19.684332633528005 ], [ -101.268477314554744, 19.684151459997992 ], [ -101.269427153797608, 19.68411489953219 ], [ -101.269436347635491, 19.684114548758959 ], [ -101.269320148854263, 19.683785920734564 ], [ -101.269321709451688, 19.683495781109833 ], [ -101.269491488595946, 19.683463030342285 ], [ -101.269560709397183, 19.683396710099984 ], [ -101.26950913904038, 19.683203341094259 ], [ -101.269421248641137, 19.682873780632196 ], [ -101.26960331906578, 19.682836539608299 ], [ -101.26989739879285, 19.682772211858396 ], [ -101.269643265518425, 19.682353095634401 ], [ -101.269414274473206, 19.681779864816274 ], [ -101.268865260489562, 19.679952679470574 ], [ -101.269328082277866, 19.679743734088483 ], [ -101.269331944210251, 19.67975575166556 ], [ -101.269607772760082, 19.68061411896749 ], [ -101.269897821339484, 19.680539154141332 ], [ -101.270053573262629, 19.680936060839034 ], [ -101.270179730580296, 19.68139716795525 ], [ -101.270264265376824, 19.682021700990745 ], [ -101.270226067216214, 19.682197588172514 ], [ -101.270404272120885, 19.682686047559578 ], [ -101.270729408915571, 19.682369617518262 ], [ -101.271058275504942, 19.682069974402339 ], [ -101.271389004356323, 19.681763569825574 ], [ -101.271715302136101, 19.681463889561986 ], [ -101.272039384268524, 19.681157466302384 ], [ -101.272367720977911, 19.680857772888821 ], [ -101.272708915702367, 19.680536192700707 ], [ -101.273024352546855, 19.680228919548387 ], [ -101.273082296941524, 19.680164098944076 ], [ -101.271685454938492, 19.678584887875754 ], [ -101.271686863874606, 19.678583707448304 ], [ -101.271952629748924, 19.678361004501742 ], [ -101.272113039065928, 19.678238960804411 ], [ -101.273132017290763, 19.679410409130856 ], [ -101.273491301305043, 19.679824393050509 ], [ -101.273687037566944, 19.679637401921934 ], [ -101.274015576494634, 19.679336811027284 ], [ -101.274316045884888, 19.679052617956572 ], [ -101.27433338485038, 19.6790362188435 ], [ -101.274340154290911, 19.678977224532577 ] ], [ [ -101.169137465953568, 19.662993093039315 ], [ -101.169097223090759, 19.663015985227041 ], [ -101.169079540694867, 19.663031254586929 ], [ -101.169066124319428, 19.663035993148995 ], [ -101.169038848560646, 19.663054398044942 ], [ -101.169021259330705, 19.663067884406153 ], [ -101.169015605175446, 19.663067626808207 ], [ -101.168907318327115, 19.663084122495803 ], [ -101.168877427086201, 19.663118472104252 ], [ -101.168877018552919, 19.663127392819181 ], [ -101.16884606213425, 19.663143825409335 ], [ -101.168834280789511, 19.66315401587779 ], [ -101.168805052644501, 19.663174108331866 ], [ -101.168762223606748, 19.663202510749663 ], [ -101.168726279624266, 19.663239819544479 ], [ -101.168713490612262, 19.663321197832943 ], [ -101.168665524893484, 19.663346684703424 ], [ -101.168676173607551, 19.663386208651815 ], [ -101.168682589231878, 19.663413364387608 ], [ -101.168686169243855, 19.663447413821373 ], [ -101.168686068817948, 19.663463513749591 ], [ -101.168689619331872, 19.663501133657636 ], [ -101.168711958019458, 19.663558544160175 ], [ -101.168730638524039, 19.663596245334492 ], [ -101.168741788354964, 19.663626734889622 ], [ -101.168768008149883, 19.663668055342644 ], [ -101.168777308213151, 19.663693164288343 ], [ -101.168805498224685, 19.663720184013489 ], [ -101.168805368784135, 19.663741654240162 ], [ -101.168827769375596, 19.663788335047638 ], [ -101.168832128702832, 19.663802904336418 ], [ -101.168780116096627, 19.663887509281341 ], [ -101.168682374448011, 19.663984731913249 ], [ -101.168937185108959, 19.664040299425832 ], [ -101.169057884999603, 19.664073135735475 ], [ -101.169189312556838, 19.664078187104369 ], [ -101.169245639066375, 19.664037774628007 ], [ -101.169237592675884, 19.663914010648252 ], [ -101.169273844858424, 19.66376090423935 ], [ -101.169264414451945, 19.663722050380585 ], [ -101.169269778459679, 19.663633647688826 ], [ -101.169307330796201, 19.663567976434866 ], [ -101.169342197753494, 19.663484625770934 ], [ -101.169362081594016, 19.663409715297735 ], [ -101.16934756223867, 19.663315396275333 ], [ -101.169363655440705, 19.663201737238964 ], [ -101.169323422420376, 19.66313101370551 ], [ -101.169291236800859, 19.663024930684152 ], [ -101.169216135132331, 19.66296683564326 ], [ -101.169202908354507, 19.662907091812361 ], [ -101.169180340321532, 19.662962260203624 ], [ -101.169137465953568, 19.662993093039315 ] ], [ [ -101.170137898891085, 19.654334789969198 ], [ -101.170195877653654, 19.655097298858998 ], [ -101.172333507597216, 19.654596944006627 ], [ -101.173070685569655, 19.65441702502325 ], [ -101.173567491270148, 19.654125948331586 ], [ -101.17320005979839, 19.653794835295248 ], [ -101.17229874679461, 19.653096414148184 ], [ -101.171708839791222, 19.653464515112812 ], [ -101.170984643829897, 19.65400506893214 ], [ -101.170877356351923, 19.654101054282403 ], [ -101.170411875184357, 19.654255989352915 ], [ -101.170137898891085, 19.654334789969198 ] ], [ [ -101.274894787236491, 19.687757879295759 ], [ -101.274172858851045, 19.687591316898267 ], [ -101.273843216295347, 19.687506886848432 ], [ -101.273531832062318, 19.68742713304572 ], [ -101.273312849561677, 19.687195109930588 ], [ -101.273023620152884, 19.687517880373317 ], [ -101.273314219727439, 19.688533350248498 ], [ -101.273328169605094, 19.688570859847015 ], [ -101.273469658900495, 19.689698251068229 ], [ -101.273502813105026, 19.689935516732962 ], [ -101.273722753821687, 19.690117344476675 ], [ -101.273899779653732, 19.69004663407086 ], [ -101.274935110989517, 19.689612268155571 ], [ -101.275090680469233, 19.690046634172038 ], [ -101.275922164235965, 19.689885009118907 ], [ -101.275975809244727, 19.690001176241395 ], [ -101.27657125910244, 19.689925415683067 ], [ -101.276700004716204, 19.689773892750402 ], [ -101.276903852463576, 19.689602166865548 ], [ -101.277107700133911, 19.689516302885828 ], [ -101.277858719593354, 19.689384982247169 ], [ -101.279442870317311, 19.689136244946976 ], [ -101.279410455694943, 19.688720844683996 ], [ -101.278906200700561, 19.688286476677025 ], [ -101.278860908374469, 19.688270074050113 ], [ -101.278481509876499, 19.688625793812115 ], [ -101.278130160661149, 19.688417249848335 ], [ -101.277383967783521, 19.687769652052921 ], [ -101.277324312685394, 19.688598611751015 ], [ -101.27658382421437, 19.688684271160788 ], [ -101.276083185929949, 19.688653814856561 ], [ -101.27594993575029, 19.688686175129085 ], [ -101.275862295101689, 19.688705715774816 ], [ -101.275635847056833, 19.688710922185003 ], [ -101.275430262316604, 19.688674755244758 ], [ -101.275357926279696, 19.688636682769268 ], [ -101.275300819140554, 19.68840635038136 ], [ -101.275232290385929, 19.688278810751392 ], [ -101.275211351101305, 19.687882869011816 ], [ -101.275041932884065, 19.687812438164766 ], [ -101.275225532399034, 19.687644853862366 ], [ -101.274894787236491, 19.687757879295759 ] ], [ [ -101.273470564934598, 19.684297108066055 ], [ -101.273512434362218, 19.684309645088728 ], [ -101.273618440641215, 19.684723578971283 ], [ -101.273738364649972, 19.684752132568427 ], [ -101.27380403910378, 19.684726435829738 ], [ -101.273891127176014, 19.684726434787962 ], [ -101.273956800249195, 19.684735002192781 ], [ -101.274026756434452, 19.684769264704613 ], [ -101.274084992585799, 19.684810906028392 ], [ -101.274133534145207, 19.684870869118249 ], [ -101.274156377912902, 19.684929403982558 ], [ -101.274373384323425, 19.68491369805567 ], [ -101.274567547828028, 19.684351193840374 ], [ -101.274720309160784, 19.684042815618106 ], [ -101.275041536315143, 19.684117054806489 ], [ -101.274995851832017, 19.684301225437654 ], [ -101.275017266672421, 19.684603893010607 ], [ -101.275484117358076, 19.684568200247732 ], [ -101.275494192522373, 19.684817553955479 ], [ -101.275366572194358, 19.68482870481089 ], [ -101.275369156328736, 19.68483376237733 ], [ -101.275472973755399, 19.684831682659954 ], [ -101.275840434752709, 19.684788750592457 ], [ -101.275918219798513, 19.68431648895687 ], [ -101.275837754128673, 19.684276081511911 ], [ -101.275687549040967, 19.684043737184957 ], [ -101.275552474050926, 19.683989231454845 ], [ -101.275537345214062, 19.683983126948629 ], [ -101.275550756491299, 19.683690171095289 ], [ -101.275592332183777, 19.68365229044678 ], [ -101.275589798561612, 19.683547872647669 ], [ -101.275580262171715, 19.683154769709663 ], [ -101.275548075448654, 19.68217487771954 ], [ -101.27552661730445, 19.681892021764565 ], [ -101.274900939459116, 19.681410947874166 ], [ -101.274608504325315, 19.681733781906235 ], [ -101.274317447856788, 19.682066933595731 ], [ -101.274120351153584, 19.682317874739745 ], [ -101.274047846423841, 19.682410185651214 ], [ -101.273236897781331, 19.681668451320501 ], [ -101.272908745343386, 19.681977328235874 ], [ -101.272574305838376, 19.682271817265899 ], [ -101.272264286178455, 19.682570182220839 ], [ -101.271932807377496, 19.682883699559241 ], [ -101.272076746610878, 19.683026550522971 ], [ -101.272349430647196, 19.683083535030111 ], [ -101.27260860628445, 19.683129921514119 ], [ -101.272611385967608, 19.683130418814518 ], [ -101.272564867107022, 19.683358357256637 ], [ -101.273576231416087, 19.683623355114069 ], [ -101.27357372072295, 19.683822689402515 ], [ -101.273466773623454, 19.684090032909992 ], [ -101.27346745694355, 19.68430145955487 ], [ -101.273463710135516, 19.684307360416447 ], [ -101.273470564934598, 19.684297108066055 ] ], [ [ -101.139797260116637, 19.750220741263114 ], [ -101.139907249796849, 19.750371630736982 ], [ -101.140004379652055, 19.750640430245976 ], [ -101.140070649331832, 19.750824279574662 ], [ -101.140147143534435, 19.751008326522594 ], [ -101.140288519419826, 19.751302250654533 ], [ -101.140388657581951, 19.751505259982501 ], [ -101.140469999534716, 19.751642540258938 ], [ -101.140561258579623, 19.751820429892312 ], [ -101.140643879702921, 19.75198072019684 ], [ -101.140684276732415, 19.752125058704333 ], [ -101.140726768887276, 19.75227688094737 ], [ -101.140731629988167, 19.7523449508559 ], [ -101.140731625204992, 19.75234570671374 ], [ -101.140731487421391, 19.752374135908347 ], [ -101.140966230967919, 19.752364067405292 ], [ -101.140984470649201, 19.752252455760196 ], [ -101.141104887715315, 19.751515648979364 ], [ -101.141323798667315, 19.750406821105823 ], [ -101.141138709625039, 19.75031496970206 ], [ -101.140463689036594, 19.75026791053649 ], [ -101.139797260116637, 19.750220741263114 ] ], [ [ -101.2374753739185, 19.726594141416921 ], [ -101.237517300360949, 19.726455750598255 ], [ -101.237110169014201, 19.72638412665362 ], [ -101.236818353668767, 19.72633278771497 ], [ -101.236113823617828, 19.726204542299616 ], [ -101.235700859528365, 19.72612369337218 ], [ -101.235702475939362, 19.726041232842796 ], [ -101.235960983182281, 19.725689412032168 ], [ -101.236063766721102, 19.72576503087318 ], [ -101.236229811866778, 19.725094636352086 ], [ -101.235247694119366, 19.724869072351623 ], [ -101.235263874476999, 19.724806207342652 ], [ -101.23418974663133, 19.72463423135709 ], [ -101.234177047290061, 19.724631988379635 ], [ -101.23380455961825, 19.724566195242186 ], [ -101.233271001439007, 19.726632965747413 ], [ -101.233591890389377, 19.726818710327901 ], [ -101.23413410990058, 19.7269905107532 ], [ -101.234696089386631, 19.727025721241983 ], [ -101.235140379248193, 19.727049541199527 ], [ -101.235371979834895, 19.727068689996706 ], [ -101.235501230466895, 19.727051370340419 ], [ -101.236810487213575, 19.727272761613822 ], [ -101.236813007548378, 19.727273222031027 ], [ -101.237277849306153, 19.727358079574024 ], [ -101.237322974761199, 19.727294346695249 ], [ -101.237323183148717, 19.727294052287537 ], [ -101.23740232603555, 19.726975647202046 ], [ -101.2374753739185, 19.726594141416921 ] ], [ [ -101.238392892267541, 19.723162964928648 ], [ -101.239444318401354, 19.722567097685186 ], [ -101.239680353622759, 19.722971075943526 ], [ -101.239852657393797, 19.723276782359783 ], [ -101.240626218109057, 19.722990632283903 ], [ -101.240910413633813, 19.722840867010113 ], [ -101.241030798276569, 19.722777769730765 ], [ -101.24098561556805, 19.722755743020496 ], [ -101.240984976070862, 19.722755431671661 ], [ -101.240729830467004, 19.72263562973033 ], [ -101.240752909698287, 19.721610079851541 ], [ -101.240577749831942, 19.721793941000772 ], [ -101.240295319546135, 19.721600059839449 ], [ -101.240418579698243, 19.721416259596463 ], [ -101.240396770048321, 19.721326620015095 ], [ -101.240356954412505, 19.721270840287691 ], [ -101.240038330911972, 19.721263147809989 ], [ -101.24007280619108, 19.720882393882501 ], [ -101.240044248800459, 19.720507950712548 ], [ -101.23995012098699, 19.720351907717163 ], [ -101.239797524767923, 19.720226365592737 ], [ -101.239512999823617, 19.720049784955403 ], [ -101.239299765000595, 19.719971513341335 ], [ -101.238995335044848, 19.720030216852596 ], [ -101.23883607753335, 19.720154252563063 ], [ -101.238857116490081, 19.72017831733805 ], [ -101.23871185926258, 19.720271817429008 ], [ -101.238289316954251, 19.71985468567285 ], [ -101.238056901397954, 19.720012609029808 ], [ -101.237881750473392, 19.719810849257346 ], [ -101.23813680910807, 19.719682710657629 ], [ -101.238114349582659, 19.71951952477685 ], [ -101.238081158552873, 19.71939168692758 ], [ -101.238578055978635, 19.719090793913111 ], [ -101.238442813612792, 19.71888947669574 ], [ -101.238403467158079, 19.718839046129791 ], [ -101.238236261409511, 19.719032336960048 ], [ -101.237547760722293, 19.718149115921065 ], [ -101.237489753256668, 19.718074699283864 ], [ -101.237429021287369, 19.718009636443011 ], [ -101.237056177342609, 19.718119260901496 ], [ -101.236752620194295, 19.718236429693118 ], [ -101.236397273794722, 19.718386188407013 ], [ -101.236194200776524, 19.718572473414063 ], [ -101.235850427681825, 19.718952484612984 ], [ -101.235849641204069, 19.718951766478433 ], [ -101.235658572058242, 19.718776801312462 ], [ -101.235096025113549, 19.720107210607448 ], [ -101.234700509300055, 19.721232364704633 ], [ -101.236989450915388, 19.72072322929473 ], [ -101.236864556044836, 19.720388878999557 ], [ -101.237234527462022, 19.720214858264761 ], [ -101.237291611527624, 19.720179464586238 ], [ -101.237360766194513, 19.720161744772476 ], [ -101.237411902972241, 19.720270227597123 ], [ -101.237684497732744, 19.720160215241275 ], [ -101.237771026373963, 19.720349225334289 ], [ -101.237631610018212, 19.720419206223777 ], [ -101.237712192722242, 19.720651328347465 ], [ -101.237566242426368, 19.720707801385526 ], [ -101.237609621269343, 19.720883869934013 ], [ -101.237674919742403, 19.720862322260476 ], [ -101.237767964303359, 19.721083080500584 ], [ -101.237559961284475, 19.721140646013922 ], [ -101.237560739471476, 19.721443571340654 ], [ -101.237542631581974, 19.721663195643181 ], [ -101.237419249713469, 19.7219712293032 ], [ -101.237395110228121, 19.722344909763791 ], [ -101.237420878413005, 19.722348642983484 ], [ -101.237674060127745, 19.722385306998213 ], [ -101.237792077145428, 19.722814534659424 ], [ -101.238264146159892, 19.723304357397261 ], [ -101.238392892267541, 19.723162964928648 ] ] ], [ [ [ -101.20957636165231, 19.645985486139338 ], [ -101.212281808752607, 19.645093188037983 ], [ -101.21240763296413, 19.645300272735255 ], [ -101.212620369001385, 19.645650400813015 ], [ -101.212819980456075, 19.645978927437341 ], [ -101.212967093757925, 19.646221051548622 ], [ -101.209890450665611, 19.647256118342767 ], [ -101.209826141257764, 19.64699595322044 ], [ -101.209734187198066, 19.646623960341337 ], [ -101.209646929716612, 19.646270964996653 ], [ -101.20957636165231, 19.645985486139338 ] ] ], [ [ [ -101.174118150210376, 19.659765259682995 ], [ -101.174153830347748, 19.660142380436362 ], [ -101.174186480214956, 19.660518060176013 ], [ -101.174231110273652, 19.660921119769839 ], [ -101.173081749708686, 19.66088543024928 ], [ -101.173188120030403, 19.660614749857825 ], [ -101.17332733989592, 19.660245939842799 ], [ -101.173377419557212, 19.660239660206937 ], [ -101.17334751981717, 19.659878539793691 ], [ -101.17329159993885, 19.659883110058153 ], [ -101.173138290348305, 19.659570000350268 ], [ -101.173411889589005, 19.659279449560422 ], [ -101.174284419624811, 19.658395110376976 ], [ -101.174818079691875, 19.65823125977748 ], [ -101.174936399664062, 19.658587489836577 ], [ -101.175055860052197, 19.658921429731976 ], [ -101.17516148990731, 19.659240910322804 ], [ -101.174703830192016, 19.659447770327205 ], [ -101.174786719704727, 19.659684859954037 ], [ -101.174118150210376, 19.659765259682995 ] ] ], [ [ [ -101.275829510132795, 19.657908799796857 ], [ -101.276318430364157, 19.657797740428322 ], [ -101.276064619543732, 19.657121380439424 ], [ -101.276528569596834, 19.657056619740477 ], [ -101.277045229873437, 19.656993880150353 ], [ -101.277709600329274, 19.656915079943445 ], [ -101.278680369744464, 19.656846339996083 ], [ -101.279787850419495, 19.656661180450971 ], [ -101.280511370016782, 19.658446649641039 ], [ -101.27887104999246, 19.658707220138979 ], [ -101.277328570015811, 19.658921119866598 ], [ -101.276888119912314, 19.658977999626849 ], [ -101.276722480246008, 19.658919229567026 ], [ -101.276174180100554, 19.658739170029662 ], [ -101.275829510132795, 19.657908799796857 ] ] ], [ [ [ -101.282331344934548, 19.643930929389587 ], [ -101.282127496845774, 19.644375523527746 ], [ -101.280478884970051, 19.644306920917526 ], [ -101.278849838843939, 19.644239114920584 ], [ -101.278656279410058, 19.643748629092546 ], [ -101.278411837838163, 19.64312920075896 ], [ -101.278104183874689, 19.642349579638971 ], [ -101.279080506886174, 19.642465781990982 ], [ -101.279167075437556, 19.642283639050344 ], [ -101.279332635031579, 19.641935294760771 ], [ -101.279531118212091, 19.642036339718949 ], [ -101.279874442664692, 19.64205654925253 ], [ -101.280410883177197, 19.642506200728832 ], [ -101.280620095833044, 19.642561775451998 ], [ -101.280877588330213, 19.642738604287551 ], [ -101.281414029803557, 19.642789125695451 ], [ -101.281467674017762, 19.642753760109134 ], [ -101.281596419533258, 19.642743655922001 ], [ -101.28186160968761, 19.642612635665952 ], [ -101.282250879423231, 19.642420311565658 ], [ -101.282266973262438, 19.642304109711791 ], [ -101.282980439656214, 19.642294006207631 ], [ -101.2834149572939, 19.642071705241065 ], [ -101.284943815870022, 19.641854458640893 ], [ -101.284959910380266, 19.642162646732245 ], [ -101.284231613592226, 19.642330500016168 ], [ -101.283034084302571, 19.642612297542609 ], [ -101.283119913983683, 19.643546960922695 ], [ -101.282331344934548, 19.643930929389587 ] ] ], [ [ [ -101.24347731014042, 19.636059182945843 ], [ -101.24315847875576, 19.635808343232313 ], [ -101.242915308623012, 19.635482211726551 ], [ -101.242744309919487, 19.634919552599182 ], [ -101.242701749251196, 19.634102032426458 ], [ -101.24283230864576, 19.633715351975599 ], [ -101.242894309596139, 19.633647632069678 ], [ -101.2423983114858, 19.633228054848395 ], [ -101.243519148686659, 19.632235252208908 ], [ -101.244179810100334, 19.632943432430729 ], [ -101.244903148857674, 19.632708982093149 ], [ -101.24576277921912, 19.632438982317399 ], [ -101.246392059792441, 19.632202292800784 ], [ -101.247071479846923, 19.631921441772082 ], [ -101.247429000082676, 19.631770712085178 ], [ -101.247585809612076, 19.631709383000182 ], [ -101.247598180451917, 19.63177737197508 ], [ -101.24765173908628, 19.632118982992747 ], [ -101.247651168919688, 19.632219893162592 ], [ -101.247861309342085, 19.632210782406514 ], [ -101.247876689743094, 19.632444581998463 ], [ -101.248560770067755, 19.632447983227419 ], [ -101.248692830242234, 19.634458551595763 ], [ -101.248782920211013, 19.636331882105122 ], [ -101.248227927823109, 19.63635726500361 ], [ -101.248086939331657, 19.636363713012656 ], [ -101.248111980260518, 19.63711844204785 ], [ -101.24790135028708, 19.637097642678679 ], [ -101.247063228907734, 19.636906032596702 ], [ -101.245857059882496, 19.636706601790966 ], [ -101.244358459432249, 19.636427743026513 ], [ -101.244076200431181, 19.636386352925168 ], [ -101.24378034007033, 19.636263613321461 ], [ -101.24347731014042, 19.636059182945843 ] ] ], [ [ [ -101.295446019123915, 19.646007100472243 ], [ -101.295881899977246, 19.646012342045132 ], [ -101.295548177543424, 19.647105922712029 ], [ -101.295380590305385, 19.647651588409182 ], [ -101.295260045176761, 19.648251903450156 ], [ -101.294700634342078, 19.648098779074079 ], [ -101.294592807623474, 19.648093886862604 ], [ -101.294555317981462, 19.648517057408906 ], [ -101.294273738263001, 19.648503686617186 ], [ -101.294259258317297, 19.648752626837247 ], [ -101.2934946982095, 19.648722337479406 ], [ -101.29320456905657, 19.648672457937131 ], [ -101.292859007641425, 19.648602108080201 ], [ -101.292718238151494, 19.648569087013183 ], [ -101.291052489292412, 19.648605776717222 ], [ -101.290641947745286, 19.648713036596408 ], [ -101.290692938302925, 19.648322947856951 ], [ -101.290808967824034, 19.647984877279043 ], [ -101.290927947831491, 19.647826227550176 ], [ -101.291159008181182, 19.647518148226716 ], [ -101.291254349226392, 19.64743948774516 ], [ -101.290916198655907, 19.647043377554429 ], [ -101.290329407702004, 19.646550437651317 ], [ -101.29058391829679, 19.646389877237951 ], [ -101.290373148325756, 19.646037546900647 ], [ -101.290045688592585, 19.645490146641929 ], [ -101.290901949457165, 19.64548718931329 ], [ -101.291916858480946, 19.645483677030434 ], [ -101.29195236917073, 19.645483547699442 ], [ -101.292027978052488, 19.645483286905606 ], [ -101.293230398656235, 19.645506736681376 ], [ -101.293275027726892, 19.645497628989034 ], [ -101.293328098478227, 19.64548679716642 ], [ -101.294202397863927, 19.645468077146894 ], [ -101.294842384212117, 19.645477691524295 ], [ -101.295314059377233, 19.645490492692094 ], [ -101.295428595916619, 19.645755496686835 ], [ -101.295453664083908, 19.645899477576503 ], [ -101.295446019123915, 19.646007100472243 ] ] ], [ [ [ -101.192521174718365, 19.646353256728148 ], [ -101.19208580697061, 19.646448700243976 ], [ -101.191859758231132, 19.645728912741344 ], [ -101.192293207937382, 19.645619143032523 ], [ -101.192506875754887, 19.645555034069748 ], [ -101.192409312845783, 19.645098598042814 ], [ -101.192348367649942, 19.644813472582513 ], [ -101.192922405843504, 19.644788372084776 ], [ -101.193002915802765, 19.6450158799375 ], [ -101.193485975956634, 19.644905028342095 ], [ -101.19360412591854, 19.645284088398206 ], [ -101.193695453587623, 19.645264028738755 ], [ -101.194151956580725, 19.645148420798261 ], [ -101.194608035371061, 19.645032919802958 ], [ -101.194840034475547, 19.645844910996615 ], [ -101.194377156959391, 19.645946384356407 ], [ -101.19390597673106, 19.646049677134709 ], [ -101.193445760425277, 19.646150567356806 ], [ -101.192977239477315, 19.646253276952699 ], [ -101.192521174718365, 19.646353256728148 ] ] ], [ [ [ -101.280224470780752, 19.622313160718768 ], [ -101.282123472631625, 19.622323267010394 ], [ -101.281930354214595, 19.623647117273475 ], [ -101.279505637252456, 19.623839125743679 ], [ -101.280224470780752, 19.622313160718768 ] ] ], [ [ [ -101.278303392902828, 19.625634911302985 ], [ -101.278553612307419, 19.625676282914377 ], [ -101.27904670445686, 19.625662068666362 ], [ -101.278910530933928, 19.626821992495199 ], [ -101.279099697931997, 19.626821992806065 ], [ -101.279159851246064, 19.627341260697364 ], [ -101.278449580953506, 19.627380521055866 ], [ -101.276911260561718, 19.627409075052896 ], [ -101.276736893880255, 19.627310972553477 ], [ -101.276447788966792, 19.626886238481035 ], [ -101.27624077636834, 19.626507903242715 ], [ -101.276158125514272, 19.626175997093284 ], [ -101.275497110541934, 19.626213115664505 ], [ -101.275744658348245, 19.625101641732183 ], [ -101.27533253640857, 19.623880265589342 ], [ -101.275211316144876, 19.623465681007385 ], [ -101.274901092006033, 19.623500572247242 ], [ -101.274672663257803, 19.623514848892636 ], [ -101.274382369427741, 19.623498193266219 ], [ -101.274233597207029, 19.62346868422032 ], [ -101.274115157662919, 19.623445190934554 ], [ -101.273986786081181, 19.623409736873096 ], [ -101.273842947358474, 19.623363335785914 ], [ -101.273203495237993, 19.623764003331672 ], [ -101.27195715458565, 19.62319884525504 ], [ -101.271900031844496, 19.623308232805893 ], [ -101.272239738113797, 19.623430001090068 ], [ -101.272299621883775, 19.623480777628831 ], [ -101.272302741521003, 19.623539009409065 ], [ -101.272154096304774, 19.623828347369948 ], [ -101.272766420677129, 19.624074073670773 ], [ -101.271554451133198, 19.624820959400406 ], [ -101.271259603122047, 19.624615854487292 ], [ -101.271442188354357, 19.624077262176225 ], [ -101.270991257711827, 19.623632999551177 ], [ -101.271130455938987, 19.623133313046413 ], [ -101.270852059346311, 19.623104758652996 ], [ -101.270987682685004, 19.622529120399339 ], [ -101.269942588984577, 19.622536340439641 ], [ -101.270075565001235, 19.621515486411209 ], [ -101.270191540814537, 19.620629096087566 ], [ -101.270512336649901, 19.620667830636044 ], [ -101.270571833335097, 19.620192062014308 ], [ -101.271579116605764, 19.620273409727599 ], [ -101.272304284229008, 19.620326324381328 ], [ -101.272374193746089, 19.620331416261443 ], [ -101.272378390815405, 19.619713638712852 ], [ -101.27227908996916, 19.619647708689929 ], [ -101.272253715636282, 19.61963086082508 ], [ -101.27225406199031, 19.61962922406838 ], [ -101.272360258873775, 19.619126828945472 ], [ -101.272340877073546, 19.619121765222634 ], [ -101.271944863093964, 19.619018309489128 ], [ -101.27167923124729, 19.618948913766566 ], [ -101.271455790370212, 19.618894157447173 ], [ -101.271580023030808, 19.618413211149345 ], [ -101.271770151966209, 19.617670950687838 ], [ -101.271800609150915, 19.61768237223291 ], [ -101.272946556163561, 19.618361945918064 ], [ -101.273689067494786, 19.618851519987938 ], [ -101.27377003817756, 19.618890271857911 ], [ -101.274120027231262, 19.619079350611937 ], [ -101.274311567222682, 19.619263000183842 ], [ -101.274722643980468, 19.619703195833328 ], [ -101.275239109947336, 19.620321457524557 ], [ -101.274639777162704, 19.620247463634353 ], [ -101.274542656796314, 19.620942827944049 ], [ -101.274820056245659, 19.62094500006895 ], [ -101.275498666008502, 19.620925031091854 ], [ -101.275906742297849, 19.620806057717893 ], [ -101.27612594800749, 19.620685685287743 ], [ -101.276131603274749, 19.620426533325915 ], [ -101.276046351281011, 19.620037185013622 ], [ -101.275936487215347, 19.619770992198635 ], [ -101.275927090488381, 19.619652109093764 ], [ -101.275748907330382, 19.61965949579271 ], [ -101.275663246937071, 19.619083666482958 ], [ -101.276383823698495, 19.619086895785866 ], [ -101.276467105755856, 19.61845277037159 ], [ -101.27802188746783, 19.618521637521081 ], [ -101.278247935663572, 19.618146872381089 ], [ -101.278011180342205, 19.618080248101894 ], [ -101.278100410467175, 19.617805419379177 ], [ -101.278218193723021, 19.617559145434736 ], [ -101.278776035963446, 19.617894934671643 ], [ -101.278686782413544, 19.618168297460866 ], [ -101.278600908195159, 19.618361308646346 ], [ -101.278782839235106, 19.61839267131403 ], [ -101.279006272802192, 19.618333288320649 ], [ -101.278988662431473, 19.618696766858172 ], [ -101.279299518030243, 19.618730600751054 ], [ -101.279388574781507, 19.618360004282703 ], [ -101.279686240745932, 19.618398738767169 ], [ -101.279695163673864, 19.618273817322681 ], [ -101.279953930407629, 19.618223253540123 ], [ -101.280394131404876, 19.6182173036505 ], [ -101.280614231059388, 19.618104280476363 ], [ -101.280612130257069, 19.618064305033158 ], [ -101.280489600416146, 19.617970883692657 ], [ -101.280440998966384, 19.617907798260813 ], [ -101.280545305487379, 19.617561049137539 ], [ -101.280527459262927, 19.617287411981994 ], [ -101.280607765569712, 19.617224950253966 ], [ -101.280771354402532, 19.617239822828726 ], [ -101.281249962348582, 19.617961084637308 ], [ -101.282017336703646, 19.617913495472234 ], [ -101.280968123224397, 19.620077821243591 ], [ -101.280541405848624, 19.620228401439736 ], [ -101.279938602142607, 19.620348597760188 ], [ -101.279830977691304, 19.620370057604248 ], [ -101.279789834637683, 19.62037005757319 ], [ -101.279756739252448, 19.620370057766703 ], [ -101.279662916996486, 19.620363690109194 ], [ -101.279554961477459, 19.620307239725726 ], [ -101.279481673089521, 19.620257747234461 ], [ -101.279411002609393, 19.620214143927555 ], [ -101.277885093060291, 19.621575050533444 ], [ -101.277225232992933, 19.622163545636223 ], [ -101.276711266559062, 19.622621919616485 ], [ -101.27652388402808, 19.622784353847422 ], [ -101.276550057952917, 19.622967573219725 ], [ -101.276569093662673, 19.623840835045346 ], [ -101.276604786283556, 19.623871767870455 ], [ -101.2766833084072, 19.623900321763927 ], [ -101.277073540233843, 19.625011530204297 ], [ -101.276968843709582, 19.625608774916163 ], [ -101.276978321628306, 19.62565296814525 ], [ -101.278303392902828, 19.625634911302985 ] ] ], [ [ [ -101.106512764213647, 19.732068172683874 ], [ -101.10619954956347, 19.73213953622923 ], [ -101.106196009593731, 19.732196467548135 ], [ -101.106183032404857, 19.732244350675824 ], [ -101.106158255329362, 19.732306227529335 ], [ -101.106116750712857, 19.73234345708768 ], [ -101.106068844234429, 19.732372614328163 ], [ -101.106015377540544, 19.732391906979728 ], [ -101.105959140233296, 19.732401262683034 ], [ -101.10590227479301, 19.732400187449496 ], [ -101.105846478166967, 19.732388112158063 ], [ -101.105794050078885, 19.732366536751851 ], [ -101.105764503933514, 19.732346781275108 ], [ -101.105747522399923, 19.732335428148719 ], [ -101.106048741285619, 19.733195454220976 ], [ -101.105315157611727, 19.733795700256636 ], [ -101.104690872629362, 19.734403832586587 ], [ -101.104185612838464, 19.735046204316262 ], [ -101.103954555122755, 19.735326270602055 ], [ -101.103888956662388, 19.735405783000289 ], [ -101.103715458159286, 19.735173587090213 ], [ -101.102937626725463, 19.73331024821924 ], [ -101.102942820385252, 19.733261102928207 ], [ -101.102947756781006, 19.733214388680256 ], [ -101.102100850792752, 19.733471049635948 ], [ -101.101099313093101, 19.730927128321795 ], [ -101.101317473437007, 19.73087087171303 ], [ -101.101662852379278, 19.730724246352747 ], [ -101.102520772946406, 19.730427187743643 ], [ -101.104038069338827, 19.729985352264908 ], [ -101.104448966860076, 19.729887067879968 ], [ -101.104687446065071, 19.729821335080675 ], [ -101.104951184455047, 19.729765342740372 ], [ -101.105234770536569, 19.729771813670126 ], [ -101.105414567915787, 19.729810683682899 ], [ -101.105630416193975, 19.729912673858671 ], [ -101.105818220204426, 19.730043272843503 ], [ -101.105974910799958, 19.730283994975206 ], [ -101.106153346597821, 19.730725019266217 ], [ -101.106491305941972, 19.731734910344869 ], [ -101.106512764213647, 19.732068172683874 ] ] ], [ [ [ -101.117304245925567, 19.741375170904625 ], [ -101.117095173446288, 19.741172802044691 ], [ -101.117050798448872, 19.741113463519909 ], [ -101.116949084030495, 19.740977443513479 ], [ -101.116839640894113, 19.740968953008391 ], [ -101.116684975654152, 19.740945157303415 ], [ -101.116545777275419, 19.74091660461557 ], [ -101.116418475504389, 19.740882101373728 ], [ -101.116188856690371, 19.740817857188979 ], [ -101.115404826434357, 19.740608463147627 ], [ -101.114949158951276, 19.740484732335343 ], [ -101.114513717727007, 19.740363378786853 ], [ -101.11407986803431, 19.740242627856215 ], [ -101.113915281831837, 19.740196818261804 ], [ -101.113691612948443, 19.74013733071671 ], [ -101.113486979306487, 19.740075463669594 ], [ -101.113209771594882, 19.739988613647377 ], [ -101.113045588818963, 19.739933887226218 ], [ -101.112875458087132, 19.739860123754159 ], [ -101.112732690796392, 19.739797068213672 ], [ -101.112545904086403, 19.739695940892528 ], [ -101.11240789447865, 19.739612660165431 ], [ -101.112318665311392, 19.739550793481143 ], [ -101.112185414566241, 19.739454425913991 ], [ -101.112070010729767, 19.739368765062228 ], [ -101.111929622590253, 19.739262878901719 ], [ -101.111642897515679, 19.739010654645355 ], [ -101.111451352230503, 19.738850043181781 ], [ -101.111275271460556, 19.738709655349801 ], [ -101.111150348907174, 19.738621614186545 ], [ -101.110996872768126, 19.738524055688956 ], [ -101.110873142210977, 19.738462190540044 ], [ -101.110736323354345, 19.738399133671972 ], [ -101.110547154667785, 19.738349164763147 ], [ -101.110356799340153, 19.738314663243486 ], [ -101.110241714180759, 19.738306323356134 ], [ -101.109928565269172, 19.738315386586958 ], [ -101.109639581454246, 19.738356852769837 ], [ -101.109337667027248, 19.738439007062492 ], [ -101.108992559957272, 19.738542488103288 ], [ -101.108756726987878, 19.738589061543063 ], [ -101.108543827205281, 19.738614186361254 ], [ -101.108280450056327, 19.738612636022133 ], [ -101.108022437418853, 19.73856555402709 ], [ -101.107787313044213, 19.738504219410977 ], [ -101.107670402321517, 19.738461968436319 ], [ -101.107679959418107, 19.73841206627911 ], [ -101.107722617789761, 19.738201937768956 ], [ -101.107945982860713, 19.738256092187466 ], [ -101.107819871407344, 19.737815296051618 ], [ -101.107881483682689, 19.737649718173891 ], [ -101.107991413671712, 19.737703969271372 ], [ -101.108132753781859, 19.737738234085679 ], [ -101.108284087225584, 19.737746799857508 ], [ -101.108423999651535, 19.737728240836706 ], [ -101.108612453943664, 19.737678271387299 ], [ -101.10880804611341, 19.737596894246821 ], [ -101.109223500347397, 19.73739701935283 ], [ -101.109704625721847, 19.737174302118724 ], [ -101.110021570892684, 19.737052950022438 ], [ -101.110259992406469, 19.73698013733544 ], [ -101.110531250795603, 19.736921603200088 ], [ -101.110788232155571, 19.736890192604267 ], [ -101.111256511325337, 19.736868778446382 ], [ -101.1117119387944, 19.736855930173778 ], [ -101.112847826134143, 19.736834192393669 ], [ -101.1120833687946, 19.736193916250865 ], [ -101.112633163663844, 19.736065864656968 ], [ -101.11287214489262, 19.736340883470568 ], [ -101.113514119622323, 19.735877534245645 ], [ -101.114533004492117, 19.735559163033216 ], [ -101.115587202355343, 19.736786273291571 ], [ -101.116853396014818, 19.736756299131113 ], [ -101.117027180451061, 19.736752186155307 ], [ -101.117100420163879, 19.736760927703997 ], [ -101.117076381062489, 19.736621462126809 ], [ -101.117093512744106, 19.736518670749412 ], [ -101.117040212947998, 19.73648726229013 ], [ -101.11684224272517, 19.736120823709594 ], [ -101.116709943244018, 19.735928562575133 ], [ -101.116621429276066, 19.735767712475916 ], [ -101.11657479009196, 19.735683003837522 ], [ -101.116560513049336, 19.735627085672107 ], [ -101.116575979879912, 19.735558081501246 ], [ -101.116640225135271, 19.735470040850466 ], [ -101.116674726728746, 19.735391518928296 ], [ -101.116696143125921, 19.735323704114052 ], [ -101.116709230826373, 19.735247562386686 ], [ -101.116715177681243, 19.735177367995973 ], [ -101.116712800316151, 19.735117881293096 ], [ -101.117079236728841, 19.735056312443831 ], [ -101.117321228215545, 19.735027759893871 ], [ -101.11750397055232, 19.735379919336616 ], [ -101.117593436713165, 19.735503651443441 ], [ -101.117793319246758, 19.735760659697263 ], [ -101.118152293600076, 19.736035935670934 ], [ -101.118180928798807, 19.736074472461858 ], [ -101.118796350167003, 19.736178027011345 ], [ -101.118819373372062, 19.736148315750157 ], [ -101.119256658232999, 19.736043229702265 ], [ -101.119284022029163, 19.735610168537985 ], [ -101.119299011466396, 19.735465496118469 ], [ -101.119367541419706, 19.735181389259864 ], [ -101.119574552607801, 19.735102867222327 ], [ -101.119891496710409, 19.735809566723322 ], [ -101.120694161151789, 19.735498928222196 ], [ -101.120668462899872, 19.735673104647116 ], [ -101.12065228180731, 19.735771138212179 ], [ -101.120621825255327, 19.73586536573244 ], [ -101.120582802706522, 19.735971013937839 ], [ -101.120515224835145, 19.736091891134201 ], [ -101.120455262576172, 19.736172791143726 ], [ -101.120383880155273, 19.736260355167904 ], [ -101.120273472354327, 19.736372667138163 ], [ -101.120147836868966, 19.736495445622516 ], [ -101.11997366058614, 19.736653442674758 ], [ -101.119562489003272, 19.737008458123327 ], [ -101.11921413675357, 19.737325402533259 ], [ -101.119097549915026, 19.737409317161724 ], [ -101.118981900348302, 19.73747768826707 ], [ -101.118850554084332, 19.737511951823535 ], [ -101.118735388631109, 19.73751100084349 ], [ -101.118692933222931, 19.737765671968592 ], [ -101.118597157318675, 19.737792275386486 ], [ -101.118408703724839, 19.737825588132107 ], [ -101.118354993386831, 19.737818956613481 ], [ -101.118378129099213, 19.737865447953599 ], [ -101.118402399628906, 19.737902567253187 ], [ -101.118565690870042, 19.737970427896208 ], [ -101.118712267076347, 19.738031342925595 ], [ -101.118786506337941, 19.738115100521124 ], [ -101.11887406920728, 19.738208374059713 ], [ -101.118986950285091, 19.738277661209946 ], [ -101.119135419686728, 19.738364350044545 ], [ -101.119177908984241, 19.738425172260992 ], [ -101.119286773354006, 19.738443204925627 ], [ -101.1192591545868, 19.738530004387517 ], [ -101.119094178619051, 19.739080850190501 ], [ -101.119000191688571, 19.739387799868634 ], [ -101.118934755206169, 19.739590053754107 ], [ -101.118897873827436, 19.739713786538662 ], [ -101.118859802571123, 19.739819672285321 ], [ -101.118809834531959, 19.739938645054171 ], [ -101.118753917095304, 19.740045721208862 ], [ -101.118667066640668, 19.740190867971794 ], [ -101.118583786440226, 19.740299133490787 ], [ -101.118527440003362, 19.740361062977122 ], [ -101.118571173621945, 19.74040690389737 ], [ -101.118623323930478, 19.740479437975779 ], [ -101.118643019879158, 19.740583762035534 ], [ -101.118559759220147, 19.740802231622439 ], [ -101.118256613179895, 19.741586789623934 ], [ -101.117977607034106, 19.741414536316636 ], [ -101.11790817321554, 19.74143427601674 ], [ -101.117709993835234, 19.741310116804868 ], [ -101.117448249820825, 19.74130184886981 ], [ -101.117416621385757, 19.74139617279419 ], [ -101.117304245925567, 19.741375170904625 ] ] ], [ [ [ -101.283487749020608, 19.655084850836051 ], [ -101.283527149204104, 19.654666521047304 ], [ -101.283923799876519, 19.654733150440592 ], [ -101.28405234985901, 19.654363251298207 ], [ -101.28497328022992, 19.654526319960397 ], [ -101.285057659171528, 19.654171060159229 ], [ -101.285128030113015, 19.653874220260871 ], [ -101.285617088886355, 19.653942709742545 ], [ -101.285866888702103, 19.65401017973981 ], [ -101.285890139583501, 19.6539362605394 ], [ -101.286337650122078, 19.653959321294135 ], [ -101.286736860086066, 19.653992020296489 ], [ -101.287151749544336, 19.654024551019333 ], [ -101.287569180023652, 19.654058879667613 ], [ -101.287194119628111, 19.655184569960198 ], [ -101.287445519481309, 19.655267279769664 ], [ -101.28721100019176, 19.655956689600888 ], [ -101.287005029852423, 19.656601880751488 ], [ -101.286750800241293, 19.656638861347037 ], [ -101.286364277347616, 19.65662241486319 ], [ -101.286283779830868, 19.656647060344373 ], [ -101.285886049865624, 19.656674570535259 ], [ -101.285443170204815, 19.656665290656846 ], [ -101.285823979701604, 19.655480179678747 ], [ -101.28543126004908, 19.655463821206808 ], [ -101.285048719167435, 19.656589921230776 ], [ -101.285025738597511, 19.656629750780404 ], [ -101.284621399180864, 19.657318051044069 ], [ -101.284284920418401, 19.657842050696921 ], [ -101.284100420135815, 19.65827278033041 ], [ -101.283942338625266, 19.658622179886724 ], [ -101.28380384936527, 19.658964400394922 ], [ -101.283455248593981, 19.658898909562769 ], [ -101.283274149628909, 19.65886000091918 ], [ -101.283151740171846, 19.658473540878383 ], [ -101.28311208879505, 19.658082950651476 ], [ -101.283111949764233, 19.65803823050949 ], [ -101.283061549560543, 19.65789249085876 ], [ -101.28297230978086, 19.65777816976945 ], [ -101.28291213974596, 19.657593139891109 ], [ -101.282934380108742, 19.657259060976756 ], [ -101.282863780330189, 19.656825220082549 ], [ -101.282945540371543, 19.656633630854387 ], [ -101.283017779658493, 19.656419280674754 ], [ -101.283076969457952, 19.656190660657362 ], [ -101.283301519147685, 19.655844060689699 ], [ -101.283487749020608, 19.655084850836051 ] ] ], [ [ [ -101.289223569580287, 19.676131829733173 ], [ -101.289219739880465, 19.676133450273323 ], [ -101.288887539853619, 19.676274489562115 ], [ -101.288601539129118, 19.676408429888465 ], [ -101.288014199722781, 19.675064310074152 ], [ -101.287450978809517, 19.673775400194589 ], [ -101.287049849029998, 19.672857379548187 ], [ -101.286766508880717, 19.672194540902609 ], [ -101.28706352014305, 19.672091029701718 ], [ -101.287431219707486, 19.671960661132665 ], [ -101.287959418791218, 19.671740000472337 ], [ -101.288232822207661, 19.671629934339009 ], [ -101.288441942202283, 19.672150751360835 ], [ -101.28839056729997, 19.672349549240241 ], [ -101.288976376675308, 19.672143692060253 ], [ -101.28927993450867, 19.672907621039062 ], [ -101.289256926954081, 19.672950673538075 ], [ -101.288743217479535, 19.673164063681217 ], [ -101.28934751871374, 19.674504880894631 ], [ -101.289247516959733, 19.67454523028502 ], [ -101.289459108733965, 19.675014864468807 ], [ -101.289835518965518, 19.675888950704451 ], [ -101.28957679890928, 19.675986049882425 ], [ -101.289223569580287, 19.676131829733173 ] ] ], [ [ [ -101.204529344840722, 19.65261556239324 ], [ -101.204092723140832, 19.652360063831587 ], [ -101.204381593433638, 19.651943885262256 ], [ -101.20472615632967, 19.652148249520582 ], [ -101.204845414433194, 19.651716068395771 ], [ -101.205851040522475, 19.651978289794457 ], [ -101.206918154892449, 19.652260241999983 ], [ -101.207022008826712, 19.651942516302331 ], [ -101.207162699248542, 19.651512102356509 ], [ -101.20829039630884, 19.651831456242071 ], [ -101.208564100486996, 19.651902037150418 ], [ -101.208795689867401, 19.652411061221574 ], [ -101.209058109819395, 19.652877000471907 ], [ -101.2090811199607, 19.65293622390951 ], [ -101.209192518022888, 19.653222931547067 ], [ -101.209243878585085, 19.653355119561677 ], [ -101.208949850383334, 19.653278800395679 ], [ -101.208583450131599, 19.653183970256922 ], [ -101.207969369288421, 19.653022400306817 ], [ -101.207915938738054, 19.6530105498681 ], [ -101.207383339008928, 19.652850940855782 ], [ -101.206950799370773, 19.652739710965502 ], [ -101.206856606339869, 19.652715898104123 ], [ -101.205723921859047, 19.652429534123367 ], [ -101.205699024537964, 19.652423239242886 ], [ -101.205563045827887, 19.652783726072677 ], [ -101.204529344840722, 19.65261556239324 ] ] ], [ [ [ -101.182899292493474, 19.647947430892259 ], [ -101.183836661560505, 19.648006000917796 ], [ -101.183849118729611, 19.647657076238975 ], [ -101.184330501000829, 19.647717504122973 ], [ -101.184378168487427, 19.647787295605568 ], [ -101.18450068004411, 19.64803732215109 ], [ -101.184875163619651, 19.648473333394886 ], [ -101.185022021728187, 19.648884140469569 ], [ -101.183798302639389, 19.648796379361293 ], [ -101.183775435281746, 19.649146700119896 ], [ -101.182752701538377, 19.649078222233044 ], [ -101.182813978432463, 19.648723855108035 ], [ -101.182857558120844, 19.648351478062377 ], [ -101.182899292493474, 19.647947430892259 ] ] ], [ [ [ -101.171450628588872, 19.647764987392236 ], [ -101.171742989987138, 19.647631108457293 ], [ -101.17202462225967, 19.647441654217499 ], [ -101.172266020463056, 19.647229464956286 ], [ -101.172477915193383, 19.646931391356897 ], [ -101.17263616512065, 19.646549956953695 ], [ -101.172732724097699, 19.646148311670615 ], [ -101.172810369150596, 19.646117298657654 ], [ -101.172893378726513, 19.646141859914682 ], [ -101.173068961534767, 19.646720943353237 ], [ -101.173029590297759, 19.646848900903532 ], [ -101.17294193690006, 19.647037486524535 ], [ -101.172752318724562, 19.647404101612082 ], [ -101.17288761779416, 19.648180364360137 ], [ -101.1715932984185, 19.648592875044578 ], [ -101.171133903148018, 19.649066636651629 ], [ -101.171089039739641, 19.649112902790524 ], [ -101.171020913447364, 19.649078960847802 ], [ -101.170993615139878, 19.648990094228065 ], [ -101.170993995487379, 19.648927755260281 ], [ -101.171020810812422, 19.64868093222659 ], [ -101.171032133171934, 19.648484377714777 ], [ -101.171027890461929, 19.648350079922619 ], [ -101.170930594811878, 19.648119362694047 ], [ -101.170847927204605, 19.647979839604517 ], [ -101.170820527763752, 19.647907756924852 ], [ -101.170888914052384, 19.647902434885577 ], [ -101.171043489078826, 19.647880627295564 ], [ -101.171219958522343, 19.647840769358744 ], [ -101.171450628588872, 19.647764987392236 ] ] ], [ [ [ -101.295171153386121, 19.686191920949309 ], [ -101.295256648571652, 19.686194446817591 ], [ -101.295112479114266, 19.68632703182298 ], [ -101.294519711346055, 19.686311878829223 ], [ -101.293971870633115, 19.68630872357766 ], [ -101.293145079595462, 19.686310617335604 ], [ -101.292761522696637, 19.686333346337818 ], [ -101.29247989230727, 19.686409108889919 ], [ -101.292410155164561, 19.684431681050686 ], [ -101.29272129002922, 19.684580682423761 ], [ -101.293751644842857, 19.684915055406162 ], [ -101.294055688760039, 19.685025164759608 ], [ -101.294576708118612, 19.685214572547604 ], [ -101.29455601647885, 19.685431943513503 ], [ -101.295832652222487, 19.685666629162785 ], [ -101.29557381948446, 19.685883817990796 ], [ -101.295171153386121, 19.686191920949309 ] ] ], [ [ [ -101.234795006070726, 19.627267597698509 ], [ -101.234738669709785, 19.62772287474467 ], [ -101.238792674792364, 19.627924107090099 ], [ -101.238959859734763, 19.628334994276457 ], [ -101.239228426450509, 19.628995042451148 ], [ -101.239397791492777, 19.629411278184691 ], [ -101.239626184964436, 19.629972584182799 ], [ -101.239594559122537, 19.629995999658789 ], [ -101.238603027895991, 19.630729318518707 ], [ -101.233657768301413, 19.630474624498181 ], [ -101.233677148694525, 19.630078192268464 ], [ -101.232537814633929, 19.629989972005813 ], [ -101.232248329444388, 19.629879360842335 ], [ -101.232124092367926, 19.629743020860001 ], [ -101.232003010462833, 19.629675270305846 ], [ -101.231897777201695, 19.629668981843412 ], [ -101.231235687510505, 19.630041209883338 ], [ -101.230434123049633, 19.630403330459373 ], [ -101.227066683295433, 19.624524466895945 ], [ -101.229604723590484, 19.623113897443417 ], [ -101.230456795339506, 19.623174295736234 ], [ -101.231357793514377, 19.62369905594872 ], [ -101.232271001685731, 19.625199308056533 ], [ -101.23273092517492, 19.624955646768836 ], [ -101.233256137077049, 19.62590261199087 ], [ -101.233843174304923, 19.625611157502036 ], [ -101.234795006070726, 19.627267597698509 ] ] ], [ [ [ -101.166916744374078, 19.670486921881647 ], [ -101.166420132719068, 19.667820252517142 ], [ -101.16506770995781, 19.667996676088247 ], [ -101.165008406014138, 19.667594895463932 ], [ -101.165936154624148, 19.666738482502833 ], [ -101.167268921403817, 19.667731693217412 ], [ -101.168204851953305, 19.668377773782939 ], [ -101.168985013009504, 19.668908078755273 ], [ -101.170880971390673, 19.670145577815962 ], [ -101.170662605684086, 19.670526453294908 ], [ -101.170467592106476, 19.670322881376247 ], [ -101.170123322078439, 19.670382739944401 ], [ -101.169607390749064, 19.670543626771494 ], [ -101.168506625566195, 19.671183748348906 ], [ -101.168162800251224, 19.671039850604707 ], [ -101.167690227663883, 19.670895951263461 ], [ -101.166916744374078, 19.670486921881647 ] ] ], [ [ [ -101.283384659074812, 19.647556251148707 ], [ -101.283100479426381, 19.647821200489293 ], [ -101.282654550265605, 19.648101880060192 ], [ -101.282396488936683, 19.648434651323623 ], [ -101.282165649900563, 19.648833289610856 ], [ -101.281542279182673, 19.649320201213772 ], [ -101.281068090133843, 19.649514630179645 ], [ -101.280610479285968, 19.649784111163708 ], [ -101.280397648984859, 19.649924021059014 ], [ -101.280291320428546, 19.650021479663259 ], [ -101.280153903268996, 19.650031251620945 ], [ -101.280079539296736, 19.650036540213833 ], [ -101.27994002439489, 19.650416153212497 ], [ -101.279823488397312, 19.651796442754943 ], [ -101.279780841271062, 19.652316423937844 ], [ -101.279724649115494, 19.652878189230155 ], [ -101.27978268375486, 19.652881604552935 ], [ -101.279644686034601, 19.654114281371061 ], [ -101.279588175252528, 19.65486976047028 ], [ -101.279586121057363, 19.655139551189304 ], [ -101.280752057976571, 19.654977746920352 ], [ -101.281104217842824, 19.65543222461163 ], [ -101.279545671423961, 19.655717759723693 ], [ -101.279520597530251, 19.65544816779477 ], [ -101.279513457731866, 19.654952762698358 ], [ -101.279597688364191, 19.653942642509023 ], [ -101.279502840843705, 19.653930785195993 ], [ -101.278910369667997, 19.653940718676331 ], [ -101.277899796752763, 19.653960290401539 ], [ -101.27726186406295, 19.653966002247323 ], [ -101.276247261709599, 19.653981230005709 ], [ -101.275172221129964, 19.653985513285743 ], [ -101.275167937599591, 19.653912701793683 ], [ -101.275156129722163, 19.653722954821077 ], [ -101.27509896194664, 19.652942389299955 ], [ -101.274806260164169, 19.652939977874201 ], [ -101.274960450207558, 19.652271823681669 ], [ -101.274989002861389, 19.652096695814226 ], [ -101.274990276814009, 19.651795921601803 ], [ -101.276094202223234, 19.651122960235849 ], [ -101.276089265661525, 19.65103260112279 ], [ -101.276275596211647, 19.6508789659798 ], [ -101.276526133980582, 19.650792276701754 ], [ -101.277134325107639, 19.650436783707427 ], [ -101.277150839194192, 19.650783438181502 ], [ -101.277597570940117, 19.650773015655108 ], [ -101.277513135596294, 19.649915206367009 ], [ -101.278006159049482, 19.649785764719972 ], [ -101.2786038808607, 19.64976863179449 ], [ -101.278922253190814, 19.649712000937487 ], [ -101.278966182441948, 19.649648469201406 ], [ -101.278989976924763, 19.649539013237078 ], [ -101.279047084250124, 19.649393867085028 ], [ -101.279111440108238, 19.649272536873028 ], [ -101.279125000161784, 19.649204749815961 ], [ -101.279104191360005, 19.649129746777412 ], [ -101.279049465162188, 19.649070260077856 ], [ -101.278904316760588, 19.648982220388618 ], [ -101.278561675342559, 19.648863246756601 ], [ -101.278338005422668, 19.648729997258222 ], [ -101.278247585609591, 19.648665750957019 ], [ -101.278169063461732, 19.648656232652723 ], [ -101.278054849796135, 19.64865623355605 ], [ -101.277945395221408, 19.648696684196231 ], [ -101.277840696859428, 19.648744273203054 ], [ -101.277771693932579, 19.648770447748099 ], [ -101.2777145856695, 19.648775206692157 ], [ -101.27714589553635, 19.648553917511123 ], [ -101.27702692249018, 19.648480152804471 ], [ -101.277063282624013, 19.648387044125361 ], [ -101.277407637095138, 19.648275521336227 ], [ -101.277517090807379, 19.648263622912737 ], [ -101.277628925789713, 19.648225551044341 ], [ -101.277719503606278, 19.648155596043395 ], [ -101.278013194001488, 19.647733115224337 ], [ -101.279409348823421, 19.645724672289109 ], [ -101.279301649329341, 19.645232770075733 ], [ -101.28005394913599, 19.645235280504995 ], [ -101.280843519247085, 19.645250379629115 ], [ -101.281446948877473, 19.645276919552938 ], [ -101.282171769975449, 19.645314180731777 ], [ -101.283043297686064, 19.645362254135023 ], [ -101.283832959327469, 19.645444018591697 ], [ -101.283824313704429, 19.645779495377028 ], [ -101.283831762767505, 19.646120021826164 ], [ -101.283886891967583, 19.646773288200674 ], [ -101.283294940385019, 19.646870421557633 ], [ -101.283026443008922, 19.646914478969176 ], [ -101.283065847951363, 19.647120871620686 ], [ -101.283063455445586, 19.647179103879868 ], [ -101.283782194562207, 19.646985966894274 ], [ -101.28371919992243, 19.647031709991516 ], [ -101.283557518601242, 19.647329950998824 ], [ -101.283384659074812, 19.647556251148707 ] ] ], [ [ [ -101.270294179901228, 19.66619342011402 ], [ -101.270279509632488, 19.667046709715102 ], [ -101.27035822961308, 19.667093059669931 ], [ -101.270677800454834, 19.666713570273927 ], [ -101.270964260221731, 19.666384680077599 ], [ -101.271193380332221, 19.666230249590761 ], [ -101.271375090106744, 19.666107769794895 ], [ -101.272451080037044, 19.665382509678984 ], [ -101.272693860450531, 19.665218850052636 ], [ -101.272970280189952, 19.665032520449206 ], [ -101.272985719986337, 19.665022111089499 ], [ -101.27542169793341, 19.664663342282537 ], [ -101.275453101052506, 19.664851017439155 ], [ -101.275581957541647, 19.665132175583238 ], [ -101.275594946392161, 19.665164607182099 ], [ -101.275979805849062, 19.666090297423811 ], [ -101.275834702561596, 19.666134693963727 ], [ -101.275859449102342, 19.666274269000692 ], [ -101.275884055833885, 19.666485137288042 ], [ -101.274017691689295, 19.666763441138201 ], [ -101.273900830148307, 19.666929709929217 ], [ -101.273830649558661, 19.666966719978262 ], [ -101.272433599712315, 19.667730769576977 ], [ -101.271742999636402, 19.6681084498105 ], [ -101.271118600472462, 19.668457579796296 ], [ -101.270474919607778, 19.668814769821427 ], [ -101.269578799977211, 19.669313909665664 ], [ -101.268158879821726, 19.670104779936764 ], [ -101.26797073201061, 19.66994544606964 ], [ -101.26792098327256, 19.667345457650413 ], [ -101.267777513893307, 19.667349366701568 ], [ -101.267681535405089, 19.666281215095889 ], [ -101.267569555094369, 19.666351303936946 ], [ -101.267022281175031, 19.666691228534877 ], [ -101.266675095170697, 19.666861229490749 ], [ -101.266611525272737, 19.666861713629061 ], [ -101.266305527045475, 19.666528974143343 ], [ -101.266277068792562, 19.666508264309375 ], [ -101.266101901505081, 19.666128634689219 ], [ -101.265703213498753, 19.666491009287707 ], [ -101.265663944160039, 19.665661227117333 ], [ -101.265663529444495, 19.665660784667772 ], [ -101.266365891615692, 19.665240571857446 ], [ -101.266717101376898, 19.665586725692446 ], [ -101.267597347174799, 19.664811334614441 ], [ -101.26742561948673, 19.664647271786645 ], [ -101.267903953884229, 19.664379465105458 ], [ -101.267907174275578, 19.665090977689133 ], [ -101.26790470600055, 19.665737932775816 ], [ -101.267898170775055, 19.666153227093346 ], [ -101.268004630281737, 19.666111459784894 ], [ -101.268829739834914, 19.665656860193678 ], [ -101.269034249695537, 19.665551200121055 ], [ -101.269123880356133, 19.665506280424893 ], [ -101.270316520469905, 19.664894479706348 ], [ -101.270294179901228, 19.66619342011402 ] ] ], [ [ [ -101.268132629568541, 19.679270221131041 ], [ -101.268290566398434, 19.679274820680408 ], [ -101.268379495641838, 19.679307861419883 ], [ -101.268454113691703, 19.679365769724388 ], [ -101.268865260489562, 19.679952679470574 ], [ -101.268370441435749, 19.680148750360303 ], [ -101.267460425282678, 19.68050933588372 ], [ -101.26688106824507, 19.680746735598035 ], [ -101.266197104002558, 19.680974032502512 ], [ -101.264772851484608, 19.681792300288656 ], [ -101.26487316150579, 19.681225787340473 ], [ -101.265007177213576, 19.680435153038296 ], [ -101.265058414211822, 19.680223291317741 ], [ -101.265062201657145, 19.680207626786778 ], [ -101.265217898264993, 19.680088490853535 ], [ -101.265474833390044, 19.679972842957309 ], [ -101.265900055640529, 19.679750108991442 ], [ -101.266249076241365, 19.679574960508127 ], [ -101.266984332379593, 19.679276873649187 ], [ -101.267205615448745, 19.679160699599194 ], [ -101.267422873405067, 19.679126604205045 ], [ -101.267803748332895, 19.679122815017838 ], [ -101.267896353975743, 19.679146310013007 ], [ -101.267946764577744, 19.679186837181092 ], [ -101.26800322982578, 19.679231229820768 ], [ -101.268132629568541, 19.679270221131041 ] ] ], [ [ [ -101.268412271405239, 19.682419619707375 ], [ -101.267649181716038, 19.68291651104062 ], [ -101.26754994096575, 19.68264123263409 ], [ -101.267332681932189, 19.681983341031628 ], [ -101.268089065306938, 19.681811605821711 ], [ -101.269332269343849, 19.681530010279971 ], [ -101.269383058089346, 19.681702207580546 ], [ -101.269407370096303, 19.681783824510795 ], [ -101.269342997364376, 19.681841911876226 ], [ -101.268412271405239, 19.682419619707375 ] ] ], [ [ [ -101.250623330552926, 19.680595810344734 ], [ -101.250614813747774, 19.680409809721542 ], [ -101.250258218851215, 19.680440720703665 ], [ -101.249841570124204, 19.68047006092889 ], [ -101.249613629533513, 19.680364250504233 ], [ -101.24939322956115, 19.680230569588968 ], [ -101.249242888793191, 19.680090261150173 ], [ -101.249263340132359, 19.67972402116979 ], [ -101.249449919554266, 19.679309740951219 ], [ -101.249607289409042, 19.679012280204876 ], [ -101.249668518686235, 19.678880569946116 ], [ -101.24978013972428, 19.678676910946141 ], [ -101.249846860304558, 19.67850538126287 ], [ -101.249960970058027, 19.678141289642223 ], [ -101.250011510147417, 19.677843480858794 ], [ -101.250090889369901, 19.677466120047445 ], [ -101.250247909844106, 19.676937310444448 ], [ -101.250321719534938, 19.676851581005582 ], [ -101.250635289337495, 19.676473491048895 ], [ -101.250838220021222, 19.676266080451665 ], [ -101.251039180363392, 19.676152169759781 ], [ -101.251327319916939, 19.675893581164249 ], [ -101.25152481958051, 19.675656751067052 ], [ -101.251596000415233, 19.67554221984723 ], [ -101.251690739276256, 19.67527076998784 ], [ -101.251780420126181, 19.675035860949507 ], [ -101.251932290325954, 19.674769650651989 ], [ -101.252045908985522, 19.674591180289354 ], [ -101.252151370043109, 19.674437430415594 ], [ -101.252224060333134, 19.674175340238143 ], [ -101.252227119136023, 19.674081280160795 ], [ -101.252198940151743, 19.67396683084856 ], [ -101.251885890371909, 19.673450019793005 ], [ -101.251577949358762, 19.672850649903975 ], [ -101.251536170418419, 19.672766079783546 ], [ -101.251496689280771, 19.672576679631796 ], [ -101.251534459392872, 19.672343481344502 ], [ -101.25163254874397, 19.672112970163699 ], [ -101.251719549297462, 19.671941200347934 ], [ -101.251886932454497, 19.671533503015933 ], [ -101.252049688108954, 19.671108056435301 ], [ -101.252046317226871, 19.671037752324551 ], [ -101.252092366543152, 19.670949260910145 ], [ -101.252143401256248, 19.670875181844355 ], [ -101.252247562562744, 19.670806159258209 ], [ -101.252554500748403, 19.670687784402656 ], [ -101.25287389360804, 19.670605437900132 ], [ -101.252930656030273, 19.670604862490883 ], [ -101.253015629303945, 19.670608535215376 ], [ -101.253266680586876, 19.670525848881898 ], [ -101.253499667211443, 19.670456030721578 ], [ -101.25381657382016, 19.670217021849787 ], [ -101.25418860493923, 19.669768067098328 ], [ -101.254340981085022, 19.669586231661476 ], [ -101.254559042071122, 19.669326011283172 ], [ -101.254598824516009, 19.66927853723594 ], [ -101.254687024449851, 19.66911819006123 ], [ -101.254820106191829, 19.668876248924345 ], [ -101.255007903520195, 19.668534834640006 ], [ -101.254998531553952, 19.668411013238103 ], [ -101.254993742096119, 19.668347735855825 ], [ -101.255195926341955, 19.668142343985604 ], [ -101.255181303663903, 19.668039165744396 ], [ -101.255161475677582, 19.667962339322866 ], [ -101.255199693276182, 19.66791696996723 ], [ -101.255510242336626, 19.667599588603402 ], [ -101.255932519634243, 19.667446914539426 ], [ -101.256821517214277, 19.667355189195266 ], [ -101.257271150076548, 19.667308795131099 ], [ -101.25729303407833, 19.66790502499914 ], [ -101.257714346331696, 19.667893412222814 ], [ -101.257764599018984, 19.669119533998742 ], [ -101.257776011257832, 19.669347382522201 ], [ -101.257873594826904, 19.669393119253524 ], [ -101.258390446516572, 19.669236497185086 ], [ -101.259138225133597, 19.669042339133227 ], [ -101.259524785699938, 19.668942323731425 ], [ -101.259848198702912, 19.668818020981348 ], [ -101.260314819764204, 19.668541555784994 ], [ -101.260885879768026, 19.668016540697405 ], [ -101.261097949283567, 19.667950861092891 ], [ -101.261496343654244, 19.667822967820651 ], [ -101.261654538771268, 19.667776150219751 ], [ -101.262072618988384, 19.667702451151197 ], [ -101.262415149839498, 19.667667830279143 ], [ -101.262624451595983, 19.667778015257049 ], [ -101.262773930239163, 19.668312051632451 ], [ -101.263194313706819, 19.668181823096514 ], [ -101.263644786774535, 19.668118171770068 ], [ -101.26369264360244, 19.668829971492706 ], [ -101.263371773410356, 19.668934824843657 ], [ -101.262935569182901, 19.669138180578038 ], [ -101.262457229236517, 19.669312230009453 ], [ -101.261842418792355, 19.669563867775441 ], [ -101.261268049481586, 19.669787350977344 ], [ -101.260951848574805, 19.669926150494309 ], [ -101.261005380037332, 19.670208889808624 ], [ -101.261398428897607, 19.671847140648012 ], [ -101.261920105840815, 19.671701410162495 ], [ -101.26269565841821, 19.671467071778775 ], [ -101.263640737033526, 19.671140187930565 ], [ -101.263792546062589, 19.671104021620636 ], [ -101.263985282640959, 19.671015980641464 ], [ -101.263935314345289, 19.670528191910726 ], [ -101.264881028625709, 19.67050463296826 ], [ -101.26574132390212, 19.670492498646549 ], [ -101.265737350561992, 19.670961434198389 ], [ -101.265362990185977, 19.670966012722428 ], [ -101.265360619520735, 19.671793290214666 ], [ -101.265982891652996, 19.671785714193138 ], [ -101.265996892300734, 19.672361536334396 ], [ -101.265362845106495, 19.672370360307319 ], [ -101.265306134684266, 19.671795443726062 ], [ -101.264724616243555, 19.671818430944136 ], [ -101.263711168123123, 19.672101490788787 ], [ -101.26372005027649, 19.672291075905193 ], [ -101.262778300565628, 19.672370488784537 ], [ -101.262853350242438, 19.672987399564381 ], [ -101.262880029938188, 19.6733163100117 ], [ -101.262492671475357, 19.673448860753069 ], [ -101.262300440364299, 19.674670857616352 ], [ -101.262049858813882, 19.674664749030583 ], [ -101.262049912507337, 19.674664199192588 ], [ -101.262104100912936, 19.674107569537622 ], [ -101.26130317575246, 19.674070646240306 ], [ -101.261208666416977, 19.67355272027282 ], [ -101.261207924094037, 19.673548656611349 ], [ -101.261263327129981, 19.673540886617854 ], [ -101.261209284057287, 19.672830081884072 ], [ -101.261099586851074, 19.67192135677298 ], [ -101.259694648566523, 19.672208490800369 ], [ -101.259696049937133, 19.674223880604611 ], [ -101.259545760401835, 19.674717657154684 ], [ -101.259374939792821, 19.675278889663925 ], [ -101.258624674040391, 19.675424676447403 ], [ -101.258628938056106, 19.675868781447704 ], [ -101.258636067434935, 19.676531878854632 ], [ -101.258641320344751, 19.677158399849521 ], [ -101.25865244527445, 19.677858311987215 ], [ -101.258652998912382, 19.677893260197159 ], [ -101.258235219298172, 19.678036179868169 ], [ -101.257289280027905, 19.678333250405569 ], [ -101.256411980345717, 19.678603380970202 ], [ -101.256029109454616, 19.678730720690773 ], [ -101.255832652299361, 19.678771925514038 ], [ -101.255829424774703, 19.67913021564566 ], [ -101.255880820197802, 19.679392909710277 ], [ -101.255827520990394, 19.679981112648711 ], [ -101.255619281251782, 19.680086750984703 ], [ -101.255169707594106, 19.680312761231754 ], [ -101.254292089573994, 19.680760481298382 ], [ -101.254192419326969, 19.680807050957593 ], [ -101.254367279117801, 19.681216400713627 ], [ -101.251876593346054, 19.6811276059397 ], [ -101.251910534299384, 19.682769083028493 ], [ -101.251990188872099, 19.682772206236706 ], [ -101.25295580124552, 19.682810050426625 ], [ -101.252909820265501, 19.684096010564446 ], [ -101.250642969256134, 19.68504860106589 ], [ -101.250595289415173, 19.682737080314372 ], [ -101.250629970278609, 19.681104057255371 ], [ -101.250619017783734, 19.680763290494095 ], [ -101.250623330552926, 19.680595810344734 ] ] ], [ [ [ -101.279424169251385, 19.631322599867609 ], [ -101.279374940685031, 19.631347023693799 ], [ -101.279155943866343, 19.631319126965177 ], [ -101.278687104933709, 19.63125790957081 ], [ -101.278328862807186, 19.631205648612529 ], [ -101.277973811025987, 19.631153852416631 ], [ -101.277596273262432, 19.631098774499424 ], [ -101.277523563888764, 19.631066777813583 ], [ -101.277462628461123, 19.630978055512355 ], [ -101.277452746511429, 19.630945353695417 ], [ -101.277443709779973, 19.630660160175889 ], [ -101.277659170979362, 19.630649418608311 ], [ -101.278030082086758, 19.630630926113241 ], [ -101.278414707010427, 19.630611748646054 ], [ -101.278803471318696, 19.630597776206319 ], [ -101.279110107837781, 19.630583066377024 ], [ -101.279362196940738, 19.630572295648271 ], [ -101.279249349621864, 19.629099649576286 ], [ -101.278013456571841, 19.629177319845976 ], [ -101.27749890040019, 19.6290761921701 ], [ -101.277628288777748, 19.628819710908456 ], [ -101.278111610457586, 19.627957846430135 ], [ -101.278209764006746, 19.627556312335546 ], [ -101.279032200139767, 19.627486341139122 ], [ -101.279249179334627, 19.627439966820809 ], [ -101.279409792691723, 19.62734478884687 ], [ -101.28010578443083, 19.627279353488031 ], [ -101.280154271240463, 19.627281632134974 ], [ -101.280165677891631, 19.627408976831543 ], [ -101.280184789048789, 19.627622316232117 ], [ -101.280216258931489, 19.627973596809586 ], [ -101.280245738879302, 19.628301188650941 ], [ -101.28027837342556, 19.628630182109156 ], [ -101.280299194175782, 19.628859205614276 ], [ -101.28031820499281, 19.629068454189287 ], [ -101.280348592035978, 19.629402921631286 ], [ -101.2803798360939, 19.629746796160195 ], [ -101.28039828495325, 19.629949872726904 ], [ -101.280418181851857, 19.63016884944793 ], [ -101.280449071911221, 19.630508840323181 ], [ -101.280540631392711, 19.631516578043396 ], [ -101.28096894949752, 19.631581709640944 ], [ -101.281051035719614, 19.631517007725371 ], [ -101.281250911134762, 19.631555079275071 ], [ -101.281357988159954, 19.631581253596906 ], [ -101.281386118619679, 19.631653230309784 ], [ -101.282532249040088, 19.632038109967258 ], [ -101.282636020130496, 19.632015219556823 ], [ -101.283073980025151, 19.631918580179423 ], [ -101.28359708000572, 19.631803179645757 ], [ -101.283853819912935, 19.631877029772269 ], [ -101.283894369864328, 19.631656290161203 ], [ -101.284693860171458, 19.631626820393731 ], [ -101.284923889550114, 19.63161590985333 ], [ -101.285292939986093, 19.631599429734514 ], [ -101.285636689772048, 19.6315851700734 ], [ -101.28583403042613, 19.631579320063736 ], [ -101.286173060354827, 19.63156956981803 ], [ -101.286738399635368, 19.631543290274536 ], [ -101.287060320371339, 19.631531259841282 ], [ -101.287242569678128, 19.631523720221249 ], [ -101.287438310374725, 19.631513980162381 ], [ -101.287873893156103, 19.631513901375875 ], [ -101.287923861341397, 19.631599561984444 ], [ -101.288005952590893, 19.631688791943208 ], [ -101.288234380915952, 19.631845836351989 ], [ -101.288441394379603, 19.63195648108168 ], [ -101.288530623731944, 19.632213462707483 ], [ -101.288548798721862, 19.632317969880663 ], [ -101.289028910358496, 19.632059481343592 ], [ -101.289302768788886, 19.631861250807013 ], [ -101.28960465907771, 19.631619520618649 ], [ -101.289752979128139, 19.631445820482536 ], [ -101.289954880152365, 19.631310090176793 ], [ -101.290281878879711, 19.63115792022257 ], [ -101.290592419501579, 19.631041881271617 ], [ -101.290990119885493, 19.631034430577447 ], [ -101.290977539887663, 19.630776551067914 ], [ -101.290967708629623, 19.630575139996036 ], [ -101.291948533881438, 19.630568579395977 ], [ -101.291468439782122, 19.629384005238073 ], [ -101.291200441232704, 19.628722738459874 ], [ -101.290916768914457, 19.628022796218591 ], [ -101.29039378522738, 19.626732348219033 ], [ -101.290618379806617, 19.626725178020486 ], [ -101.290995700289855, 19.626713131634371 ], [ -101.291359994383214, 19.626701500895805 ], [ -101.291754710580008, 19.626688896993439 ], [ -101.291976287095878, 19.626681821216732 ], [ -101.293767896488234, 19.626571771038993 ], [ -101.294690683705497, 19.626515080316999 ], [ -101.294735396997012, 19.626702475091523 ], [ -101.294873978412653, 19.62731972184427 ], [ -101.294994832634245, 19.627850256763171 ], [ -101.295052487849333, 19.628144584554953 ], [ -101.295203982738315, 19.628858085891427 ], [ -101.295352286095977, 19.629601586615305 ], [ -101.295421292006907, 19.629975163679919 ], [ -101.295495055023267, 19.630313047198975 ], [ -101.295564057615778, 19.630634274132557 ], [ -101.29586551314074, 19.630495541257496 ], [ -101.296177392260361, 19.630422321351379 ], [ -101.296397322469886, 19.630370620168563 ], [ -101.297013164299457, 19.630200439607421 ], [ -101.297091434701827, 19.630571510871299 ], [ -101.297137162303684, 19.63073215438056 ], [ -101.296957452447927, 19.632255514178617 ], [ -101.293856819285992, 19.63179825387266 ], [ -101.293761147316005, 19.631339007634711 ], [ -101.292757819808102, 19.631441459620621 ], [ -101.291409369915016, 19.631792280791885 ], [ -101.291017258715272, 19.631943800329079 ], [ -101.290995490745303, 19.632048951982743 ], [ -101.291198420061804, 19.632152051304939 ], [ -101.291107348728602, 19.632321091279113 ], [ -101.291016279034352, 19.632490140299698 ], [ -101.290554489757469, 19.632308490960352 ], [ -101.290483520296405, 19.63242212072927 ], [ -101.290030600016777, 19.632601829792112 ], [ -101.28995230863012, 19.632430430084426 ], [ -101.28963364888007, 19.632589110897854 ], [ -101.289333779520575, 19.632828431285681 ], [ -101.289051079406789, 19.633076460807864 ], [ -101.288775029162736, 19.633120221201541 ], [ -101.288730829814511, 19.633364614826622 ], [ -101.288669750209323, 19.633702349566533 ], [ -101.288492150261831, 19.633676449715413 ], [ -101.288250459547214, 19.633641179762797 ], [ -101.288001949829038, 19.633604940318605 ], [ -101.287759319866169, 19.633569540106855 ], [ -101.287446909803691, 19.633523970394684 ], [ -101.285658829649989, 19.633353910048385 ], [ -101.285430880254268, 19.633319400049768 ], [ -101.285254520322511, 19.63329271022312 ], [ -101.28508305963004, 19.633268510060713 ], [ -101.284746140079534, 19.633218110301971 ], [ -101.284507339651682, 19.633183550358964 ], [ -101.284279679954949, 19.633150620446408 ], [ -101.283936920313806, 19.633101980152688 ], [ -101.283567229960937, 19.63304528038794 ], [ -101.28332927985285, 19.633006290295604 ], [ -101.283002519713563, 19.632953749870214 ], [ -101.282645350176921, 19.632912939725259 ], [ -101.282402719045265, 19.632884770721123 ], [ -101.281309440994491, 19.6327131130776 ], [ -101.279221814834145, 19.632385330197284 ], [ -101.279424169251385, 19.631322599867609 ] ] ], [ [ [ -101.216695298523163, 19.643455856967819 ], [ -101.216486085891788, 19.643592265890625 ], [ -101.216158857339209, 19.642564136246975 ], [ -101.217052030901485, 19.641993231578642 ], [ -101.217202234766219, 19.642187744117539 ], [ -101.21801762769374, 19.641626940408557 ], [ -101.21847092041665, 19.642175112811852 ], [ -101.218547364010448, 19.642130904620743 ], [ -101.218790102636675, 19.642233213090034 ], [ -101.219031501727443, 19.642283735887535 ], [ -101.219388235221146, 19.642263527336429 ], [ -101.220064152739454, 19.642503508565557 ], [ -101.220029283797132, 19.643049151728864 ], [ -101.219575990804785, 19.643185563043083 ], [ -101.219782519913224, 19.64401159931673 ], [ -101.217682350633879, 19.643779199094702 ], [ -101.217660894174685, 19.643556901927827 ], [ -101.216695298523163, 19.643455856967819 ] ] ], [ [ [ -101.198894455151219, 19.643535252255401 ], [ -101.198943369839071, 19.643903800359194 ], [ -101.199005460132199, 19.644371610950245 ], [ -101.199033930089115, 19.644586111116084 ], [ -101.198663785470245, 19.644636632119575 ], [ -101.198282911271349, 19.644717466903703 ], [ -101.197918132196733, 19.644793249489336 ], [ -101.197923496429325, 19.644990284038027 ], [ -101.197959182623791, 19.645238998683727 ], [ -101.197977139243903, 19.645364145052714 ], [ -101.198003360682762, 19.645508511138676 ], [ -101.198046878511349, 19.645748108984623 ], [ -101.197553309834746, 19.645808577289721 ], [ -101.197233786902416, 19.645847721728074 ], [ -101.19672723179724, 19.645909778703338 ], [ -101.196662857169542, 19.645556127085282 ], [ -101.196603848688099, 19.645187319193489 ], [ -101.197570019498002, 19.645021877925725 ], [ -101.197843029338344, 19.644975127735911 ], [ -101.197774264213081, 19.644319404342287 ], [ -101.197714283367191, 19.643747445681665 ], [ -101.198100522374759, 19.643661556879358 ], [ -101.198481396146846, 19.64359587848687 ], [ -101.198894455151219, 19.643535252255401 ] ] ], [ [ [ -101.24384270592779, 19.683575904209874 ], [ -101.243713959466277, 19.683060705456587 ], [ -101.244228944465078, 19.682596015886194 ], [ -101.245194538218186, 19.682899074448404 ], [ -101.245848997457713, 19.683131418416146 ], [ -101.246342525005119, 19.682686933308347 ], [ -101.246546372599198, 19.682505097414424 ], [ -101.247511967823641, 19.681707037065237 ], [ -101.247147188131549, 19.681494895521045 ], [ -101.246750220445691, 19.681343363625086 ], [ -101.246310338630877, 19.68115142599266 ], [ -101.245934828540882, 19.681050403534535 ], [ -101.246718033718551, 19.680434176819944 ], [ -101.247179374645967, 19.680656422048454 ], [ -101.247501239304484, 19.680858464512102 ], [ -101.247823104920371, 19.681060506334148 ], [ -101.248166427116971, 19.681242342809323 ], [ -101.248413190957848, 19.681403977090614 ], [ -101.248466833620682, 19.681504996646179 ], [ -101.248810156759774, 19.681242344191588 ], [ -101.249056920916757, 19.681030200522539 ], [ -101.249400242694193, 19.680737239518368 ], [ -101.249550446950906, 19.680666524992255 ], [ -101.249818667127016, 19.680727136630644 ], [ -101.250043972662567, 19.68070693376114 ], [ -101.250312193784296, 19.680666524882614 ], [ -101.250505313073802, 19.68057560554255 ], [ -101.250618857081236, 19.680595044159979 ], [ -101.250623330552926, 19.680595810344734 ], [ -101.250619495767609, 19.680653573967163 ], [ -101.250612601375735, 19.680757444134919 ], [ -101.249990328704911, 19.681242343851544 ], [ -101.249647006330704, 19.68155550703035 ], [ -101.249346599240141, 19.681767650472608 ], [ -101.249067648199556, 19.682030302738497 ], [ -101.248885258455743, 19.682191935287495 ], [ -101.24885307231942, 19.682242445026954 ], [ -101.249507532386204, 19.682666727757812 ], [ -101.248413190027421, 19.683666820575901 ], [ -101.248220070410298, 19.683717330665683 ], [ -101.247672900550342, 19.684182017585854 ], [ -101.247458323512987, 19.684050693198913 ], [ -101.247147187999502, 19.683858757503362 ], [ -101.246846779406454, 19.683697127626029 ], [ -101.246782407266465, 19.6836769238787 ], [ -101.246085032435062, 19.683939571776587 ], [ -101.245151624731292, 19.684343648782221 ], [ -101.245033606753012, 19.684262833781471 ], [ -101.244711741940336, 19.684111304450287 ], [ -101.244411334443569, 19.683939572041318 ], [ -101.24408946988197, 19.683777941970565 ], [ -101.24384270592779, 19.683575904209874 ] ] ], [ [ [ -101.110679433058053, 19.684643130013171 ], [ -101.110711619199364, 19.684415838701064 ], [ -101.110818908706875, 19.684223903622637 ], [ -101.110824273503269, 19.683850133317591 ], [ -101.111060307370579, 19.68401176479307 ], [ -101.111290976603925, 19.684092579158921 ], [ -101.111607477594617, 19.684284514825212 ], [ -101.111875698628353, 19.684264310551285 ], [ -101.111897156567167, 19.684395635933033 ], [ -101.112090274786667, 19.68439058410662 ], [ -101.112127825357945, 19.684734046719154 ], [ -101.112320945438327, 19.684693640830183 ], [ -101.113002227066275, 19.685335105334733 ], [ -101.11300222614679, 19.685668466042326 ], [ -101.11302904855728, 19.686067485991455 ], [ -101.113093420877817, 19.686441250624458 ], [ -101.113130971444235, 19.686885727299046 ], [ -101.113222167154461, 19.687577692777143 ], [ -101.113377735362889, 19.688451483384114 ], [ -101.113462963538268, 19.688598514911273 ], [ -101.112432996145941, 19.688679327905959 ], [ -101.1119609270186, 19.688709633773009 ], [ -101.111585417727298, 19.688739937415001 ], [ -101.110458889042278, 19.688810649060208 ], [ -101.110158481507582, 19.68882075076375 ], [ -101.110083983630446, 19.688284807547284 ], [ -101.109649464649166, 19.685335106413714 ], [ -101.10989622903088, 19.685294700003308 ], [ -101.109858677026608, 19.68504720387179 ], [ -101.109778211686361, 19.684754250508476 ], [ -101.110679433058053, 19.684643130013171 ] ] ], [ [ [ -101.311756084416984, 19.692789325059707 ], [ -101.311804424967917, 19.692386258657606 ], [ -101.311946817407446, 19.691198972104967 ], [ -101.312036008539906, 19.690523230232628 ], [ -101.312047025785219, 19.690408135562965 ], [ -101.312208929158786, 19.689147421279198 ], [ -101.312398773843128, 19.687728051322779 ], [ -101.312705101452934, 19.68772704407764 ], [ -101.312874646527362, 19.687725686539665 ], [ -101.31282612762044, 19.687620414197838 ], [ -101.312801142832441, 19.68736343207522 ], [ -101.312769020312516, 19.687274202646616 ], [ -101.312694067230439, 19.687224234185244 ], [ -101.312586072148505, 19.687177157129117 ], [ -101.313185693171448, 19.687149185486945 ], [ -101.313021534242566, 19.68722972777579 ], [ -101.312955423290646, 19.687286975969652 ], [ -101.312967244937525, 19.687452481018589 ], [ -101.312991771649507, 19.687608452680358 ], [ -101.313019242401865, 19.687682910527883 ], [ -101.313087388087069, 19.687723982830196 ], [ -101.313609908340311, 19.687715996402659 ], [ -101.314050462649618, 19.687709484760639 ], [ -101.314220788561343, 19.687706967414073 ], [ -101.314226737755092, 19.687819991795546 ], [ -101.314286223385281, 19.687897325011825 ], [ -101.314391463685979, 19.687974412255155 ], [ -101.315220162293869, 19.68858141974275 ], [ -101.315403976143884, 19.688606923243977 ], [ -101.315482201666171, 19.688934446333629 ], [ -101.315563023286202, 19.689146731540045 ], [ -101.315678507834633, 19.689416286671644 ], [ -101.316171743507226, 19.689940943806128 ], [ -101.31764202624268, 19.691306747981383 ], [ -101.317916016443817, 19.691919557924376 ], [ -101.318034210380119, 19.692203936362922 ], [ -101.318097502934904, 19.692455996308173 ], [ -101.316471071436538, 19.692496680421897 ], [ -101.315267813435938, 19.692561920844589 ], [ -101.315267318144564, 19.693019128132185 ], [ -101.315198500451118, 19.693174471563715 ], [ -101.315025076017164, 19.693122734537337 ], [ -101.31495421874817, 19.693123100043163 ], [ -101.314445448861619, 19.693236701084849 ], [ -101.312944065281641, 19.693581251292539 ], [ -101.312826327095522, 19.693609071692915 ], [ -101.311624536667708, 19.693886161947482 ], [ -101.311672209621605, 19.693488667499153 ], [ -101.311756084416984, 19.692789325059707 ] ] ], [ [ [ -101.331751334583089, 19.693912743895989 ], [ -101.331300722738391, 19.69405416192161 ], [ -101.330978858100409, 19.693983451782906 ], [ -101.33013127836297, 19.693710718353792 ], [ -101.329938160841564, 19.693387476331917 ], [ -101.3293060688205, 19.693207137712221 ], [ -101.329230055838664, 19.693185450073692 ], [ -101.328826549382924, 19.693055482163111 ], [ -101.328822361181423, 19.693054133187264 ], [ -101.329026208415442, 19.692357141578942 ], [ -101.32904766671102, 19.692084404591654 ], [ -101.329058395268035, 19.691357102117905 ], [ -101.329165683822708, 19.691114667202314 ], [ -101.329112040044151, 19.690912638752515 ], [ -101.329069124951189, 19.690680304972407 ], [ -101.329895243983401, 19.689761067912407 ], [ -101.32989794169896, 19.689753810643598 ], [ -101.330045448627274, 19.689357007901666 ], [ -101.330184923599035, 19.689104468885009 ], [ -101.329829394976016, 19.6888482861096 ], [ -101.329567831931172, 19.688611486888334 ], [ -101.329550445615425, 19.688595745920658 ], [ -101.329539717197164, 19.68845432379549 ], [ -101.328917444161362, 19.688413917073074 ], [ -101.328713596677403, 19.688272494412509 ], [ -101.32825225662252, 19.688242189115847 ], [ -101.328180025377733, 19.68814247433976 ], [ -101.328346321359419, 19.690667862034015 ], [ -101.328169296361182, 19.690844639142 ], [ -101.32786352468321, 19.690637558214448 ], [ -101.327536294174877, 19.691036565642918 ], [ -101.327300261405256, 19.690834536662916 ], [ -101.327203700366709, 19.690915349598438 ], [ -101.326914021561279, 19.690728471995786 ], [ -101.326222013020882, 19.69159719492097 ], [ -101.325819680455567, 19.69131435597923 ], [ -101.325347612202236, 19.691935592223768 ], [ -101.324038694395497, 19.69106181998923 ], [ -101.32379193078016, 19.691374963116328 ], [ -101.323116013307271, 19.690925449388363 ], [ -101.323341319331902, 19.690582000104285 ], [ -101.322697590581555, 19.690147636568415 ], [ -101.322928259952121, 19.689844590221508 ], [ -101.321571061738226, 19.688970807261519 ], [ -101.321469138046183, 19.689112229184058 ], [ -101.319784710747854, 19.687051495507127 ], [ -101.319800804308656, 19.686632273150739 ], [ -101.322552749949992, 19.686425188230142 ], [ -101.322686860138546, 19.686399934143985 ], [ -101.323502253439443, 19.686253459517538 ], [ -101.326038913260746, 19.685630716184271 ], [ -101.326149705852046, 19.685596538186051 ], [ -101.32630814961189, 19.685297002077405 ], [ -101.326063303859627, 19.684470723330211 ], [ -101.326609560649175, 19.684108664019508 ], [ -101.326227659683155, 19.683721290680857 ], [ -101.32603636939497, 19.683343430794622 ], [ -101.325850859949043, 19.682976981058975 ], [ -101.325658139049139, 19.682596310624582 ], [ -101.325678847325179, 19.682544343346805 ], [ -101.325477068930311, 19.682163628885895 ], [ -101.325290519304986, 19.681775300665578 ], [ -101.325141992237903, 19.681400614366694 ], [ -101.324958864391093, 19.681052282026126 ], [ -101.324775357357794, 19.680696500221686 ], [ -101.324597037651728, 19.680342891118439 ], [ -101.324425921824371, 19.680005744620981 ], [ -101.324246448834117, 19.679657770784384 ], [ -101.324142711905012, 19.679459454349864 ], [ -101.324029681436627, 19.679243420655215 ], [ -101.323985377997673, 19.679157985274845 ], [ -101.323870512739518, 19.678926618446251 ], [ -101.32369008019495, 19.678572859908538 ], [ -101.323506384542981, 19.678217868687788 ], [ -101.323338319747791, 19.677875473566765 ], [ -101.32315679338646, 19.677521363689817 ], [ -101.322967962990859, 19.677165954109924 ], [ -101.322796028657905, 19.676815740363033 ], [ -101.32260475234898, 19.676451603238966 ], [ -101.322418522754404, 19.67609478579222 ], [ -101.322365509802211, 19.67599236962349 ], [ -101.322152650397001, 19.675574450673743 ], [ -101.322047069234827, 19.675823998467909 ], [ -101.321880772718615, 19.676228094243537 ], [ -101.321719839057167, 19.676627138981686 ], [ -101.321601821829859, 19.676920106142607 ], [ -101.321515990987862, 19.67696556743018 ], [ -101.32116194019612, 19.677197920660561 ], [ -101.320840074721801, 19.677410068324548 ], [ -101.319227945126244, 19.678374786080127 ], [ -101.319088470523013, 19.678470757325467 ], [ -101.318369637749583, 19.678935460348978 ], [ -101.317902933994361, 19.679238526074315 ], [ -101.317468415276494, 19.679506233621009 ], [ -101.317350399099283, 19.679576948325387 ], [ -101.316588651374971, 19.680021445138546 ], [ -101.316127310430602, 19.680279048238116 ], [ -101.315703522105167, 19.68052654995131 ], [ -101.315345138662252, 19.680741674592639 ], [ -101.315274369307062, 19.680784154695278 ], [ -101.31524841998862, 19.680884324513691 ], [ -101.315312793014485, 19.681005551126596 ], [ -101.315280606972934, 19.681106570034764 ], [ -101.315248419808057, 19.681167182241687 ], [ -101.315581015030986, 19.681884428435627 ], [ -101.315666843941685, 19.681884428495948 ], [ -101.315827777628854, 19.682147080881041 ], [ -101.316428592386998, 19.683187584716094 ], [ -101.316503693864959, 19.683662375951247 ], [ -101.316728999296359, 19.684248284785312 ], [ -101.316686084483791, 19.684490729683997 ], [ -101.317029406997094, 19.684824092202728 ], [ -101.31720106799041, 19.685056434129503 ], [ -101.317168881197119, 19.685339283864508 ], [ -101.316589525540707, 19.685874679955948 ], [ -101.316214014673761, 19.686228240226171 ], [ -101.316181828349784, 19.686309055513831 ], [ -101.316074540521043, 19.686349461813556 ], [ -101.315795591018215, 19.686389870031391 ], [ -101.315441538688958, 19.686435326892326 ], [ -101.315103581326284, 19.686581801450021 ], [ -101.31498556400291, 19.686778785396299 ], [ -101.314851454368508, 19.686783835557364 ], [ -101.314851453640713, 19.686288851160398 ], [ -101.314894368394135, 19.685026127502113 ], [ -101.314926555742232, 19.683642170980718 ], [ -101.314937284087293, 19.681914735494956 ], [ -101.314974834568105, 19.680884324946618 ], [ -101.314968596356991, 19.680784154553766 ], [ -101.31479157100118, 19.680410375247163 ], [ -101.314351688733367, 19.679516336402994 ], [ -101.314287315970375, 19.679390059868812 ], [ -101.314056646030906, 19.678900102770879 ], [ -101.313997637473008, 19.678804130522376 ], [ -101.313813859494729, 19.678474924618449 ], [ -101.313777696045477, 19.678410144258923 ], [ -101.313606035448942, 19.678091922664574 ], [ -101.313606033893734, 19.677864621444915 ], [ -101.313638220574617, 19.677657525378621 ], [ -101.313793790160346, 19.677339302828621 ], [ -101.313809883335722, 19.677046334598831 ], [ -101.313675772174747, 19.676687701374217 ], [ -101.3143043445247, 19.676818206975966 ], [ -101.314433089271901, 19.676272679558465 ], [ -101.31465839620887, 19.676318140735905 ], [ -101.315017810571575, 19.676388856807471 ], [ -101.315103641718451, 19.676045375761881 ], [ -101.315296761889599, 19.675146261533264 ], [ -101.315125099490004, 19.675110902300975 ], [ -101.315280668077563, 19.674398677967165 ], [ -101.315484516506544, 19.674277447041337 ], [ -101.315548888310431, 19.674282499535941 ], [ -101.315940491042497, 19.674358267090188 ], [ -101.316037050476936, 19.674368369467174 ], [ -101.316149704831773, 19.674353216385725 ], [ -101.316246263748837, 19.674297653000817 ], [ -101.316321365701469, 19.674307754354679 ], [ -101.316315999833847, 19.674348165534013 ], [ -101.3164662035649, 19.674388574059602 ], [ -101.316712967355883, 19.674671445306515 ], [ -101.31722027650649, 19.674345996619046 ], [ -101.317664338948774, 19.674061119044804 ], [ -101.317825271831012, 19.673722684684012 ], [ -101.317900374549936, 19.673722684110661 ], [ -101.318072034184354, 19.67331353015685 ], [ -101.318088128133255, 19.67327312015497 ], [ -101.318313433061704, 19.673217557135949 ], [ -101.318415358373784, 19.673131684195017 ], [ -101.318774772976852, 19.672914478892036 ], [ -101.318860604899044, 19.672838708715165 ], [ -101.319161012761427, 19.672828606631906 ], [ -101.319273665140841, 19.672773043096239 ], [ -101.319418503537676, 19.672848812001558 ], [ -101.319627717192006, 19.672838708662145 ], [ -101.3200729636376, 19.672858913711703 ], [ -101.320416285513247, 19.672853863009113 ], [ -101.320534302532565, 19.672899324873807 ], [ -101.320979549247227, 19.672894273520757 ], [ -101.321124388985311, 19.672808400937736 ], [ -101.321301414935206, 19.672767990753059 ], [ -101.321687651993585, 19.672747786623059 ], [ -101.32182712732714, 19.672838708979988 ], [ -101.322063162344037, 19.672813451996365 ], [ -101.321988060551902, 19.673182197653983 ], [ -101.322068526498484, 19.673237761682451 ], [ -101.322170450633365, 19.673369094170244 ], [ -101.322175814766567, 19.673475171973557 ], [ -101.322347475677546, 19.673409504516226 ], [ -101.322637153844283, 19.673338785992787 ], [ -101.322959019317054, 19.673369095344878 ], [ -101.323173597193914, 19.673419607031555 ], [ -101.323398902632846, 19.673561042161936 ], [ -101.323693945173929, 19.67389442742703 ], [ -101.323951436750846, 19.67406111976889 ], [ -101.324616624467836, 19.674061117767856 ], [ -101.324643447300133, 19.674222757850348 ], [ -101.324926489287037, 19.67417955006901 ], [ -101.32508190887161, 19.67410530998011 ], [ -101.326190533675714, 19.674061587255824 ], [ -101.326200705645306, 19.674061186645982 ], [ -101.327695172871756, 19.673983415879572 ], [ -101.327719225208938, 19.674320528944669 ], [ -101.327747778288327, 19.67469743594863 ], [ -101.327769025510875, 19.675051224638441 ], [ -101.32779505121222, 19.675432767992465 ], [ -101.327809244954082, 19.675625041200465 ], [ -101.327810676302988, 19.675786675175509 ], [ -101.32784607340237, 19.676154514279222 ], [ -101.327872586148231, 19.676520854998333 ], [ -101.327900260933674, 19.676892528006263 ], [ -101.327915489753849, 19.677248494793457 ], [ -101.327940236996298, 19.677612076674105 ], [ -101.327964983204083, 19.677985178048111 ], [ -101.327995439877299, 19.678339240796713 ], [ -101.328012572355618, 19.678710436316393 ], [ -101.328027801325916, 19.678917925451938 ], [ -101.328037319253369, 19.679015006583573 ], [ -101.328058496421605, 19.679231985368332 ], [ -101.328077699119291, 19.679444277311006 ], [ -101.328089795337533, 19.679626718102124 ], [ -101.328101197232243, 19.679798661324764 ], [ -101.328117161889764, 19.680166198162084 ], [ -101.328118037268126, 19.680177624584857 ], [ -101.32814450685234, 19.680523595612055 ], [ -101.328153245758799, 19.680791389914948 ], [ -101.328156597349931, 19.680894113451959 ], [ -101.328157147328866, 19.680905174121285 ], [ -101.328173869636515, 19.681240676493672 ], [ -101.32822386891624, 19.681995995957191 ], [ -101.328447479281422, 19.683664490965938 ], [ -101.328365859432438, 19.683667920761717 ], [ -101.328360140060056, 19.683873371350099 ], [ -101.328348230034536, 19.684037831270199 ], [ -101.328303339423854, 19.684137620535989 ], [ -101.328249350182389, 19.684226459793813 ], [ -101.328246149971136, 19.684295479564977 ], [ -101.328214059813945, 19.684331691182575 ], [ -101.327769939277076, 19.68447830981243 ], [ -101.327696280201991, 19.684500539760936 ], [ -101.327918849188876, 19.685195485772752 ], [ -101.328410695753277, 19.685086702883282 ], [ -101.329539715895478, 19.684848007387679 ], [ -101.330280006799256, 19.684645970523164 ], [ -101.330655516138236, 19.684565157031653 ], [ -101.331427992453811, 19.684383323463784 ], [ -101.332254112317287, 19.684201488761648 ], [ -101.332629621020473, 19.684110572797714 ], [ -101.333402097618901, 19.683918637087089 ], [ -101.333420104851015, 19.683988952006626 ], [ -101.333766878095958, 19.685342996598028 ], [ -101.333777606959629, 19.686040020094154 ], [ -101.333713233686922, 19.686454191570441 ], [ -101.333563029684683, 19.686757244811893 ], [ -101.334078013694864, 19.687171413528166 ], [ -101.33415311566398, 19.687070397512567 ], [ -101.334217489305956, 19.687110804744748 ], [ -101.334249675986641, 19.687242126949211 ], [ -101.334335506776469, 19.687565379166294 ], [ -101.33443206533714, 19.687646193382911 ], [ -101.334389151662791, 19.688009852218979 ], [ -101.334217489116909, 19.688918996846684 ], [ -101.333605945525179, 19.689030114403067 ], [ -101.333498658299675, 19.689141233184653 ], [ -101.333469969771087, 19.689149593228382 ], [ -101.332931504434228, 19.689306499208456 ], [ -101.332973546583744, 19.689388161848058 ], [ -101.332952963451746, 19.689508530981421 ], [ -101.332867132851362, 19.689589342104242 ], [ -101.332931504412713, 19.689821678415665 ], [ -101.332952963317169, 19.689882286541156 ], [ -101.333049523494054, 19.690134825909841 ], [ -101.333231912345781, 19.69048837755718 ], [ -101.3334575514194, 19.690759836270104 ], [ -101.333618150102296, 19.690953045457913 ], [ -101.333800540636389, 19.69108436402659 ], [ -101.333403573958236, 19.692296532536428 ], [ -101.33304952248136, 19.693225855386167 ], [ -101.332736379348177, 19.693165351328627 ], [ -101.332384334478661, 19.694064263182725 ], [ -101.332139363848128, 19.694005625347085 ], [ -101.331751334583089, 19.693912743895989 ] ] ], [ [ [ -101.107716798912051, 19.692518738830074 ], [ -101.106697558722885, 19.692559145482239 ], [ -101.106177210746509, 19.69257429654736 ], [ -101.106316684977585, 19.691463144633477 ], [ -101.10642933758632, 19.690554014062297 ], [ -101.10633277797271, 19.690513607745896 ], [ -101.106273770244186, 19.69031157767326 ], [ -101.106284497920086, 19.690190360770551 ], [ -101.106338142713255, 19.690119650405915 ], [ -101.106445431387996, 19.690109547780803 ], [ -101.106697558169955, 19.690124700306175 ], [ -101.106745838219197, 19.690028736383741 ], [ -101.106831669404286, 19.689912568226774 ], [ -101.106879949622297, 19.689771147108537 ], [ -101.107046246144577, 19.689301426289102 ], [ -101.107443213541515, 19.688523603903068 ], [ -101.107496856511645, 19.688427638894087 ], [ -101.107529044646881, 19.688336724082536 ], [ -101.107174992894485, 19.6881953020163 ], [ -101.107180356206328, 19.688084184068419 ], [ -101.107260822396739, 19.68797811646618 ], [ -101.107293008023674, 19.687745778894566 ], [ -101.107325195331455, 19.687543745490778 ], [ -101.10737347606927, 19.687417473908493 ], [ -101.107593416897302, 19.687336659790805 ], [ -101.107657789725607, 19.687265948967706 ], [ -101.107673882497224, 19.687124524996836 ], [ -101.107700705630492, 19.687023508107295 ], [ -101.107748985117738, 19.686962898046559 ], [ -101.107775806858101, 19.686902286602205 ], [ -101.107738256092915, 19.686836626700376 ], [ -101.107759713880398, 19.686760863336396 ], [ -101.10780262928337, 19.686730558374663 ], [ -101.107818722437486, 19.686659845800254 ], [ -101.107716798705596, 19.68660933836367 ], [ -101.107652425881696, 19.686518421974174 ], [ -101.107663153295846, 19.686417404550006 ], [ -101.107716797157252, 19.68635174375456 ], [ -101.107652425187894, 19.686210318803628 ], [ -101.107647061415548, 19.686134555126049 ], [ -101.107668517246495, 19.686043640695175 ], [ -101.107727528022636, 19.686013334566667 ], [ -101.108231782996583, 19.685927470245794 ], [ -101.108317065419911, 19.686389185512031 ], [ -101.108317613351574, 19.686392150450089 ], [ -101.108376621717113, 19.686770964477027 ], [ -101.108376913111229, 19.686772488737898 ], [ -101.10860192747414, 19.687947810650673 ], [ -101.108719944581125, 19.688745838095965 ], [ -101.108730673087294, 19.68882160088928 ], [ -101.108725309434448, 19.688882210239637 ], [ -101.109079361198894, 19.689003429619 ], [ -101.109245657549621, 19.689053937939029 ], [ -101.109411953527569, 19.689058987126092 ], [ -101.109599708317418, 19.689074140448671 ], [ -101.109690903798267, 19.689064038784334 ], [ -101.11121439763663, 19.688942820115944 ], [ -101.110967635965594, 19.689377186523867 ], [ -101.110731601048442, 19.689791351322427 ], [ -101.110500931199056, 19.690165107434712 ], [ -101.110270261985477, 19.69057421734556 ], [ -101.109690903597624, 19.69158941177113 ], [ -101.109991310995852, 19.691584360728211 ], [ -101.110120058216637, 19.691528804722196 ], [ -101.110275626274074, 19.691453043883396 ], [ -101.110436557742645, 19.691382333385086 ], [ -101.110458016419784, 19.691362129752374 ], [ -101.110527752390198, 19.691286370118132 ], [ -101.110795974869717, 19.691276268942904 ], [ -101.110688684724636, 19.691458093160534 ], [ -101.11061358438586, 19.691554056820674 ], [ -101.110511659975273, 19.691644968965459 ], [ -101.110447286976822, 19.691872252319062 ], [ -101.110404465914243, 19.692033518255911 ], [ -101.110404371720918, 19.692033874777525 ], [ -101.110431192970083, 19.692296509677959 ], [ -101.110538483077093, 19.69248338451883 ], [ -101.110479474049967, 19.692816729191023 ], [ -101.110318540642496, 19.693119769002166 ], [ -101.110232710687328, 19.693286441229027 ], [ -101.110221982005115, 19.693306642670969 ], [ -101.110198562386671, 19.693313257766366 ], [ -101.110168336405124, 19.693321795869629 ], [ -101.110039590601687, 19.693331896512582 ], [ -101.108650207231022, 19.693468263734854 ], [ -101.107593416358426, 19.693584429170897 ], [ -101.107716798912051, 19.692518738830074 ] ] ], [ [ [ -101.127464972463414, 19.729151259209939 ], [ -101.127113627112095, 19.729231379569757 ], [ -101.126896390088547, 19.729114568523368 ], [ -101.126461960965671, 19.727844445743916 ], [ -101.127997569338589, 19.727208118601578 ], [ -101.128161877083443, 19.727367138373364 ], [ -101.128283269651448, 19.727647349864796 ], [ -101.128650821354768, 19.72844501710734 ], [ -101.128694094507338, 19.729100802192619 ], [ -101.132360478339166, 19.727694053995823 ], [ -101.132582671091797, 19.728178995933305 ], [ -101.132752311929153, 19.728097722970354 ], [ -101.132828228206634, 19.728439767638896 ], [ -101.133046709822267, 19.729655829226388 ], [ -101.132917152837919, 19.729661049325735 ], [ -101.13007756361749, 19.729839994062534 ], [ -101.129881599547772, 19.729791366531718 ], [ -101.128966966802423, 19.729854485377622 ], [ -101.128604866501874, 19.729824188877746 ], [ -101.127851167401516, 19.72991507916559 ], [ -101.127464972463414, 19.729151259209939 ] ] ], [ [ [ -101.096770322581122, 19.729285397479984 ], [ -101.096518194140842, 19.729310644534774 ], [ -101.096271431204599, 19.729290446002132 ], [ -101.096030032772248, 19.729194505535368 ], [ -101.095895922417895, 19.729088465316032 ], [ -101.095525778066687, 19.729048070383538 ], [ -101.09558478611423, 19.729699457651307 ], [ -101.095504320317602, 19.729674209288781 ], [ -101.095327294099633, 19.729542921418876 ], [ -101.095155631757223, 19.729517675534826 ], [ -101.095010793844253, 19.729492426603297 ], [ -101.094924963356036, 19.729411635755465 ], [ -101.094919598557269, 19.729164208095238 ], [ -101.094873999850662, 19.728962227495042 ], [ -101.09479621594879, 19.728800643055774 ], [ -101.094493950029062, 19.728608602153074 ], [ -101.094219434086753, 19.728497434123245 ], [ -101.093470735299718, 19.727502066639591 ], [ -101.092163422322415, 19.725471916285422 ], [ -101.092273920225125, 19.725254361820053 ], [ -101.092226694247302, 19.72508183570072 ], [ -101.092057142227446, 19.724948867378213 ], [ -101.0917770468578, 19.724874817053067 ], [ -101.091452890094175, 19.72444898658685 ], [ -101.091732619887168, 19.724392645876595 ], [ -101.091474005659038, 19.723641181004695 ], [ -101.092491000612682, 19.723453690086973 ], [ -101.093178521413094, 19.72315445661064 ], [ -101.094059162789463, 19.722910768622643 ], [ -101.093987618836024, 19.723944654479126 ], [ -101.094302261174477, 19.723992470117089 ], [ -101.09425090990392, 19.724351356408835 ], [ -101.094212711278061, 19.724618314402775 ], [ -101.094793146765994, 19.724682489518099 ], [ -101.095600020583603, 19.724771696713194 ], [ -101.095925174877948, 19.724803888937007 ], [ -101.096206555643434, 19.725099293544773 ], [ -101.096726400840126, 19.725023549194297 ], [ -101.097809007573787, 19.724437788221032 ], [ -101.097849910861953, 19.724518583126347 ], [ -101.097899532057411, 19.724740767621977 ], [ -101.097934399954397, 19.725063945382168 ], [ -101.098047053938757, 19.725897136002647 ], [ -101.098336732930179, 19.725750696660533 ], [ -101.098991191009318, 19.725967830829973 ], [ -101.099126120182603, 19.725704181969508 ], [ -101.099201222427382, 19.724461968236916 ], [ -101.09935142483647, 19.723926703485738 ], [ -101.099587460049989, 19.723684318102308 ], [ -101.100038070583253, 19.723522727407421 ], [ -101.100585241165334, 19.722785470773122 ], [ -101.101003666116654, 19.721755323097199 ], [ -101.101143139884002, 19.72138164017921 ], [ -101.100939293675239, 19.720765568220617 ], [ -101.100971480044024, 19.719816205288204 ], [ -101.100853461709022, 19.719664711310731 ], [ -101.100939293636145, 19.719341522148579 ], [ -101.101014394371063, 19.718856738196404 ], [ -101.100735444752388, 19.718321453982171 ], [ -101.100703258510293, 19.71775586718876 ], [ -101.100574512699822, 19.717675070359213 ], [ -101.100123900328569, 19.717988161532769 ], [ -101.099598188636492, 19.718341652253873 ], [ -101.09946944144852, 19.718432550628844 ], [ -101.098933000310211, 19.718371950795881 ], [ -101.098761339192635, 19.718281054538178 ], [ -101.098482390102646, 19.717735668371098 ], [ -101.098203438744022, 19.7172912788803 ], [ -101.098074692485824, 19.717271077371272 ], [ -101.097967405967538, 19.717690219426636 ], [ -101.097881574380636, 19.717836665750362 ], [ -101.097495335993713, 19.718270954205313 ], [ -101.09694816602574, 19.718563846439384 ], [ -101.096427818078439, 19.718700192663608 ], [ -101.095896739487316, 19.718841588265512 ], [ -101.095478314671183, 19.719139528940836 ], [ -101.094963330712233, 19.719508167255903 ], [ -101.094759483108092, 19.719270824901873 ], [ -101.095542687753877, 19.718705242874442 ], [ -101.095800181032743, 19.718563846718364 ], [ -101.096808690364739, 19.718311353187655 ], [ -101.097291488797481, 19.718028560202061 ], [ -101.097656269774092, 19.717644770795086 ], [ -101.097827929403181, 19.717129681220815 ], [ -101.097913762148593, 19.716917585893174 ], [ -101.098031778853084, 19.716806486970768 ], [ -101.098203440282958, 19.716786287196872 ], [ -101.098450202713025, 19.71700848344949 ], [ -101.099061746013874, 19.717978061876561 ], [ -101.099458713910877, 19.718038660320268 ], [ -101.100756903291867, 19.717180181169166 ], [ -101.100907106371949, 19.71718017934294 ], [ -101.101025122864925, 19.717351876260608 ], [ -101.101089496730296, 19.717594271054267 ], [ -101.101143141604012, 19.718169958021072 ], [ -101.101497193284175, 19.718887037226128 ], [ -101.101658125925184, 19.719149628353001 ], [ -101.101604480028456, 19.719392021119567 ], [ -101.101346988043289, 19.719684911178142 ], [ -101.101550836408308, 19.720144444309135 ], [ -101.101808328318981, 19.720452481557558 ], [ -101.10213555781452, 19.720593875620796 ], [ -101.102393050305892, 19.720598925674945 ], [ -101.102612991672984, 19.720533278222089 ], [ -101.102999228280595, 19.720321186261323 ], [ -101.10337473948691, 19.720311087706072 ], [ -101.103659053345297, 19.72046762980289 ], [ -101.10383607773575, 19.720795867568665 ], [ -101.104061383386039, 19.720896861954621 ], [ -101.103610502310644, 19.720255831786254 ], [ -101.102827296466785, 19.719235768478622 ], [ -101.102752196357869, 19.718508590279395 ], [ -101.101947532797269, 19.718488390125877 ], [ -101.102473245372494, 19.71637753552081 ], [ -101.102365957618886, 19.715943241934422 ], [ -101.102205024044508, 19.715529145546299 ], [ -101.102054819952073, 19.715306948285175 ], [ -101.101711497975444, 19.71513524856336 ], [ -101.101196514097069, 19.714711051927878 ], [ -101.100230917948551, 19.714216153675149 ], [ -101.09971593401734, 19.713670752528408 ], [ -101.099318966759441, 19.713165751500348 ], [ -101.099115120302216, 19.712660747624358 ], [ -101.098503576622363, 19.712337544795233 ], [ -101.097398505968485, 19.711206328483517 ], [ -101.097216115055446, 19.710751821220832 ], [ -101.09642218121293, 19.709822599218725 ], [ -101.096261249036957, 19.709458988889097 ], [ -101.095797133817115, 19.707859166630744 ], [ -101.095807726170349, 19.707792520065027 ], [ -101.095813429393729, 19.707756630315057 ], [ -101.095736018616506, 19.707511051031048 ], [ -101.095604645591692, 19.707094319868563 ], [ -101.095591630180294, 19.707053031028234 ], [ -101.095600795343984, 19.706933842544249 ], [ -101.09561918015045, 19.706694749970552 ], [ -101.095636427999381, 19.706470608170729 ], [ -101.095646748968861, 19.706336490905457 ], [ -101.095574479428223, 19.705834049552266 ], [ -101.095309842762759, 19.705592364040175 ], [ -101.095298999438597, 19.70558246052159 ], [ -101.095214302239484, 19.704952521035118 ], [ -101.09508919809835, 19.704022050915977 ], [ -101.095083663695902, 19.703980886618481 ], [ -101.094893890958545, 19.70256942303245 ], [ -101.094884620400322, 19.702500460416314 ], [ -101.095029305493711, 19.702472508675164 ], [ -101.095223343752707, 19.702435021131745 ], [ -101.095324800109793, 19.702415419688471 ], [ -101.095767489745469, 19.702329879718082 ], [ -101.095866041114775, 19.702278588385948 ], [ -101.095934684212793, 19.702242863447328 ], [ -101.09600365952987, 19.702206964641871 ], [ -101.09600825916489, 19.702204570488398 ], [ -101.096197139357471, 19.70203441966045 ], [ -101.096233843180727, 19.701984686644636 ], [ -101.096864449416643, 19.701130230134837 ], [ -101.097645269104888, 19.700186658808313 ], [ -101.099479900881278, 19.69672202127375 ], [ -101.099308239763303, 19.695641202233659 ], [ -101.102494702421978, 19.694418957843464 ], [ -101.102752194860258, 19.694378551853845 ], [ -101.103567586106564, 19.693802781302562 ], [ -101.10420058756678, 19.69348963994193 ], [ -101.105262743781793, 19.692237075086201 ], [ -101.105766997963485, 19.692519913772568 ], [ -101.106260524103448, 19.69343913372138 ], [ -101.106335625993651, 19.694196729711944 ], [ -101.10807369757751, 19.694065414073943 ], [ -101.108202443961218, 19.694196729791731 ], [ -101.10858868223275, 19.694388652980457 ], [ -101.108781800829703, 19.694580577009951 ], [ -101.11110995836242, 19.695186648986937 ], [ -101.111088500475745, 19.695287660765505 ], [ -101.11195753748008, 19.695499786054423 ], [ -101.113341556600787, 19.696388686031678 ], [ -101.113448845246182, 19.696317978658993 ], [ -101.114339338923344, 19.696863437453292 ], [ -101.113717066081932, 19.697711925238377 ], [ -101.113438116259829, 19.698166471936894 ], [ -101.11316989501195, 19.698580611806232 ], [ -101.112869487602453, 19.699014952501916 ], [ -101.11261199543965, 19.699368485857601 ], [ -101.114124762299198, 19.69938868820142 ], [ -101.11484359390208, 19.699641211179951 ], [ -101.114854322119655, 19.699701815786362 ], [ -101.114993796768729, 19.699873531680691 ], [ -101.115165459231008, 19.699903833347843 ], [ -101.115680442115192, 19.699843227408458 ], [ -101.115755545507284, 19.699772522312134 ], [ -101.116206155992884, 19.699772522857916 ], [ -101.116624580513033, 19.699853329331425 ], [ -101.116914258673859, 19.699833128420444 ], [ -101.117182479038618, 19.699610907943061 ], [ -101.117729650894944, 19.699146265466716 ], [ -101.117912041447781, 19.698964448171218 ], [ -101.118437753262299, 19.6987220252418 ], [ -101.119038568836416, 19.698388692806969 ], [ -101.119714484445964, 19.698014955612653 ], [ -101.119864687959478, 19.697691724246155 ], [ -101.120519148374015, 19.697075559836957 ], [ -101.120765910247684, 19.69689373999735 ], [ -101.121001945349576, 19.697014953936787 ], [ -101.120883928528855, 19.697307883767589 ], [ -101.121195064691719, 19.697459399198021 ], [ -101.120626436506015, 19.698408895555385 ], [ -101.120562063694067, 19.698408895105047 ], [ -101.120390401207516, 19.698570511380058 ], [ -101.119800315848551, 19.699035154763635 ], [ -101.119371163043738, 19.699328082352761 ], [ -101.119027839400118, 19.69997454023154 ], [ -101.11872743161058, 19.700509886334753 ], [ -101.11856649956438, 19.700984624808012 ], [ -101.118276820844699, 19.701398758731997 ], [ -101.118437752983979, 19.701550270379521 ], [ -101.117922768645926, 19.702277524262993 ], [ -101.116967903993569, 19.703004777385821 ], [ -101.115862833266505, 19.703418905117015 ], [ -101.115294204562105, 19.703125985740279 ], [ -101.114339338194981, 19.703519912226103 ], [ -101.114446627474521, 19.703853232391825 ], [ -101.114350067612733, 19.703934038276746 ], [ -101.114360796638223, 19.704035043911983 ], [ -101.114521727942517, 19.70420675415766 ], [ -101.113588319418525, 19.705590532743862 ], [ -101.110391126753754, 19.7101155075738 ], [ -101.110187279042037, 19.710398313191639 ], [ -101.110208737202584, 19.710782121006723 ], [ -101.110251652565452, 19.710923523841391 ], [ -101.11047695719175, 19.711176028318349 ], [ -101.111957537549941, 19.711479033078621 ], [ -101.113051878489358, 19.711580035029797 ], [ -101.113330828182143, 19.711731537906246 ], [ -101.113781439254808, 19.712630448691684 ], [ -101.114274964511509, 19.713509152889532 ], [ -101.114510999061025, 19.713741453440559 ], [ -101.114650475242911, 19.714054553397741 ], [ -101.114983067332844, 19.714408053896918 ], [ -101.115519509497645, 19.715296848820294 ], [ -101.115648256136112, 19.71577154306522 ], [ -101.115819917815145, 19.716892626911662 ], [ -101.115905747380651, 19.718185398063916 ], [ -101.115905748376719, 19.71851868854149 ], [ -101.11602376524209, 19.720023538969336 ], [ -101.1160774096642, 19.720356827779483 ], [ -101.116034493795084, 19.72079110860145 ], [ -101.115943569437064, 19.721603830547433 ], [ -101.116603393729321, 19.721553332958834 ], [ -101.117129105959449, 19.722139104682867 ], [ -101.117118376660272, 19.722856165370043 ], [ -101.116281528372156, 19.724502366055699 ], [ -101.116860885932624, 19.724764948894435 ], [ -101.116935987673841, 19.72517902049994 ], [ -101.116732140159399, 19.725633487791114 ], [ -101.116678494742303, 19.725956663450699 ], [ -101.116657038253095, 19.726279840242128 ], [ -101.116667766708559, 19.726673708825903 ], [ -101.116850156093236, 19.727097874341396 ], [ -101.116822041609183, 19.727101182490632 ], [ -101.116506834014871, 19.727138271205153 ], [ -101.116356630321462, 19.72721906474224 ], [ -101.116667766240298, 19.727895707166585 ], [ -101.116345901909227, 19.728037094484588 ], [ -101.114650744194577, 19.728683436139356 ], [ -101.114532727384358, 19.728461257141461 ], [ -101.114307422332004, 19.727966400239691 ], [ -101.114178676709813, 19.727754319986282 ], [ -101.113974828641986, 19.727259461546385 ], [ -101.113888997890143, 19.727107972845076 ], [ -101.112493185754886, 19.727637452192031 ], [ -101.11245133478684, 19.72765332757093 ], [ -101.112333316788309, 19.727451345193746 ], [ -101.112204570020168, 19.727269559633214 ], [ -101.112022180659736, 19.727077676740773 ], [ -101.111904162871227, 19.726804998005093 ], [ -101.111027081691617, 19.727188766497065 ], [ -101.111265796934831, 19.727693725057556 ], [ -101.110748131992793, 19.727928529032479 ], [ -101.110933204110736, 19.728264325102923 ], [ -101.110246557535646, 19.728562246456914 ], [ -101.109820086234038, 19.728721307635094 ], [ -101.109694022061575, 19.728448631971659 ], [ -101.108969827359147, 19.728693535789414 ], [ -101.108782070994337, 19.728097688504011 ], [ -101.109425802252346, 19.727895707018089 ], [ -101.109160262630567, 19.727342779529881 ], [ -101.109806675426725, 19.727062526736653 ], [ -101.10925414038023, 19.726600489124056 ], [ -101.108956416065169, 19.726832769930013 ], [ -101.108728427521442, 19.726603013686212 ], [ -101.108599682245625, 19.726471725013937 ], [ -101.108191986138394, 19.726764602098882 ], [ -101.10738732359772, 19.727335204919665 ], [ -101.106829422989136, 19.72784521108693 ], [ -101.105896014539724, 19.727107973870908 ], [ -101.105499047977901, 19.726804998073877 ], [ -101.105466861997229, 19.726835294585545 ], [ -101.10546686101803, 19.726895890770479 ], [ -101.105595608145663, 19.727239261664007 ], [ -101.105638523331976, 19.727643229516506 ], [ -101.105488318751824, 19.728380464033563 ], [ -101.105499047104416, 19.729047003380899 ], [ -101.105584878861777, 19.72918838994908 ], [ -101.105466861517428, 19.729339874427609 ], [ -101.104807039360409, 19.729218685878124 ], [ -101.10478021611091, 19.728744030743332 ], [ -101.103889722440115, 19.729047002898138 ], [ -101.103305001155178, 19.727506890763291 ], [ -101.103224535341283, 19.727047378472513 ], [ -101.103213806452956, 19.726335384986633 ], [ -101.103283544033872, 19.726037457455604 ], [ -101.102865119522363, 19.726037457366786 ], [ -101.102130194089895, 19.726047556162317 ], [ -101.101432819341142, 19.726057656667507 ], [ -101.100595969341938, 19.726158648364237 ], [ -101.100435036941462, 19.726360632647339 ], [ -101.100091713884083, 19.726704005836794 ], [ -101.099705477328911, 19.72686559386614 ], [ -101.099351425064867, 19.726855493346637 ], [ -101.099119938311361, 19.726775767501589 ], [ -101.09892145332401, 19.727442312536123 ], [ -101.099039470554871, 19.727714990838827 ], [ -101.099114573221769, 19.727896773222593 ], [ -101.099193533489469, 19.728027728785431 ], [ -101.099227226511772, 19.728083607787319 ], [ -101.099282844614947, 19.728180836427736 ], [ -101.099339878224825, 19.728280540467072 ], [ -101.099398887372786, 19.728714801174217 ], [ -101.099516904008169, 19.72959846764822 ], [ -101.098959004655285, 19.730037773401659 ], [ -101.098824894155413, 19.729876189305411 ], [ -101.098637138995272, 19.72972470489751 ], [ -101.098411834229722, 19.729603516090354 ], [ -101.098202621626555, 19.72953787308191 ], [ -101.097859298928256, 19.729482328592521 ], [ -101.097548164099265, 19.729381338421931 ], [ -101.097183381873094, 19.72929549686512 ], [ -101.096770322581122, 19.729285397479984 ] ] ], [ [ [ -101.119034098594142, 19.733342069424651 ], [ -101.118430600266237, 19.733549094370126 ], [ -101.117931709752355, 19.732395306898656 ], [ -101.118578121821244, 19.732170606965127 ], [ -101.118615674074491, 19.73211253831105 ], [ -101.118457423593938, 19.731713634638151 ], [ -101.118623720099748, 19.731683336267995 ], [ -101.118741737118214, 19.731597496763072 ], [ -101.118800745790665, 19.731440963630714 ], [ -101.118811475094873, 19.731314726982276 ], [ -101.11889730509597, 19.73127433142843 ], [ -101.119095788634752, 19.731536902586672 ], [ -101.119508848881239, 19.731632841923922 ], [ -101.119701967631741, 19.731557101421519 ], [ -101.119803892663185, 19.731466211827119 ], [ -101.119884358301974, 19.731329876129831 ], [ -101.119900451383472, 19.731228886173579 ], [ -101.120560275640969, 19.731092551335557 ], [ -101.12085531774224, 19.732092340040545 ], [ -101.120903598118559, 19.73208224292442 ], [ -101.12095187849944, 19.732072143980382 ], [ -101.121718989342043, 19.731779276391816 ], [ -101.122217879342259, 19.732864902502904 ], [ -101.121665344364317, 19.733506174263841 ], [ -101.121563420880548, 19.733763692295568 ], [ -101.121429310746805, 19.733905076230069 ], [ -101.121295199316151, 19.73408685295923 ], [ -101.120593801781212, 19.734232022396839 ], [ -101.119894417378291, 19.734375297040476 ], [ -101.119500803694137, 19.734457980569033 ], [ -101.119138705017505, 19.733584440544668 ], [ -101.119034098594142, 19.733342069424651 ] ] ], [ [ [ -101.233154762505379, 19.735470693060439 ], [ -101.232987286570264, 19.736246788202774 ], [ -101.232584415315486, 19.736192951425497 ], [ -101.232603320900424, 19.736074107405074 ], [ -101.23223076347945, 19.736033853102825 ], [ -101.231865239065542, 19.735998078137722 ], [ -101.231972527613408, 19.735387111220799 ], [ -101.232069087604813, 19.734841781914284 ], [ -101.231921674285402, 19.734732763965791 ], [ -101.231918883420377, 19.734730697910869 ], [ -101.231993723683857, 19.734623004525172 ], [ -101.232145755433095, 19.734048262309031 ], [ -101.232506311665617, 19.734124545482807 ], [ -101.232880258168322, 19.734203659887239 ], [ -101.232948548025831, 19.733941853664586 ], [ -101.23294999550636, 19.733936044255831 ], [ -101.234070015175618, 19.734160120018956 ], [ -101.235805419562652, 19.73455856036772 ], [ -101.236205084442219, 19.734755028455162 ], [ -101.236041453090593, 19.735439671040858 ], [ -101.235986461809787, 19.735963767519468 ], [ -101.236039430530425, 19.737028651089776 ], [ -101.236036900091193, 19.737028593917067 ], [ -101.235997332819011, 19.737027694663169 ], [ -101.234362712027675, 19.736990522749991 ], [ -101.234457762054831, 19.736620534377508 ], [ -101.23368453074923, 19.736094711599414 ], [ -101.233796429750299, 19.73550829528476 ], [ -101.233154762505379, 19.735470693060439 ] ] ], [ [ [ -101.228273353391145, 19.738141641935314 ], [ -101.22841159924954, 19.737924249287765 ], [ -101.229290059439734, 19.738384218498702 ], [ -101.229420154688128, 19.738219418883361 ], [ -101.229642152814733, 19.737925597016233 ], [ -101.229852874650234, 19.737610136289682 ], [ -101.229682566268337, 19.737497763881233 ], [ -101.229768042330818, 19.736961389061026 ], [ -101.230151872576926, 19.736934562980132 ], [ -101.230241931870282, 19.736460221848006 ], [ -101.230621492049792, 19.736516105314166 ], [ -101.230507825376435, 19.737134204977881 ], [ -101.231315689739603, 19.737244197788094 ], [ -101.231769697105392, 19.737238927981867 ], [ -101.232131782674131, 19.737250356529294 ], [ -101.232546796552541, 19.737262050587816 ], [ -101.23295172120848, 19.737241668519811 ], [ -101.233337863444547, 19.737233947655451 ], [ -101.23349362574055, 19.737243166571599 ], [ -101.23360069019509, 19.737220290860805 ], [ -101.233746509420882, 19.737185058613175 ], [ -101.23387299677448, 19.737209679665707 ], [ -101.234412158346885, 19.737267468376 ], [ -101.235212181643874, 19.737189469974979 ], [ -101.235153886008987, 19.737422977054099 ], [ -101.235912139111605, 19.737690582987007 ], [ -101.235792394674178, 19.738007254326266 ], [ -101.235665607190711, 19.738342553087389 ], [ -101.235468673769716, 19.73886335341534 ], [ -101.23534247053054, 19.738900484559029 ], [ -101.234587288418112, 19.738814541258396 ], [ -101.234454311378514, 19.73910102618888 ], [ -101.233800214855791, 19.738887894614798 ], [ -101.233016330077064, 19.73867410491026 ], [ -101.232734497152833, 19.738745252082417 ], [ -101.232361145050447, 19.738754870657502 ], [ -101.231948980290852, 19.738764615971153 ], [ -101.231556650253808, 19.738726655985275 ], [ -101.231215461386356, 19.738602027511774 ], [ -101.23100656665703, 19.738453142549655 ], [ -101.230796116544369, 19.738303149147796 ], [ -101.230542468305316, 19.738588167541131 ], [ -101.230309096842021, 19.738850744805497 ], [ -101.230546347633137, 19.739051224890446 ], [ -101.230622173564583, 19.739167193232859 ], [ -101.230621662748717, 19.739257353310876 ], [ -101.231599392025259, 19.739788697319117 ], [ -101.232129481065883, 19.740069258464079 ], [ -101.232607637088634, 19.740322330607682 ], [ -101.233570808615184, 19.740832096096913 ], [ -101.233389480952084, 19.741155924893423 ], [ -101.233212633326744, 19.741471744425567 ], [ -101.232205255875328, 19.740921217876082 ], [ -101.231221940972148, 19.740409898532207 ], [ -101.230480251989363, 19.740029925088734 ], [ -101.230324459919132, 19.739813314654381 ], [ -101.230126537615675, 19.739594177040008 ], [ -101.229848581844522, 19.739361499695175 ], [ -101.228695775367328, 19.738670206469788 ], [ -101.228835568825701, 19.738453323300437 ], [ -101.228273353391145, 19.738141641935314 ] ] ], [ [ [ -101.119371642211192, 19.738577377671717 ], [ -101.119580855066587, 19.738612722468286 ], [ -101.11988662625474, 19.738673312738783 ], [ -101.119889303225122, 19.738682808453127 ], [ -101.11995636396739, 19.738920724161833 ], [ -101.119956363775017, 19.739198431311689 ], [ -101.11998318555051, 19.739819481929587 ], [ -101.120047559390585, 19.740248662440088 ], [ -101.120074381229543, 19.740607152615198 ], [ -101.120074142084363, 19.74060875361171 ], [ -101.120031465726214, 19.740894953934692 ], [ -101.119897355148908, 19.741238296318272 ], [ -101.119832983023827, 19.741399868488617 ], [ -101.119714964878426, 19.741460459460384 ], [ -101.118513336536978, 19.74117770659965 ], [ -101.118631352328691, 19.740834364236157 ], [ -101.118744005951172, 19.740475874990516 ], [ -101.118942488649949, 19.739900268882668 ], [ -101.119055141976602, 19.739556924461784 ], [ -101.119371642211192, 19.738577377671717 ] ] ], [ [ [ -101.188892049577348, 19.744738786365655 ], [ -101.189160962854714, 19.745787459739141 ], [ -101.189243320264978, 19.746108621469865 ], [ -101.189274443868726, 19.746229991482469 ], [ -101.188073223251209, 19.746986122557281 ], [ -101.187196660534951, 19.747556043187355 ], [ -101.186544603054003, 19.747959004229163 ], [ -101.186453298611411, 19.747980096341006 ], [ -101.186365900150037, 19.747983224143219 ], [ -101.18627861041557, 19.747968367243391 ], [ -101.186225596881911, 19.747939306433185 ], [ -101.186225941781061, 19.747881755354555 ], [ -101.186139673812661, 19.747580322929675 ], [ -101.186018890117396, 19.747158284568819 ], [ -101.185902202615381, 19.746750555691836 ], [ -101.185812732049385, 19.7464659122829 ], [ -101.186701093057692, 19.745934731283519 ], [ -101.188892049577348, 19.744738786365655 ] ] ], [ [ [ -101.188361412699493, 19.74704107162372 ], [ -101.188731557267332, 19.746829013766916 ], [ -101.189176804260498, 19.746561420229888 ], [ -101.18938601586116, 19.746394803727284 ], [ -101.190791494202927, 19.745334514380431 ], [ -101.191193825765751, 19.745122456106724 ], [ -101.191236740537335, 19.745107308482591 ], [ -101.191692715530806, 19.744910397319956 ], [ -101.191928751350247, 19.744799319149948 ], [ -101.191934115230112, 19.745455690793079 ], [ -101.191730268287102, 19.74555162204927 ], [ -101.191692716641839, 19.745607160884656 ], [ -101.191714173457456, 19.745970689723467 ], [ -101.191724903452297, 19.746399852215792 ], [ -101.191719537870384, 19.74682396594665 ], [ -101.191719538761021, 19.74723293109075 ], [ -101.191724903132325, 19.747667140957923 ], [ -101.191724902540528, 19.748096299503612 ], [ -101.191226012086346, 19.748096299398828 ], [ -101.190780764048114, 19.748096299643208 ], [ -101.19036234147741, 19.74809125049876 ], [ -101.189793712469054, 19.748101348283054 ], [ -101.188758379884092, 19.748116494916783 ], [ -101.18837750587592, 19.748126592219499 ], [ -101.188361412699493, 19.74704107162372 ] ] ], [ [ [ -101.150766088577669, 19.749817605877297 ], [ -101.151179148766786, 19.749908486240834 ], [ -101.151393726179649, 19.749999364838512 ], [ -101.151396088346161, 19.750001261434573 ], [ -101.15157611626114, 19.750145782489152 ], [ -101.151704862589668, 19.750211417029497 ], [ -101.152268127378107, 19.749868095045656 ], [ -101.151490285057704, 19.748610922207153 ], [ -101.151565387023368, 19.748550335794082 ], [ -101.151613667748776, 19.748398867958993 ], [ -101.15195699013158, 19.748328182320702 ], [ -101.152010633441847, 19.748388770079089 ], [ -101.153544858639307, 19.748429161656428 ], [ -101.153555587460772, 19.748590726499078 ], [ -101.153577044644138, 19.750080146496977 ], [ -101.153287365205259, 19.750075097984151 ], [ -101.153003267822157, 19.750056970003957 ], [ -101.152970865769177, 19.750054902740249 ], [ -101.15262001419535, 19.750246664895283 ], [ -101.153157834361579, 19.751092954625662 ], [ -101.153357104058671, 19.751397893894449 ], [ -101.153550221947071, 19.751726066069136 ], [ -101.154022291252488, 19.752518727467734 ], [ -101.154199317223302, 19.752973116415493 ], [ -101.154349520231762, 19.753397212653898 ], [ -101.154376342846135, 19.753472943678585 ], [ -101.154365614033622, 19.7538162588448 ], [ -101.154322697756086, 19.754083842102514 ], [ -101.153206900358171, 19.753912184002591 ], [ -101.153228357576424, 19.753705185825989 ], [ -101.152944041904377, 19.753402260760396 ], [ -101.151661947578717, 19.753210408942969 ], [ -101.151683404660403, 19.752952920894764 ], [ -101.151694132963513, 19.752554067680798 ], [ -101.151704862186307, 19.752256189567454 ], [ -101.15171022578663, 19.751857335597069 ], [ -101.151709336317978, 19.751854755715353 ], [ -101.151581479994817, 19.751483722608533 ], [ -101.151425913167458, 19.751377698151121 ], [ -101.151098683201951, 19.751256525659702 ], [ -101.15068208022474, 19.751130855364774 ], [ -101.150680259097641, 19.751130305884384 ], [ -101.150766088577669, 19.749817605877297 ] ] ], [ [ [ -101.221277370805183, 19.753661244347114 ], [ -101.221145110283743, 19.75359274059349 ], [ -101.220746109463718, 19.753386079797661 ], [ -101.220401475179102, 19.753207576655498 ], [ -101.21951714719502, 19.752749532886298 ], [ -101.219138093365487, 19.752553196950316 ], [ -101.218601434901132, 19.752270712211974 ], [ -101.21861953834896, 19.752669899890563 ], [ -101.21870268625463, 19.754545511022702 ], [ -101.218740445748935, 19.755203716887937 ], [ -101.218775786011051, 19.755819746083748 ], [ -101.218810787225294, 19.756429869117849 ], [ -101.218826068860821, 19.756696250868224 ], [ -101.218414487316451, 19.756681324929158 ], [ -101.21802695517836, 19.756667269747581 ], [ -101.217434001431627, 19.756645762821719 ], [ -101.21736426301203, 19.754987272872807 ], [ -101.217324031554469, 19.754431914077315 ], [ -101.217319245888064, 19.754341760577958 ], [ -101.217170630825322, 19.751534100414315 ], [ -101.21705285399949, 19.751473093654049 ], [ -101.216605329554184, 19.751241281803136 ], [ -101.216069778916136, 19.750963869614431 ], [ -101.215657254242643, 19.750750182486534 ], [ -101.216298743220378, 19.749716668637021 ], [ -101.21749395296284, 19.749980293874401 ], [ -101.218209319101163, 19.750136501560196 ], [ -101.218533389713002, 19.749577239598057 ], [ -101.218762810770357, 19.749189863352946 ], [ -101.219003113437793, 19.748813657360078 ], [ -101.219283225570109, 19.748358763887719 ], [ -101.219454228279432, 19.748090612803487 ], [ -101.218695937159211, 19.747680832612566 ], [ -101.218442133598288, 19.747985030785973 ], [ -101.218374408250185, 19.747886576548733 ], [ -101.218002922268028, 19.748113779437844 ], [ -101.218166537069408, 19.748447006160912 ], [ -101.217664812526834, 19.74836407042319 ], [ -101.217104381204734, 19.748275344504442 ], [ -101.217391673021382, 19.747792741852134 ], [ -101.217619789476586, 19.747409542202671 ], [ -101.217879551920163, 19.746973180082076 ], [ -101.217951960413558, 19.746851543012234 ], [ -101.218518713639284, 19.747110113576312 ], [ -101.21935743645524, 19.747492759268489 ], [ -101.220232057685976, 19.745973945683634 ], [ -101.221076858675417, 19.744496913719033 ], [ -101.221397788845593, 19.744708165381414 ], [ -101.221571746458011, 19.744935430037753 ], [ -101.221732343074791, 19.745196198072755 ], [ -101.22073171065945, 19.746687474565991 ], [ -101.221129786412718, 19.747112390580206 ], [ -101.221254304605836, 19.747244579942265 ], [ -101.22152239479388, 19.747421455060437 ], [ -101.222179121355865, 19.74785628424403 ], [ -101.221825069660767, 19.748527789308412 ], [ -101.22176464097997, 19.74863254521841 ], [ -101.221283148041223, 19.749420936864883 ], [ -101.220555143077362, 19.75067230995996 ], [ -101.221020548986928, 19.750893502681368 ], [ -101.220492623613325, 19.75196869256089 ], [ -101.220390334036566, 19.752105530995216 ], [ -101.221299955681403, 19.752308391434415 ], [ -101.221427420443462, 19.752257449038382 ], [ -101.221924237521478, 19.751341508922124 ], [ -101.22236157570822, 19.750602769720555 ], [ -101.222709147688491, 19.750797983105411 ], [ -101.22229590056665, 19.751542740117323 ], [ -101.221956096443819, 19.752155132179062 ], [ -101.222029051274475, 19.752153348898272 ], [ -101.222257786338659, 19.75214948787567 ], [ -101.222714881715063, 19.752026282363378 ], [ -101.22285711662505, 19.752030841404803 ], [ -101.223001744416564, 19.752074268017122 ], [ -101.223325184327237, 19.75226561694026 ], [ -101.223469165301822, 19.752333499031007 ], [ -101.223686523358694, 19.752375012045746 ], [ -101.223842090639252, 19.752728425756942 ], [ -101.224218994037003, 19.752801766553159 ], [ -101.22529441442002, 19.753307101118526 ], [ -101.225570419537434, 19.752569364998035 ], [ -101.226159799308746, 19.752805882218155 ], [ -101.226525922412819, 19.752947425490678 ], [ -101.22843320533083, 19.75371727701852 ], [ -101.22839536434627, 19.753926052520828 ], [ -101.228325627459938, 19.754259268578554 ], [ -101.228143237291604, 19.754506657180535 ], [ -101.227848193705839, 19.75473889755834 ], [ -101.227585339199052, 19.755051916542261 ], [ -101.22741904061948, 19.755400276296719 ], [ -101.227327846888997, 19.755990973030176 ], [ -101.227294516901438, 19.756557956352403 ], [ -101.227392408488484, 19.756661254295217 ], [ -101.227384937466837, 19.756734301459527 ], [ -101.227305243985711, 19.756795243175667 ], [ -101.226827810648246, 19.757027479784291 ], [ -101.226581049012765, 19.757148648282236 ], [ -101.226597140860534, 19.75722942536375 ], [ -101.226500582334324, 19.757348068723051 ], [ -101.226363789491444, 19.757476808007858 ], [ -101.226111661872991, 19.757681277181636 ], [ -101.225859533882812, 19.757855454320016 ], [ -101.225615452507569, 19.757961475629681 ], [ -101.225556444964141, 19.757981669926053 ], [ -101.225670438165935, 19.757413700888591 ], [ -101.225816618747075, 19.756724561515295 ], [ -101.225855511711828, 19.756477177801294 ], [ -101.225918801706527, 19.756018680581953 ], [ -101.225249141947643, 19.755628877481715 ], [ -101.22374784375404, 19.75488780953809 ], [ -101.223382298585221, 19.754704055078285 ], [ -101.222485971060053, 19.754280664678575 ], [ -101.222548432307278, 19.755156632866598 ], [ -101.222610456644929, 19.756498648318637 ], [ -101.222651915098041, 19.757415782598123 ], [ -101.222712567358556, 19.758611205371839 ], [ -101.222762869608886, 19.759182222931489 ], [ -101.222880556775053, 19.75995131654803 ], [ -101.222620428368273, 19.760034566158225 ], [ -101.222241011852432, 19.760199053700621 ], [ -101.221839410461783, 19.760320541012522 ], [ -101.221608652566488, 19.760402986319967 ], [ -101.221524130265905, 19.759256707775695 ], [ -101.221495780541886, 19.758410073161897 ], [ -101.221446926609033, 19.757373072548074 ], [ -101.221419127086833, 19.756538489414776 ], [ -101.221343931200437, 19.75519653073011 ], [ -101.221277370805183, 19.753661244347114 ] ] ], [ [ [ -101.21908142564881, 19.760216721497073 ], [ -101.219070705305285, 19.759812598494573 ], [ -101.219062194625849, 19.759574909325401 ], [ -101.219050345617958, 19.759212745234393 ], [ -101.219037265603902, 19.758844580396403 ], [ -101.219023037355399, 19.758456026194949 ], [ -101.219003893962565, 19.758041068704898 ], [ -101.219869044651915, 19.758013153064613 ], [ -101.220627406914005, 19.758017427334892 ], [ -101.220780214395916, 19.760644581490961 ], [ -101.220523147748978, 19.760642124238583 ], [ -101.219085397975121, 19.760649107681306 ], [ -101.21908142564881, 19.760216721497073 ] ] ], [ [ [ -101.107281170000533, 19.757447140616627 ], [ -101.107300430184992, 19.757376541246927 ], [ -101.10753731832034, 19.756649850363793 ], [ -101.107543702102902, 19.756630271104001 ], [ -101.107552041894294, 19.756604687068947 ], [ -101.10786150875883, 19.755655340610968 ], [ -101.107875089612833, 19.755617383265143 ], [ -101.1078939639129, 19.75556463297778 ], [ -101.107906425165183, 19.75552981041751 ], [ -101.107909446376922, 19.755521366609099 ], [ -101.108054346469345, 19.755530654277155 ], [ -101.108117445511297, 19.755564598486284 ], [ -101.107763269131823, 19.75665601581052 ], [ -101.107769398490746, 19.756721187100315 ], [ -101.108219694446817, 19.756805748426522 ], [ -101.108288377615793, 19.756844875315476 ], [ -101.108360969545402, 19.756899017897076 ], [ -101.108443416331781, 19.757267761006641 ], [ -101.108531963018379, 19.757240865254371 ], [ -101.10890489186832, 19.757245881794642 ], [ -101.108891882685327, 19.757701168243234 ], [ -101.108515055122339, 19.757636547551449 ], [ -101.108461288358257, 19.757990803463585 ], [ -101.109011328573317, 19.757998946579672 ], [ -101.108688585784222, 19.759409646747269 ], [ -101.109158623568121, 19.759515399567459 ], [ -101.109651712302593, 19.759626337477908 ], [ -101.109462923986285, 19.760418021523947 ], [ -101.109398207996435, 19.760782863964128 ], [ -101.109047610988625, 19.761102167323614 ], [ -101.108821625428561, 19.761451972963208 ], [ -101.108659452305375, 19.761804921859373 ], [ -101.108605003136759, 19.762185350630059 ], [ -101.108603466948068, 19.762629326765797 ], [ -101.107766660147334, 19.762569669785282 ], [ -101.107637599610769, 19.762550924033508 ], [ -101.107470594230861, 19.762524761842137 ], [ -101.107091079992188, 19.76244195108017 ], [ -101.106260219840848, 19.762127816666514 ], [ -101.106001060415437, 19.76202983037922 ], [ -101.106249599938181, 19.760958630155542 ], [ -101.106543138766824, 19.759829709975758 ], [ -101.106625819911542, 19.759511680778154 ], [ -101.106647058655014, 19.759452710534784 ], [ -101.107093749718871, 19.758039921009644 ], [ -101.107166053334055, 19.757811236262981 ], [ -101.107178051105095, 19.757773291315331 ], [ -101.107281170000533, 19.757447140616627 ] ] ], [ [ [ -101.108753830196946, 19.762666539689526 ], [ -101.110515538968016, 19.762798090796615 ], [ -101.110954879557113, 19.762830910988729 ], [ -101.111309769177453, 19.762857401256841 ], [ -101.111636019204624, 19.762881750535165 ], [ -101.111708710364866, 19.762887179832724 ], [ -101.112062229916063, 19.762913580545575 ], [ -101.112770850263814, 19.762966490267925 ], [ -101.112984219980873, 19.762982420782279 ], [ -101.113631087943389, 19.763028518943745 ], [ -101.114005879163898, 19.76305868128545 ], [ -101.114296180137856, 19.763089661132053 ], [ -101.114714199979119, 19.763134260613857 ], [ -101.115126879680247, 19.763178311131902 ], [ -101.115351438949745, 19.763206979853319 ], [ -101.115708120031044, 19.763240320456298 ], [ -101.116160979747221, 19.763288650445872 ], [ -101.116593888951243, 19.763334830710843 ], [ -101.117010878941869, 19.7633793199665 ], [ -101.117893680055204, 19.763473509856034 ], [ -101.118686659721348, 19.763558110413335 ], [ -101.120159078731675, 19.763688580317989 ], [ -101.122640478891896, 19.763912310970973 ], [ -101.123471619483809, 19.763987309866582 ], [ -101.123876659468252, 19.764023860295776 ], [ -101.124254509103679, 19.764057950336205 ], [ -101.124684689445957, 19.764100219791104 ], [ -101.125464108977866, 19.764190169997686 ], [ -101.125884219569997, 19.764236451045871 ], [ -101.126245019732394, 19.764281819669144 ], [ -101.126621991582837, 19.764326060722812 ], [ -101.127025199319789, 19.764373290710648 ], [ -101.127526849379194, 19.764431000251808 ], [ -101.128532820204384, 19.764563971188981 ], [ -101.128074448766938, 19.764882431309648 ], [ -101.127547648605201, 19.765166799834947 ], [ -101.127164689441329, 19.765373520079436 ], [ -101.127082419117144, 19.765390079980829 ], [ -101.12672294955722, 19.765462421350332 ], [ -101.126699478742879, 19.76546715133529 ], [ -101.126632568587169, 19.765482200739328 ], [ -101.126468350157026, 19.765507751951031 ], [ -101.126416555933872, 19.765515813455849 ], [ -101.126350798728026, 19.765526051230335 ], [ -101.125971420179923, 19.765585090439561 ], [ -101.124839618871803, 19.765761251071321 ], [ -101.124800909714949, 19.765767261321002 ], [ -101.124680289270486, 19.765786031010268 ], [ -101.124474850204734, 19.76584409013341 ], [ -101.12415277924859, 19.765935091249638 ], [ -101.123769089655099, 19.766043490703844 ], [ -101.123712420350131, 19.766074651338634 ], [ -101.12298291915252, 19.766475479718935 ], [ -101.122800539324331, 19.766575690346951 ], [ -101.121959508814072, 19.767127199851029 ], [ -101.121743079023332, 19.76726911074136 ], [ -101.120577859836843, 19.767663819581493 ], [ -101.120414459371261, 19.7677191699076 ], [ -101.120389820409002, 19.767737420355633 ], [ -101.120193219810986, 19.767808650923048 ], [ -101.119642720224888, 19.768008089646099 ], [ -101.118069148858567, 19.76857823060508 ], [ -101.117740199139888, 19.768702749670574 ], [ -101.117419738831614, 19.768824060066144 ], [ -101.117290518796793, 19.768865550504579 ], [ -101.117258229117098, 19.768875919561239 ], [ -101.116926260132345, 19.768982489833718 ], [ -101.116574970119402, 19.769095260383811 ], [ -101.116562319405304, 19.769099319583489 ], [ -101.116507220048106, 19.769115049781981 ], [ -101.116185370024823, 19.769206851345654 ], [ -101.115783448708811, 19.769321490890366 ], [ -101.115376370125006, 19.7694376001932 ], [ -101.115042419368876, 19.769532850798804 ], [ -101.114798848737209, 19.769602320977107 ], [ -101.114647749128153, 19.769651350924534 ], [ -101.114264849141563, 19.769775630699794 ], [ -101.113881819894274, 19.769899950463373 ], [ -101.113819709562833, 19.769920110644325 ], [ -101.113380619318079, 19.770062619855238 ], [ -101.113226739211953, 19.769907180366584 ], [ -101.113178858984355, 19.769858850635043 ], [ -101.113125458974338, 19.769801049805583 ], [ -101.112988309457521, 19.769652599970055 ], [ -101.112884280072763, 19.76953999993718 ], [ -101.112601338854546, 19.769233740925131 ], [ -101.112263378963334, 19.768920751164526 ], [ -101.11192604885386, 19.768675650277984 ], [ -101.111542908691035, 19.768318740636616 ], [ -101.110932179010959, 19.767749800368751 ], [ -101.110766488646377, 19.767595460411393 ], [ -101.110355399294789, 19.767212467841247 ], [ -101.110122430086335, 19.766995420470096 ], [ -101.109496110315575, 19.766411950796709 ], [ -101.1093801788398, 19.766303950067499 ], [ -101.10934003029756, 19.766266550013871 ], [ -101.109554319052094, 19.766108630930177 ], [ -101.10958631979112, 19.765956911008228 ], [ -101.109602920093849, 19.765878179635624 ], [ -101.109608459819285, 19.765655059634913 ], [ -101.109605919689642, 19.765444430644578 ], [ -101.109538780107414, 19.765325710189828 ], [ -101.109303398595657, 19.765120111284098 ], [ -101.10923744978551, 19.765016370632878 ], [ -101.109154379075591, 19.764626400144529 ], [ -101.109075648589112, 19.76425671037838 ], [ -101.109017540002554, 19.763983920113187 ], [ -101.108992368577077, 19.763866680860442 ], [ -101.108901480008569, 19.763443379961132 ], [ -101.108822658962382, 19.763076320190631 ], [ -101.108753830196946, 19.762666539689526 ] ] ] ] } }
]
}
